period,year,month,quarter,countryId,countryCode,countryName,continentId,continentName,value,quantity
2021-01,2021,1,1,325,NL,เนเธอร์แลนด์,1B,ทวีปยุโรป,29235587.0,333357.0
2021-01,2021,1,1,315,DE,เยอรมนี,1B,ทวีปยุโรป,20530433.0,340894.0
2021-01,2021,1,1,320,GB,สหราชอาณาจักร,1B,ทวีปยุโรป,17903481.0,345865.0
2021-01,2021,1,1,306,KR,เกาหลีใต้,1A,ทวีปเอเชีย,13711013.0,278934.0
2021-01,2021,1,1,269,LA,สปป. ลาว,1A,ทวีปเอเชีย,13482345.0,508295.0
2021-01,2021,1,1,327,SE,สวีเดน,1B,ทวีปยุโรป,13191469.0,320630.0
2021-01,2021,1,1,373,US,สหรัฐอเมริกา,1C,ทวีปอเมริกาเหนือ,12686353.0,228969.0
2021-01,2021,1,1,273,SG,สิงคโปร์,1A,ทวีปเอเชีย,8254014.0,151509.0
2021-01,2021,1,1,345,RU,รัสเซีย,1B,ทวีปยุโรป,7802168.0,152748.0
2021-01,2021,1,1,268,KH,กัมพูชา,1A,ทวีปเอเชีย,7467451.0,229126.0
2021-01,2021,1,1,371,CA,แคนาดา,1C,ทวีปอเมริกาเหนือ,7368953.0,160599.0
2021-01,2021,1,1,319,FR,ฝรั่งเศส,1B,ทวีปยุโรป,7091476.0,117966.0
2021-01,2021,1,1,304,JP,ญี่ปุ่น,1A,ทวีปเอเชีย,6726133.0,110991.0
2021-01,2021,1,1,288,IL,อิสราเอล,1A,ทวีปเอเชีย,6725191.0,195851.0
2021-01,2021,1,1,483,AU,ออสเตรเลีย,1F,ทวีปออสเตรเลีย,6081791.0,155223.0
2021-01,2021,1,1,343,PL,โปแลนด์,1B,ทวีปยุโรป,4704616.0,70826.0
2021-01,2021,1,1,366,NO,นอร์เวย์,1B,ทวีปยุโรป,4516326.0,64985.0
2021-01,2021,1,1,271,MY,มาเลเซีย,1A,ทวีปเอเชีย,4513526.0,82794.0
2021-01,2021,1,1,270,MM,เมียนมา,1A,ทวีปเอเชีย,4361847.0,107859.0
2021-01,2021,1,1,274,VN,เวียดนาม,1A,ทวีปเอเชีย,3972111.0,69576.0
2021-01,2021,1,1,316,DK,เดนมาร์ก,1B,ทวีปยุโรป,3677503.0,58927.0
2021-01,2021,1,1,272,PH,ฟิลิปปินส์,1A,ทวีปเอเชีย,3594610.0,54367.0
2021-01,2021,1,1,323,IT,อิตาลี,1B,ทวีปยุโรป,3481959.0,62850.0
2021-01,2021,1,1,298,TR,ตุรกี,1A,ทวีปเอเชีย,3459381.0,49668.0
2021-01,2021,1,1,302,CN,จีน,1A,ทวีปเอเชีย,3173413.0,55888.0
2021-01,2021,1,1,296,SA,ซาอุดีอาระเบีย,1A,ทวีปเอเชีย,2840551.0,61612.0
2021-01,2021,1,1,303,HK,ฮ่องกง,1A,ทวีปเอเชีย,2377180.0,41308.0
2021-01,2021,1,1,318,FI,ฟินแลนด์,1B,ทวีปยุโรป,1979444.0,42121.0
2021-01,2021,1,1,497,NZ,นิวซีแลนด์,1F,ทวีปออสเตรเลีย,1893881.0,18698.0
2021-01,2021,1,1,317,ES,สเปน,1B,ทวีปยุโรป,1800040.0,23146.0
2021-01,2021,1,1,279,IN,อินเดีย,1A,ทวีปเอเชีย,1592074.0,33666.0
2021-01,2021,1,1,309,TW,ไต้หวัน,1A,ทวีปเอเชีย,1496471.0,32974.0
2021-01,2021,1,1,321,GR,กรีซ,1B,ทวีปยุโรป,1443653.0,24821.0
2021-01,2021,1,1,365,MT,มอลตา,1B,ทวีปยุโรป,1369658.0,33160.0
2021-01,2021,1,1,266,BN,บรูไน,1A,ทวีปเอเชีย,1345435.0,22560.0
2021-01,2021,1,1,312,AT,ออสเตรีย,1B,ทวีปยุโรป,1336143.0,30736.0
2021-01,2021,1,1,478,ZA,แอฟริกาใต้,1E,ทวีปแอฟริกา,1239348.0,15661.0
2021-01,2021,1,1,409,BR,บราซิล,1D,ทวีปอเมริกาใต้,1192420.0,21120.0
2021-01,2021,1,1,292,KW,คูเวต,1A,ทวีปเอเชีย,1173373.0,11753.0
2021-01,2021,1,1,285,AE,สหรัฐอาหรับเอมิเรตส์,1A,ทวีปเอเชีย,1172981.0,18764.0
2021-01,2021,1,1,287,CY,ไซปรัส,1A,ทวีปเอเชีย,1136521.0,23833.0
2021-01,2021,1,1,437,EG,อียิปต์,1E,ทวีปแอฟริกา,1054103.0,21234.0
2021-01,2021,1,1,363,LV,ลัตเวีย,1B,ทวีปยุโรป,892069.0,17412.0
2021-01,2021,1,1,267,ID,อินโดนีเซีย,1A,ทวีปเอเชีย,817197.0,15221.0
2021-01,2021,1,1,277,BD,บังกลาเทศ,1A,ทวีปเอเชีย,811115.0,12882.0
2021-01,2021,1,1,389,HN,ฮอนดูรัส,1C,ทวีปอเมริกาเหนือ,501575.0,11306.0
2021-01,2021,1,1,420,SR,ซูรินาเม,1D,ทวีปอเมริกาใต้,412727.0,8834.0
2021-01,2021,1,1,463,RE,เรอูนียง,1E,ทวีปแอฟริกา,390392.0,4419.0
2021-01,2021,1,1,351,UA,ยูเครน,1B,ทวีปยุโรป,379538.0,9667.0
2021-01,2021,1,1,322,IE,ไอร์แลนด์,1B,ทวีปยุโรป,303276.0,4829.0
2021-01,2021,1,1,360,IS,ไอซ์แลนด์,1B,ทวีปยุโรป,289552.0,2747.0
2021-01,2021,1,1,486,FJ,ฟิจิ,1F,ทวีปออสเตรเลีย,239938.0,5750.0
2021-01,2021,1,1,377,BB,บาร์เบโดส,1C,ทวีปอเมริกาเหนือ,237972.0,4847.0
2021-01,2021,1,1,410,CL,ชิลี,1D,ทวีปอเมริกาใต้,235300.0,2686.0
2021-01,2021,1,1,447,KE,เคนยา,1E,ทวีปแอฟริกา,233545.0,3167.0
2021-01,2021,1,1,339,HU,ฮังการี,1B,ทวีปยุโรป,226120.0,2167.0
2021-01,2021,1,1,381,CR,คอสตาริกา,1C,ทวีปอเมริกาเหนือ,209759.0,3831.0
2021-01,2021,1,1,356,CH,สวิตเซอร์แลนด์,1B,ทวีปยุโรป,185227.0,2411.0
2021-01,2021,1,1,336,CZ,สาธารณรัฐเช็ก,1B,ทวีปยุโรป,180297.0,3944.0
2021-01,2021,1,1,286,BH,บาห์เรน,1A,ทวีปเอเชีย,158300.0,2324.0
2021-01,2021,1,1,283,PK,ปากีสถาน,1A,ทวีปเอเชีย,139104.0,1822.0
2021-01,2021,1,1,295,QA,กาตาร์,1A,ทวีปเอเชีย,128685.0,1265.0
2021-01,2021,1,1,475,TN,ตูนิเซีย,1E,ทวีปแอฟริกา,95379.0,1336.0
2021-01,2021,1,1,337,GE,จอร์เจีย,1A,ทวีปเอเชีย,88406.0,681.0
2021-01,2021,1,1,414,GF,เฟรนช์เกียนา,1D,ทวีปอเมริกาใต้,85936.0,1615.0
2021-01,2021,1,1,493,NC,นิวแคลีโดเนีย,1F,ทวีปออสเตรเลีย,67395.0,618.0
2021-01,2021,1,1,293,LB,เลบานอน,1A,ทวีปเอเชีย,65723.0,990.0
2021-01,2021,1,1,281,MV,มัลดีฟส์,1A,ทวีปเอเชีย,63479.0,1139.0
2021-01,2021,1,1,417,PE,เปรู,1D,ทวีปอเมริกาใต้,60297.0,719.0
2021-01,2021,1,1,352,UZ,อุซเบกิสถาน,1A,ทวีปเอเชีย,59686.0,910.0
2021-01,2021,1,1,502,SB,โซโลมอน,1F,ทวีปออสเตรเลีย,34032.0,324.0
2021-01,2021,1,1,492,MP,เกาะมาเรียนาเหนือ,1F,ทวีปออสเตรเลีย,30924.0,608.0
2021-01,2021,1,1,461,NG,ไนจีเรีย,1E,ทวีปแอฟริกา,23248.0,800.0
2021-01,2021,1,1,372,MX,เม็กซิโก,1C,ทวีปอเมริกาเหนือ,19374.0,384.0
2021-01,2021,1,1,282,NP,เนปาล,1A,ทวีปเอเชีย,15797.0,120.0
2021-01,2021,1,1,313,BE,เบลเยียม,1B,ทวีปยุโรป,58.0,2.0
2021-02,2021,2,1,315,DE,เยอรมนี,1B,ทวีปยุโรป,35717282.0,425587.0
2021-02,2021,2,1,325,NL,เนเธอร์แลนด์,1B,ทวีปยุโรป,20678691.0,316149.0
2021-02,2021,2,1,373,US,สหรัฐอเมริกา,1C,ทวีปอเมริกาเหนือ,25517784.0,466269.0
2021-02,2021,2,1,320,GB,สหราชอาณาจักร,1B,ทวีปยุโรป,19997759.0,362006.0
2021-02,2021,2,1,306,KR,เกาหลีใต้,1A,ทวีปเอเชีย,22060838.0,402871.0
2021-02,2021,2,1,327,SE,สวีเดน,1B,ทวีปยุโรป,16348633.0,340615.0
2021-02,2021,2,1,269,LA,สปป. ลาว,1A,ทวีปเอเชีย,11331907.0,461721.0
2021-02,2021,2,1,345,RU,รัสเซีย,1B,ทวีปยุโรป,16200755.0,362178.0
2021-02,2021,2,1,268,KH,กัมพูชา,1A,ทวีปเอเชีย,8960987.0,281364.0
2021-02,2021,2,1,319,FR,ฝรั่งเศส,1B,ทวีปยุโรป,8658774.0,162063.0
2021-02,2021,2,1,371,CA,แคนาดา,1C,ทวีปอเมริกาเหนือ,7069702.0,152887.0
2021-02,2021,2,1,273,SG,สิงคโปร์,1A,ทวีปเอเชีย,5100995.0,97590.0
2021-02,2021,2,1,483,AU,ออสเตรเลีย,1F,ทวีปออสเตรเลีย,7219506.0,141054.0
2021-02,2021,2,1,304,JP,ญี่ปุ่น,1A,ทวีปเอเชีย,4466420.0,82490.0
2021-02,2021,2,1,343,PL,โปแลนด์,1B,ทวีปยุโรป,4765386.0,76396.0
2021-02,2021,2,1,296,SA,ซาอุดีอาระเบีย,1A,ทวีปเอเชีย,6171128.0,111615.0
2021-02,2021,2,1,288,IL,อิสราเอล,1A,ทวีปเอเชีย,1856910.0,52391.0
2021-02,2021,2,1,316,DK,เดนมาร์ก,1B,ทวีปยุโรป,4683140.0,84471.0
2021-02,2021,2,1,270,MM,เมียนมา,1A,ทวีปเอเชีย,3373422.0,88865.0
2021-02,2021,2,1,272,PH,ฟิลิปปินส์,1A,ทวีปเอเชีย,3628808.0,52984.0
2021-02,2021,2,1,366,NO,นอร์เวย์,1B,ทวีปยุโรป,1335948.0,27200.0
2021-02,2021,2,1,302,CN,จีน,1A,ทวีปเอเชีย,2645054.0,34259.0
2021-02,2021,2,1,323,IT,อิตาลี,1B,ทวีปยุโรป,2054643.0,35911.0
2021-02,2021,2,1,271,MY,มาเลเซีย,1A,ทวีปเอเชีย,952950.0,17532.0
2021-02,2021,2,1,274,VN,เวียดนาม,1A,ทวีปเอเชีย,1265957.0,22365.0
2021-02,2021,2,1,303,HK,ฮ่องกง,1A,ทวีปเอเชีย,2694721.0,43042.0
2021-02,2021,2,1,298,TR,ตุรกี,1A,ทวีปเอเชีย,1550406.0,24318.0
2021-02,2021,2,1,497,NZ,นิวซีแลนด์,1F,ทวีปออสเตรเลีย,2388104.0,34159.0
2021-02,2021,2,1,279,IN,อินเดีย,1A,ทวีปเอเชีย,2380458.0,41860.0
2021-02,2021,2,1,317,ES,สเปน,1B,ทวีปยุโรป,1867425.0,38981.0
2021-02,2021,2,1,309,TW,ไต้หวัน,1A,ทวีปเอเชีย,1468159.0,34196.0
2021-02,2021,2,1,318,FI,ฟินแลนด์,1B,ทวีปยุโรป,219298.0,2174.0
2021-02,2021,2,1,285,AE,สหรัฐอาหรับเอมิเรตส์,1A,ทวีปเอเชีย,979929.0,15084.0
2021-02,2021,2,1,365,MT,มอลตา,1B,ทวีปยุโรป,747664.0,19799.0
2021-02,2021,2,1,321,GR,กรีซ,1B,ทวีปยุโรป,647575.0,11539.0
2021-02,2021,2,1,266,BN,บรูไน,1A,ทวีปเอเชีย,727656.0,15212.0
2021-02,2021,2,1,478,ZA,แอฟริกาใต้,1E,ทวีปแอฟริกา,554919.0,9001.0
2021-02,2021,2,1,292,KW,คูเวต,1A,ทวีปเอเชีย,605119.0,11319.0
2021-02,2021,2,1,437,EG,อียิปต์,1E,ทวีปแอฟริกา,531506.0,8052.0
2021-02,2021,2,1,312,AT,ออสเตรีย,1B,ทวีปยุโรป,237578.0,4131.0
2021-02,2021,2,1,277,BD,บังกลาเทศ,1A,ทวีปเอเชีย,735488.0,7585.0
2021-02,2021,2,1,287,CY,ไซปรัส,1A,ทวีปเอเชีย,317561.0,6009.0
2021-02,2021,2,1,336,CZ,สาธารณรัฐเช็ก,1B,ทวีปยุโรป,1133689.0,27456.0
2021-02,2021,2,1,409,BR,บราซิล,1D,ทวีปอเมริกาใต้,89552.0,831.0
2021-02,2021,2,1,267,ID,อินโดนีเซีย,1A,ทวีปเอเชีย,168034.0,1611.0
2021-02,2021,2,1,363,LV,ลัตเวีย,1B,ทวีปยุโรป,57499.0,429.0
2021-02,2021,2,1,356,CH,สวิตเซอร์แลนด์,1B,ทวีปยุโรป,718546.0,17036.0
2021-02,2021,2,1,291,JO,จอร์แดน,1A,ทวีปเอเชีย,812777.0,12750.0
2021-02,2021,2,1,351,UA,ยูเครน,1B,ทวีปยุโรป,300097.0,6054.0
2021-02,2021,2,1,294,OM,โอมาน,1A,ทวีปเอเชีย,671181.0,5862.0
2021-02,2021,2,1,452,MA,โมร็อกโก,1E,ทวีปแอฟริกา,525500.0,3870.0
2021-02,2021,2,1,337,GE,จอร์เจีย,1A,ทวีปเอเชีย,415088.0,10256.0
2021-02,2021,2,1,389,HN,ฮอนดูรัส,1C,ทวีปอเมริกาเหนือ,0.0,0.0
2021-02,2021,2,1,410,CL,ชิลี,1D,ทวีปอเมริกาใต้,243329.0,3230.0
2021-02,2021,2,1,322,IE,ไอร์แลนด์,1B,ทวีปยุโรป,161540.0,2880.0
2021-02,2021,2,1,463,RE,เรอูนียง,1E,ทวีปแอฟริกา,34807.0,360.0
2021-02,2021,2,1,420,SR,ซูรินาเม,1D,ทวีปอเมริกาใต้,0.0,0.0
2021-02,2021,2,1,286,BH,บาห์เรน,1A,ทวีปเอเชีย,222171.0,4031.0
2021-02,2021,2,1,293,LB,เลบานอน,1A,ทวีปเอเชีย,297481.0,5542.0
2021-02,2021,2,1,281,MV,มัลดีฟส์,1A,ทวีปเอเชีย,294182.0,8360.0
2021-02,2021,2,1,360,IS,ไอซ์แลนด์,1B,ทวีปยุโรป,0.0,0.0
2021-02,2021,2,1,280,LK,ศรีลังกา,1A,ทวีปเอเชีย,243322.0,3051.0
2021-02,2021,2,1,486,FJ,ฟิจิ,1F,ทวีปออสเตรเลีย,0.0,0.0
2021-02,2021,2,1,377,BB,บาร์เบโดส,1C,ทวีปอเมริกาเหนือ,0.0,0.0
2021-02,2021,2,1,384,DO,สาธารณรัฐโดมินิกัน,1C,ทวีปอเมริกาเหนือ,236911.0,4522.0
2021-02,2021,2,1,447,KE,เคนยา,1E,ทวีปแอฟริกา,0.0,0.0
2021-02,2021,2,1,339,HU,ฮังการี,1B,ทวีปยุโรป,0.0,0.0
2021-02,2021,2,1,381,CR,คอสตาริกา,1C,ทวีปอเมริกาเหนือ,0.0,0.0
2021-02,2021,2,1,489,GU,กวม,1F,ทวีปออสเตรเลีย,142798.0,1725.0
2021-02,2021,2,1,283,PK,ปากีสถาน,1A,ทวีปเอเชีย,0.0,0.0
2021-02,2021,2,1,295,QA,กาตาร์,1A,ทวีปเอเชีย,8100.0,34.0
2021-02,2021,2,1,493,NC,นิวแคลีโดเนีย,1F,ทวีปออสเตรเลีย,62251.0,630.0
2021-02,2021,2,1,357,EE,เอสโตเนีย,1B,ทวีปยุโรป,125163.0,1746.0
2021-02,2021,2,1,414,GF,เฟรนช์เกียนา,1D,ทวีปอเมริกาใต้,33677.0,499.0
2021-02,2021,2,1,504,TO,ตองกา,1F,ทวีปออสเตรเลีย,112230.0,1080.0
2021-02,2021,2,1,475,TN,ตูนิเซีย,1E,ทวีปแอฟริกา,0.0,0.0
2021-02,2021,2,1,417,PE,เปรู,1D,ทวีปอเมริกาใต้,0.0,0.0
2021-02,2021,2,1,352,UZ,อุซเบกิสถาน,1A,ทวีปเอเชีย,0.0,0.0
2021-02,2021,2,1,502,SB,โซโลมอน,1F,ทวีปออสเตรเลีย,0.0,0.0
2021-02,2021,2,1,461,NG,ไนจีเรีย,1E,ทวีปแอฟริกา,8627.0,200.0
2021-02,2021,2,1,492,MP,เกาะมาเรียนาเหนือ,1F,ทวีปออสเตรเลีย,0.0,0.0
2021-02,2021,2,1,344,RO,โรมาเนีย,1B,ทวีปยุโรป,27637.0,240.0
2021-02,2021,2,1,526,WF,หมู่เกาะวาลลิสและฟุตูนา,1F,ทวีปออสเตรเลีย,20468.0,290.0
2021-02,2021,2,1,456,MU,มอริเชียส,1E,ทวีปแอฟริกา,20349.0,205.0
2021-02,2021,2,1,372,MX,เม็กซิโก,1C,ทวีปอเมริกาเหนือ,0.0,0.0
2021-02,2021,2,1,282,NP,เนปาล,1A,ทวีปเอเชีย,0.0,0.0
2021-02,2021,2,1,506,WS,ซามัวตะวันตก,1F,ทวีปออสเตรเลีย,12660.0,149.0
2021-02,2021,2,1,498,PF,เฟรนช์โปลีนีเซีย,1F,ทวีปออสเตรเลีย,840.0,5.0
2021-02,2021,2,1,313,BE,เบลเยียม,1B,ทวีปยุโรป,0.0,0.0
2021-03,2021,3,1,325,NL,เนเธอร์แลนด์,1B,ทวีปยุโรป,52366247.0,602185.0
2021-03,2021,3,1,315,DE,เยอรมนี,1B,ทวีปยุโรป,31807594.0,459088.0
2021-03,2021,3,1,320,GB,สหราชอาณาจักร,1B,ทวีปยุโรป,33569209.0,497909.0
2021-03,2021,3,1,327,SE,สวีเดน,1B,ทวีปยุโรป,23561160.0,447724.0
2021-03,2021,3,1,373,US,สหรัฐอเมริกา,1C,ทวีปอเมริกาเหนือ,11921171.0,200017.0
2021-03,2021,3,1,306,KR,เกาหลีใต้,1A,ทวีปเอเชีย,10837845.0,176657.0
2021-03,2021,3,1,345,RU,รัสเซีย,1B,ทวีปยุโรป,16930508.0,374626.0
2021-03,2021,3,1,269,LA,สปป. ลาว,1A,ทวีปเอเชีย,15872671.0,689974.0
2021-03,2021,3,1,319,FR,ฝรั่งเศส,1B,ทวีปยุโรป,10530306.0,183007.0
2021-03,2021,3,1,268,KH,กัมพูชา,1A,ทวีปเอเชีย,7241482.0,228235.0
2021-03,2021,3,1,304,JP,ญี่ปุ่น,1A,ทวีปเอเชีย,10289339.0,165547.0
2021-03,2021,3,1,273,SG,สิงคโปร์,1A,ทวีปเอเชีย,7879549.0,166395.0
2021-03,2021,3,1,371,CA,แคนาดา,1C,ทวีปอเมริกาเหนือ,6568892.0,134354.0
2021-03,2021,3,1,483,AU,ออสเตรเลีย,1F,ทวีปออสเตรเลีย,7098664.0,152711.0
2021-03,2021,3,1,343,PL,โปแลนด์,1B,ทวีปยุโรป,7166210.0,120204.0
2021-03,2021,3,1,316,DK,เดนมาร์ก,1B,ทวีปยุโรป,6990913.0,100079.0
2021-03,2021,3,1,296,SA,ซาอุดีอาระเบีย,1A,ทวีปเอเชีย,3267177.0,67200.0
2021-03,2021,3,1,288,IL,อิสราเอล,1A,ทวีปเอเชีย,3686534.0,80621.0
2021-03,2021,3,1,270,MM,เมียนมา,1A,ทวีปเอเชีย,3797855.0,113083.0
2021-03,2021,3,1,302,CN,จีน,1A,ทวีปเอเชีย,5459667.0,101667.0
2021-03,2021,3,1,272,PH,ฟิลิปปินส์,1A,ทวีปเอเชีย,2973532.0,50650.0
2021-03,2021,3,1,279,IN,อินเดีย,1A,ทวีปเอเชีย,5571121.0,98119.0
2021-03,2021,3,1,274,VN,เวียดนาม,1A,ทวีปเอเชีย,4152114.0,78679.0
2021-03,2021,3,1,303,HK,ฮ่องกง,1A,ทวีปเอเชีย,4276682.0,76088.0
2021-03,2021,3,1,271,MY,มาเลเซีย,1A,ทวีปเอเชีย,3150696.0,53289.0
2021-03,2021,3,1,366,NO,นอร์เวย์,1B,ทวีปยุโรป,2746709.0,62490.0
2021-03,2021,3,1,298,TR,ตุรกี,1A,ทวีปเอเชีย,2753802.0,35344.0
2021-03,2021,3,1,323,IT,อิตาลี,1B,ทวีปยุโรป,1975038.0,38388.0
2021-03,2021,3,1,497,NZ,นิวซีแลนด์,1F,ทวีปออสเตรเลีย,3070298.0,57284.0
2021-03,2021,3,1,309,TW,ไต้หวัน,1A,ทวีปเอเชีย,3344608.0,72324.0
2021-03,2021,3,1,285,AE,สหรัฐอาหรับเอมิเรตส์,1A,ทวีปเอเชีย,2920757.0,42776.0
2021-03,2021,3,1,478,ZA,แอฟริกาใต้,1E,ทวีปแอฟริกา,3263685.0,39907.0
2021-03,2021,3,1,317,ES,สเปน,1B,ทวีปยุโรป,908634.0,18300.0
2021-03,2021,3,1,318,FI,ฟินแลนด์,1B,ทวีปยุโรป,1728372.0,26149.0
2021-03,2021,3,1,356,CH,สวิตเซอร์แลนด์,1B,ทวีปยุโรป,2850260.0,31507.0
2021-03,2021,3,1,321,GR,กรีซ,1B,ทวีปยุโรป,1608317.0,24551.0
2021-03,2021,3,1,312,AT,ออสเตรีย,1B,ทวีปยุโรป,1944584.0,49340.0
2021-03,2021,3,1,336,CZ,สาธารณรัฐเช็ก,1B,ทวีปยุโรป,2033405.0,34866.0
2021-03,2021,3,1,351,UA,ยูเครน,1B,ทวีปยุโรป,2394253.0,44928.0
2021-03,2021,3,1,292,KW,คูเวต,1A,ทวีปเอเชีย,977494.0,8353.0
2021-03,2021,3,1,267,ID,อินโดนีเซีย,1A,ทวีปเอเชีย,1739108.0,11855.0
2021-03,2021,3,1,266,BN,บรูไน,1A,ทวีปเอเชีย,411231.0,9674.0
2021-03,2021,3,1,287,CY,ไซปรัส,1A,ทวีปเอเชีย,917424.0,22430.0
2021-03,2021,3,1,365,MT,มอลตา,1B,ทวีปยุโรป,0.0,0.0
2021-03,2021,3,1,363,LV,ลัตเวีย,1B,ทวีปยุโรป,1128187.0,20353.0
2021-03,2021,3,1,291,JO,จอร์แดน,1A,ทวีปเอเชีย,1260542.0,28115.0
2021-03,2021,3,1,277,BD,บังกลาเทศ,1A,ทวีปเอเชีย,435225.0,7096.0
2021-03,2021,3,1,437,EG,อียิปต์,1E,ทวีปแอฟริกา,368176.0,4708.0
2021-03,2021,3,1,322,IE,ไอร์แลนด์,1B,ทวีปยุโรป,1474421.0,24081.0
2021-03,2021,3,1,409,BR,บราซิล,1D,ทวีปอเมริกาใต้,174257.0,1672.0
2021-03,2021,3,1,283,PK,ปากีสถาน,1A,ทวีปเอเชีย,754961.0,8063.0
2021-03,2021,3,1,294,OM,โอมาน,1A,ทวีปเอเชีย,211148.0,2332.0
2021-03,2021,3,1,420,SR,ซูรินาเม,1D,ทวีปอเมริกาใต้,465080.0,9418.0
2021-03,2021,3,1,286,BH,บาห์เรน,1A,ทวีปเอเชีย,375962.0,5849.0
2021-03,2021,3,1,295,QA,กาตาร์,1A,ทวีปเอเชีย,538422.0,9793.0
2021-03,2021,3,1,411,CO,โคลอมเบีย,1D,ทวีปอเมริกาใต้,674391.0,10001.0
2021-03,2021,3,1,463,RE,เรอูนียง,1E,ทวีปแอฟริกา,193696.0,2670.0
2021-03,2021,3,1,293,LB,เลบานอน,1A,ทวีปเอเชีย,193589.0,2163.0
2021-03,2021,3,1,307,MN,มองโกเลีย,1A,ทวีปเอเชีย,539120.0,12094.0
2021-03,2021,3,1,452,MA,โมร็อกโก,1E,ทวีปแอฟริกา,6358.0,36.0
2021-03,2021,3,1,339,HU,ฮังการี,1B,ทวีปยุโรป,303206.0,2868.0
2021-03,2021,3,1,337,GE,จอร์เจีย,1A,ทวีปเอเชีย,0.0,0.0
2021-03,2021,3,1,389,HN,ฮอนดูรัส,1C,ทวีปอเมริกาเหนือ,0.0,0.0
2021-03,2021,3,1,447,KE,เคนยา,1E,ทวีปแอฟริกา,252536.0,3507.0
2021-03,2021,3,1,410,CL,ชิลี,1D,ทวีปอเมริกาใต้,0.0,0.0
2021-03,2021,3,1,344,RO,โรมาเนีย,1B,ทวีปยุโรป,420789.0,4872.0
2021-03,2021,3,1,281,MV,มัลดีฟส์,1A,ทวีปเอเชีย,90169.0,2268.0
2021-03,2021,3,1,341,KZ,คาซัคสถาน,1A,ทวีปเอเชีย,408292.0,10171.0
2021-03,2021,3,1,486,FJ,ฟิจิ,1F,ทวีปออสเตรเลีย,138513.0,1308.0
2021-03,2021,3,1,360,IS,ไอซ์แลนด์,1B,ทวีปยุโรป,0.0,0.0
2021-03,2021,3,1,280,LK,ศรีลังกา,1A,ทวีปเอเชีย,0.0,0.0
2021-03,2021,3,1,377,BB,บาร์เบโดส,1C,ทวีปอเมริกาเหนือ,0.0,0.0
2021-03,2021,3,1,384,DO,สาธารณรัฐโดมินิกัน,1C,ทวีปอเมริกาเหนือ,0.0,0.0
2021-03,2021,3,1,290,IR,อิหร่าน,1A,ทวีปเอเชีย,215218.0,4200.0
2021-03,2021,3,1,381,CR,คอสตาริกา,1C,ทวีปอเมริกาเหนือ,0.0,0.0
2021-03,2021,3,1,493,NC,นิวแคลีโดเนีย,1F,ทวีปออสเตรเลีย,79733.0,1124.0
2021-03,2021,3,1,489,GU,กวม,1F,ทวีปออสเตรเลีย,25174.0,400.0
2021-03,2021,3,1,469,SN,เซเนกัล,1E,ทวีปแอฟริกา,153889.0,1950.0
2021-03,2021,3,1,372,MX,เม็กซิโก,1C,ทวีปอเมริกาเหนือ,128211.0,2543.0
2021-03,2021,3,1,414,GF,เฟรนช์เกียนา,1D,ทวีปอเมริกาใต้,19156.0,292.0
2021-03,2021,3,1,461,NG,ไนจีเรีย,1E,ทวีปแอฟริกา,99515.0,2221.0
2021-03,2021,3,1,342,MD,มอลโดวา,1B,ทวีปยุโรป,127098.0,3232.0
2021-03,2021,3,1,357,EE,เอสโตเนีย,1B,ทวีปยุโรป,0.0,0.0
2021-03,2021,3,1,504,TO,ตองกา,1F,ทวีปออสเตรเลีย,0.0,0.0
2021-03,2021,3,1,282,NP,เนปาล,1A,ทวีปเอเชีย,84225.0,453.0
2021-03,2021,3,1,475,TN,ตูนิเซีย,1E,ทวีปแอฟริกา,0.0,0.0
2021-03,2021,3,1,499,PG,ปาปัวนิวกินี,1F,ทวีปออสเตรเลีย,93101.0,2418.0
2021-03,2021,3,1,502,SB,โซโลมอน,1F,ทวีปออสเตรเลีย,57263.0,540.0
2021-03,2021,3,1,417,PE,เปรู,1D,ทวีปอเมริกาใต้,0.0,0.0
2021-03,2021,3,1,352,UZ,อุซเบกิสถาน,1A,ทวีปเอเชีย,0.0,0.0
2021-03,2021,3,1,397,PA,ปานามา,1C,ทวีปอเมริกาเหนือ,51444.0,632.0
2021-03,2021,3,1,492,MP,เกาะมาเรียนาเหนือ,1F,ทวีปออสเตรเลีย,0.0,0.0
2021-03,2021,3,1,412,EC,เอกวาดอร์,1D,ทวีปอเมริกาใต้,24900.0,169.0
2021-03,2021,3,1,526,WF,หมู่เกาะวาลลิสและฟุตูนา,1F,ทวีปออสเตรเลีย,0.0,0.0
2021-03,2021,3,1,456,MU,มอริเชียส,1E,ทวีปแอฟริกา,0.0,0.0
2021-03,2021,3,1,506,WS,ซามัวตะวันตก,1F,ทวีปออสเตรเลีย,0.0,0.0
2021-03,2021,3,1,308,MO,มาเก๊า,1A,ทวีปเอเชีย,12400.0,72.0
2021-03,2021,3,1,388,GT,กัวเตมาลา,1C,ทวีปอเมริกาเหนือ,7380.0,85.0
2021-03,2021,3,1,326,PT,โปรตุเกส,1B,ทวีปยุโรป,6316.0,100.0
2021-03,2021,3,1,346,SI,สโลวีเนีย,1B,ทวีปยุโรป,4153.0,46.0
2021-03,2021,3,1,498,PF,เฟรนช์โปลีนีเซีย,1F,ทวีปออสเตรเลีย,0.0,0.0
2021-03,2021,3,1,338,HR,โครเอเชีย,1B,ทวีปยุโรป,208.0,1.0
2021-03,2021,3,1,313,BE,เบลเยียม,1B,ทวีปยุโรป,0.0,0.0
2021-04,2021,4,2,325,NL,เนเธอร์แลนด์,1B,ทวีปยุโรป,48077414.0,628118.0
2021-04,2021,4,2,315,DE,เยอรมนี,1B,ทวีปยุโรป,34083453.0,470525.0
2021-04,2021,4,2,320,GB,สหราชอาณาจักร,1B,ทวีปยุโรป,30135787.0,495265.0
2021-04,2021,4,2,327,SE,สวีเดน,1B,ทวีปยุโรป,13844825.0,292849.0
2021-04,2021,4,2,373,US,สหรัฐอเมริกา,1C,ทวีปอเมริกาเหนือ,12962857.0,228044.0
2021-04,2021,4,2,306,KR,เกาหลีใต้,1A,ทวีปเอเชีย,7821578.0,136176.0
2021-04,2021,4,2,345,RU,รัสเซีย,1B,ทวีปยุโรป,10492668.0,213164.0
2021-04,2021,4,2,269,LA,สปป. ลาว,1A,ทวีปเอเชีย,9563035.0,325559.0
2021-04,2021,4,2,319,FR,ฝรั่งเศส,1B,ทวีปยุโรป,9047176.0,183181.0
2021-04,2021,4,2,268,KH,กัมพูชา,1A,ทวีปเอเชีย,4999152.0,166169.0
2021-04,2021,4,2,371,CA,แคนาดา,1C,ทวีปอเมริกาเหนือ,7549476.0,146528.0
2021-04,2021,4,2,273,SG,สิงคโปร์,1A,ทวีปเอเชีย,6534060.0,133834.0
2021-04,2021,4,2,304,JP,ญี่ปุ่น,1A,ทวีปเอเชีย,6165705.0,98090.0
2021-04,2021,4,2,483,AU,ออสเตรเลีย,1F,ทวีปออสเตรเลีย,6303252.0,101515.0
2021-04,2021,4,2,343,PL,โปแลนด์,1B,ทวีปยุโรป,5100912.0,67446.0
2021-04,2021,4,2,316,DK,เดนมาร์ก,1B,ทวีปยุโรป,4994461.0,88043.0
2021-04,2021,4,2,302,CN,จีน,1A,ทวีปเอเชีย,6657342.0,110304.0
2021-04,2021,4,2,270,MM,เมียนมา,1A,ทวีปเอเชีย,4064679.0,106608.0
2021-04,2021,4,2,288,IL,อิสราเอล,1A,ทวีปเอเชีย,1894579.0,51700.0
2021-04,2021,4,2,279,IN,อินเดีย,1A,ทวีปเอเชีย,4586750.0,96072.0
2021-04,2021,4,2,272,PH,ฟิลิปปินส์,1A,ทวีปเอเชีย,3591228.0,50342.0
2021-04,2021,4,2,271,MY,มาเลเซีย,1A,ทวีปเอเชีย,4102219.0,61284.0
2021-04,2021,4,2,303,HK,ฮ่องกง,1A,ทวีปเอเชีย,3171939.0,52903.0
2021-04,2021,4,2,296,SA,ซาอุดีอาระเบีย,1A,ทวีปเอเชีย,84208.0,799.0
2021-04,2021,4,2,274,VN,เวียดนาม,1A,ทวีปเอเชีย,2366071.0,42365.0
2021-04,2021,4,2,366,NO,นอร์เวย์,1B,ทวีปยุโรป,1690550.0,23574.0
2021-04,2021,4,2,318,FI,ฟินแลนด์,1B,ทวีปยุโรป,6300312.0,82425.0
2021-04,2021,4,2,323,IT,อิตาลี,1B,ทวีปยุโรป,2650221.0,38607.0
2021-04,2021,4,2,298,TR,ตุรกี,1A,ทวีปเอเชีย,582180.0,12860.0
2021-04,2021,4,2,497,NZ,นิวซีแลนด์,1F,ทวีปออสเตรเลีย,934346.0,9061.0
2021-04,2021,4,2,309,TW,ไต้หวัน,1A,ทวีปเอเชีย,1801855.0,38632.0
2021-04,2021,4,2,285,AE,สหรัฐอาหรับเอมิเรตส์,1A,ทวีปเอเชีย,2754607.0,40324.0
2021-04,2021,4,2,317,ES,สเปน,1B,ทวีปยุโรป,1356823.0,30595.0
2021-04,2021,4,2,478,ZA,แอฟริกาใต้,1E,ทวีปแอฟริกา,714755.0,18663.0
2021-04,2021,4,2,312,AT,ออสเตรีย,1B,ทวีปยุโรป,2229256.0,47227.0
2021-04,2021,4,2,321,GR,กรีซ,1B,ทวีปยุโรป,1490217.0,19638.0
2021-04,2021,4,2,336,CZ,สาธารณรัฐเช็ก,1B,ทวีปยุโรป,1012661.0,13704.0
2021-04,2021,4,2,437,EG,อียิปต์,1E,ทวีปแอฟริกา,2191825.0,40406.0
2021-04,2021,4,2,351,UA,ยูเครน,1B,ทวีปยุโรป,1010266.0,7852.0
2021-04,2021,4,2,267,ID,อินโดนีเซีย,1A,ทวีปเอเชีย,1315476.0,7218.0
2021-04,2021,4,2,356,CH,สวิตเซอร์แลนด์,1B,ทวีปยุโรป,12971.0,95.0
2021-04,2021,4,2,292,KW,คูเวต,1A,ทวีปเอเชีย,218013.0,3307.0
2021-04,2021,4,2,322,IE,ไอร์แลนด์,1B,ทวีปยุโรป,972454.0,14317.0
2021-04,2021,4,2,409,BR,บราซิล,1D,ทวีปอเมริกาใต้,1434059.0,26176.0
2021-04,2021,4,2,266,BN,บรูไน,1A,ทวีปเอเชีย,193645.0,4416.0
2021-04,2021,4,2,287,CY,ไซปรัส,1A,ทวีปเอเชีย,183708.0,1448.0
2021-04,2021,4,2,277,BD,บังกลาเทศ,1A,ทวีปเอเชีย,330080.0,4034.0
2021-04,2021,4,2,365,MT,มอลตา,1B,ทวีปยุโรป,144339.0,2605.0
2021-04,2021,4,2,283,PK,ปากีสถาน,1A,ทวีปเอเชีย,1240115.0,11816.0
2021-04,2021,4,2,363,LV,ลัตเวีย,1B,ทวีปยุโรป,0.0,0.0
2021-04,2021,4,2,291,JO,จอร์แดน,1A,ทวีปเอเชีย,0.0,0.0
2021-04,2021,4,2,295,QA,กาตาร์,1A,ทวีปเอเชีย,770646.0,11824.0
2021-04,2021,4,2,313,BE,เบลเยียม,1B,ทวีปยุโรป,1405954.0,11484.0
2021-04,2021,4,2,344,RO,โรมาเนีย,1B,ทวีปยุโรป,707324.0,11668.0
2021-04,2021,4,2,389,HN,ฮอนดูรัส,1C,ทวีปอเมริกาเหนือ,620970.0,14502.0
2021-04,2021,4,2,337,GE,จอร์เจีย,1A,ทวีปเอเชีย,593052.0,9567.0
2021-04,2021,4,2,339,HU,ฮังการี,1B,ทวีปยุโรป,552701.0,5684.0
2021-04,2021,4,2,286,BH,บาห์เรน,1A,ทวีปเอเชีย,199110.0,6050.0
2021-04,2021,4,2,294,OM,โอมาน,1A,ทวีปเอเชีย,0.0,0.0
2021-04,2021,4,2,420,SR,ซูรินาเม,1D,ทวีปอเมริกาใต้,0.0,0.0
2021-04,2021,4,2,411,CO,โคลอมเบีย,1D,ทวีปอเมริกาใต้,11076.0,180.0
2021-04,2021,4,2,307,MN,มองโกเลีย,1A,ทวีปเอเชีย,104412.0,1667.0
2021-04,2021,4,2,410,CL,ชิลี,1D,ทวีปอเมริกาใต้,155813.0,1016.0
2021-04,2021,4,2,463,RE,เรอูนียง,1E,ทวีปแอฟริกา,0.0,0.0
2021-04,2021,4,2,407,AR,อาร์เจนตินา,1D,ทวีปอเมริกาใต้,608924.0,7666.0
2021-04,2021,4,2,281,MV,มัลดีฟส์,1A,ทวีปเอเชีย,152327.0,2999.0
2021-04,2021,4,2,381,CR,คอสตาริกา,1C,ทวีปอเมริกาเหนือ,384433.0,6637.0
2021-04,2021,4,2,293,LB,เลบานอน,1A,ทวีปเอเชีย,0.0,0.0
2021-04,2021,4,2,452,MA,โมร็อกโก,1E,ทวีปแอฟริกา,0.0,0.0
2021-04,2021,4,2,486,FJ,ฟิจิ,1F,ทวีปออสเตรเลีย,118443.0,1313.0
2021-04,2021,4,2,447,KE,เคนยา,1E,ทวีปแอฟริกา,0.0,0.0
2021-04,2021,4,2,341,KZ,คาซัคสถาน,1A,ทวีปเอเชีย,0.0,0.0
2021-04,2021,4,2,360,IS,ไอซ์แลนด์,1B,ทวีปยุโรป,0.0,0.0
2021-04,2021,4,2,493,NC,นิวแคลีโดเนีย,1F,ทวีปออสเตรเลีย,52051.0,387.0
2021-04,2021,4,2,280,LK,ศรีลังกา,1A,ทวีปเอเชีย,0.0,0.0
2021-04,2021,4,2,377,BB,บาร์เบโดส,1C,ทวีปอเมริกาเหนือ,0.0,0.0
2021-04,2021,4,2,384,DO,สาธารณรัฐโดมินิกัน,1C,ทวีปอเมริกาเหนือ,0.0,0.0
2021-04,2021,4,2,290,IR,อิหร่าน,1A,ทวีปเอเชีย,0.0,0.0
2021-04,2021,4,2,453,MG,มาดากัสการ์,1E,ทวีปแอฟริกา,208920.0,4190.0
2021-04,2021,4,2,357,EE,เอสโตเนีย,1B,ทวีปยุโรป,78011.0,997.0
2021-04,2021,4,2,414,GF,เฟรนช์เกียนา,1D,ทวีปอเมริกาใต้,53580.0,871.0
2021-04,2021,4,2,489,GU,กวม,1F,ทวีปออสเตรเลีย,0.0,0.0
2021-04,2021,4,2,469,SN,เซเนกัล,1E,ทวีปแอฟริกา,0.0,0.0
2021-04,2021,4,2,372,MX,เม็กซิโก,1C,ทวีปอเมริกาเหนือ,0.0,0.0
2021-04,2021,4,2,461,NG,ไนจีเรีย,1E,ทวีปแอฟริกา,0.0,0.0
2021-04,2021,4,2,342,MD,มอลโดวา,1B,ทวีปยุโรป,0.0,0.0
2021-04,2021,4,2,504,TO,ตองกา,1F,ทวีปออสเตรเลีย,0.0,0.0
2021-04,2021,4,2,282,NP,เนปาล,1A,ทวีปเอเชีย,0.0,0.0
2021-04,2021,4,2,475,TN,ตูนิเซีย,1E,ทวีปแอฟริกา,0.0,0.0
2021-04,2021,4,2,499,PG,ปาปัวนิวกินี,1F,ทวีปออสเตรเลีย,0.0,0.0
2021-04,2021,4,2,502,SB,โซโลมอน,1F,ทวีปออสเตรเลีย,0.0,0.0
2021-04,2021,4,2,506,WS,ซามัวตะวันตก,1F,ทวีปออสเตรเลีย,77279.0,909.0
2021-04,2021,4,2,417,PE,เปรู,1D,ทวีปอเมริกาใต้,0.0,0.0
2021-04,2021,4,2,352,UZ,อุซเบกิสถาน,1A,ทวีปเอเชีย,0.0,0.0
2021-04,2021,4,2,397,PA,ปานามา,1C,ทวีปอเมริกาเหนือ,0.0,0.0
2021-04,2021,4,2,492,MP,เกาะมาเรียนาเหนือ,1F,ทวีปออสเตรเลีย,0.0,0.0
2021-04,2021,4,2,412,EC,เอกวาดอร์,1D,ทวีปอเมริกาใต้,0.0,0.0
2021-04,2021,4,2,526,WF,หมู่เกาะวาลลิสและฟุตูนา,1F,ทวีปออสเตรเลีย,0.0,0.0
2021-04,2021,4,2,456,MU,มอริเชียส,1E,ทวีปแอฟริกา,0.0,0.0
2021-04,2021,4,2,308,MO,มาเก๊า,1A,ทวีปเอเชีย,0.0,0.0
2021-04,2021,4,2,505,VU,วานูอาตู,1F,ทวีปออสเตรเลีย,10066.0,116.0
2021-04,2021,4,2,388,GT,กัวเตมาลา,1C,ทวีปอเมริกาเหนือ,0.0,0.0
2021-04,2021,4,2,326,PT,โปรตุเกส,1B,ทวีปยุโรป,0.0,0.0
2021-04,2021,4,2,346,SI,สโลวีเนีย,1B,ทวีปยุโรป,0.0,0.0
2021-04,2021,4,2,498,PF,เฟรนช์โปลีนีเซีย,1F,ทวีปออสเตรเลีย,0.0,0.0
2021-04,2021,4,2,338,HR,โครเอเชีย,1B,ทวีปยุโรป,0.0,0.0
2021-05,2021,5,2,325,NL,เนเธอร์แลนด์,1B,ทวีปยุโรป,22750021.0,309092.0
2021-05,2021,5,2,320,GB,สหราชอาณาจักร,1B,ทวีปยุโรป,61267057.0,1104725.0
2021-05,2021,5,2,315,DE,เยอรมนี,1B,ทวีปยุโรป,33588260.0,501769.0
2021-05,2021,5,2,373,US,สหรัฐอเมริกา,1C,ทวีปอเมริกาเหนือ,23594349.0,458588.0
2021-05,2021,5,2,327,SE,สวีเดน,1B,ทวีปยุโรป,19711461.0,359805.0
2021-05,2021,5,2,306,KR,เกาหลีใต้,1A,ทวีปเอเชีย,17302177.0,352132.0
2021-05,2021,5,2,345,RU,รัสเซีย,1B,ทวีปยุโรป,12529293.0,243348.0
2021-05,2021,5,2,269,LA,สปป. ลาว,1A,ทวีปเอเชีย,6098780.0,226610.0
2021-05,2021,5,2,319,FR,ฝรั่งเศส,1B,ทวีปยุโรป,10395024.0,201248.0
2021-05,2021,5,2,483,AU,ออสเตรเลีย,1F,ทวีปออสเตรเลีย,12334404.0,292156.0
2021-05,2021,5,2,371,CA,แคนาดา,1C,ทวีปอเมริกาเหนือ,6744818.0,144145.0
2021-05,2021,5,2,268,KH,กัมพูชา,1A,ทวีปเอเชีย,6459202.0,220285.0
2021-05,2021,5,2,273,SG,สิงคโปร์,1A,ทวีปเอเชีย,6907683.0,125672.0
2021-05,2021,5,2,304,JP,ญี่ปุ่น,1A,ทวีปเอเชีย,4988009.0,75649.0
2021-05,2021,5,2,316,DK,เดนมาร์ก,1B,ทวีปยุโรป,8821092.0,104943.0
2021-05,2021,5,2,343,PL,โปแลนด์,1B,ทวีปยุโรป,6142934.0,97650.0
2021-05,2021,5,2,302,CN,จีน,1A,ทวีปเอเชีย,8428566.0,134890.0
2021-05,2021,5,2,270,MM,เมียนมา,1A,ทวีปเอเชีย,5402535.0,172647.0
2021-05,2021,5,2,271,MY,มาเลเซีย,1A,ทวีปเอเชีย,8011573.0,106604.0
2021-05,2021,5,2,288,IL,อิสราเอล,1A,ทวีปเอเชีย,5037966.0,91146.0
2021-05,2021,5,2,296,SA,ซาอุดีอาระเบีย,1A,ทวีปเอเชีย,5866631.0,110510.0
2021-05,2021,5,2,323,IT,อิตาลี,1B,ทวีปยุโรป,7560091.0,129832.0
2021-05,2021,5,2,272,PH,ฟิลิปปินส์,1A,ทวีปเอเชีย,2669072.0,33771.0
2021-05,2021,5,2,279,IN,อินเดีย,1A,ทวีปเอเชีย,2205775.0,41479.0
2021-05,2021,5,2,303,HK,ฮ่องกง,1A,ทวีปเอเชีย,3173621.0,50371.0
2021-05,2021,5,2,366,NO,นอร์เวย์,1B,ทวีปยุโรป,3556041.0,55755.0
2021-05,2021,5,2,274,VN,เวียดนาม,1A,ทวีปเอเชีย,582769.0,11755.0
2021-05,2021,5,2,497,NZ,นิวซีแลนด์,1F,ทวีปออสเตรเลีย,3328538.0,36733.0
2021-05,2021,5,2,298,TR,ตุรกี,1A,ทวีปเอเชีย,2694858.0,35512.0
2021-05,2021,5,2,318,FI,ฟินแลนด์,1B,ทวีปยุโรป,635782.0,13275.0
2021-05,2021,5,2,317,ES,สเปน,1B,ทวีปยุโรป,4816054.0,82986.0
2021-05,2021,5,2,309,TW,ไต้หวัน,1A,ทวีปเอเชีย,2202132.0,44360.0
2021-05,2021,5,2,285,AE,สหรัฐอาหรับเอมิเรตส์,1A,ทวีปเอเชีย,1716871.0,26295.0
2021-05,2021,5,2,312,AT,ออสเตรีย,1B,ทวีปยุโรป,1335819.0,31290.0
2021-05,2021,5,2,321,GR,กรีซ,1B,ทวีปยุโรป,1313604.0,29082.0
2021-05,2021,5,2,267,ID,อินโดนีเซีย,1A,ทวีปเอเชีย,2326197.0,29131.0
2021-05,2021,5,2,478,ZA,แอฟริกาใต้,1E,ทวีปแอฟริกา,513085.0,7033.0
2021-05,2021,5,2,437,EG,อียิปต์,1E,ทวีปแอฟริกา,1220894.0,16637.0
2021-05,2021,5,2,356,CH,สวิตเซอร์แลนด์,1B,ทวีปยุโรป,999810.0,11362.0
2021-05,2021,5,2,336,CZ,สาธารณรัฐเช็ก,1B,ทวีปยุโรป,173585.0,2131.0
2021-05,2021,5,2,351,UA,ยูเครน,1B,ทวีปยุโรป,212408.0,5508.0
2021-05,2021,5,2,283,PK,ปากีสถาน,1A,ทวีปเอเชีย,2076368.0,21318.0
2021-05,2021,5,2,322,IE,ไอร์แลนด์,1B,ทวีปยุโรป,313656.0,2289.0
2021-05,2021,5,2,287,CY,ไซปรัส,1A,ทวีปเอเชีย,548722.0,14280.0
2021-05,2021,5,2,277,BD,บังกลาเทศ,1A,ทวีปเอเชีย,791492.0,15516.0
2021-05,2021,5,2,292,KW,คูเวต,1A,ทวีปเอเชีย,93895.0,783.0
2021-05,2021,5,2,266,BN,บรูไน,1A,ทวีปเอเชีย,326589.0,6492.0
2021-05,2021,5,2,293,LB,เลบานอน,1A,ทวีปเอเชีย,2341182.0,5089.0
2021-05,2021,5,2,409,BR,บราซิล,1D,ทวีปอเมริกาใต้,0.0,0.0
2021-05,2021,5,2,365,MT,มอลตา,1B,ทวีปยุโรป,5400.0,23.0
2021-05,2021,5,2,363,LV,ลัตเวีย,1B,ทวีปยุโรป,0.0,0.0
2021-05,2021,5,2,291,JO,จอร์แดน,1A,ทวีปเอเชีย,0.0,0.0
2021-05,2021,5,2,295,QA,กาตาร์,1A,ทวีปเอเชีย,0.0,0.0
2021-05,2021,5,2,313,BE,เบลเยียม,1B,ทวีปยุโรป,0.0,0.0
2021-05,2021,5,2,286,BH,บาห์เรน,1A,ทวีปเอเชีย,438859.0,7848.0
2021-05,2021,5,2,389,HN,ฮอนดูรัส,1C,ทวีปอเมริกาเหนือ,105878.0,1548.0
2021-05,2021,5,2,410,CL,ชิลี,1D,ทวีปอเมริกาใต้,544458.0,4469.0
2021-05,2021,5,2,344,RO,โรมาเนีย,1B,ทวีปยุโรป,0.0,0.0
2021-05,2021,5,2,337,GE,จอร์เจีย,1A,ทวีปเอเชีย,0.0,0.0
2021-05,2021,5,2,339,HU,ฮังการี,1B,ทวีปยุโรป,0.0,0.0
2021-05,2021,5,2,486,FJ,ฟิจิ,1F,ทวีปออสเตรเลีย,557946.0,7428.0
2021-05,2021,5,2,294,OM,โอมาน,1A,ทวีปเอเชีย,0.0,0.0
2021-05,2021,5,2,420,SR,ซูรินาเม,1D,ทวีปอเมริกาใต้,0.0,0.0
2021-05,2021,5,2,281,MV,มัลดีฟส์,1A,ทวีปเอเชีย,189162.0,3633.0
2021-05,2021,5,2,407,AR,อาร์เจนตินา,1D,ทวีปอเมริกาใต้,111768.0,636.0
2021-05,2021,5,2,411,CO,โคลอมเบีย,1D,ทวีปอเมริกาใต้,22354.0,360.0
2021-05,2021,5,2,463,RE,เรอูนียง,1E,ทวีปแอฟริกา,40181.0,410.0
2021-05,2021,5,2,307,MN,มองโกเลีย,1A,ทวีปเอเชีย,0.0,0.0
2021-05,2021,5,2,381,CR,คอสตาริกา,1C,ทวีปอเมริกาเหนือ,0.0,0.0
2021-05,2021,5,2,342,MD,มอลโดวา,1B,ทวีปยุโรป,456640.0,11296.0
2021-05,2021,5,2,280,LK,ศรีลังกา,1A,ทวีปเอเชีย,304608.0,3709.0
2021-05,2021,5,2,452,MA,โมร็อกโก,1E,ทวีปแอฟริกา,0.0,0.0
2021-05,2021,5,2,456,MU,มอริเชียส,1E,ทวีปแอฟริกา,504091.0,6246.0
2021-05,2021,5,2,360,IS,ไอซ์แลนด์,1B,ทวีปยุโรป,219994.0,2093.0
2021-05,2021,5,2,447,KE,เคนยา,1E,ทวีปแอฟริกา,0.0,0.0
2021-05,2021,5,2,341,KZ,คาซัคสถาน,1A,ทวีปเอเชีย,0.0,0.0
2021-05,2021,5,2,332,AZ,อาเซอร์ไบจาน,1A,ทวีปเอเชีย,327401.0,6510.0
2021-05,2021,5,2,493,NC,นิวแคลีโดเนีย,1F,ทวีปออสเตรเลีย,60364.0,525.0
2021-05,2021,5,2,489,GU,กวม,1F,ทวีปออสเตรเลีย,148819.0,1400.0
2021-05,2021,5,2,357,EE,เอสโตเนีย,1B,ทวีปยุโรป,81854.0,1116.0
2021-05,2021,5,2,377,BB,บาร์เบโดส,1C,ทวีปอเมริกาเหนือ,0.0,0.0
2021-05,2021,5,2,384,DO,สาธารณรัฐโดมินิกัน,1C,ทวีปอเมริกาเหนือ,0.0,0.0
2021-05,2021,5,2,290,IR,อิหร่าน,1A,ทวีปเอเชีย,0.0,0.0
2021-05,2021,5,2,453,MG,มาดากัสการ์,1E,ทวีปแอฟริกา,0.0,0.0
2021-05,2021,5,2,414,GF,เฟรนช์เกียนา,1D,ทวีปอเมริกาใต้,0.0,0.0
2021-05,2021,5,2,372,MX,เม็กซิโก,1C,ทวีปอเมริกาเหนือ,38935.0,707.0
2021-05,2021,5,2,422,VE,เวเนซุเอลา,1D,ทวีปอเมริกาใต้,175699.0,1128.0
2021-05,2021,5,2,469,SN,เซเนกัล,1E,ทวีปแอฟริกา,0.0,0.0
2021-05,2021,5,2,461,NG,ไนจีเรีย,1E,ทวีปแอฟริกา,0.0,0.0
2021-05,2021,5,2,506,WS,ซามัวตะวันตก,1F,ทวีปออสเตรเลีย,29500.0,270.0
2021-05,2021,5,2,331,AM,อาร์เมเนีย,1A,ทวีปเอเชีย,117010.0,2230.0
2021-05,2021,5,2,504,TO,ตองกา,1F,ทวีปออสเตรเลีย,0.0,0.0
2021-05,2021,5,2,282,NP,เนปาล,1A,ทวีปเอเชีย,0.0,0.0
2021-05,2021,5,2,475,TN,ตูนิเซีย,1E,ทวีปแอฟริกา,0.0,0.0
2021-05,2021,5,2,499,PG,ปาปัวนิวกินี,1F,ทวีปออสเตรเลีย,0.0,0.0
2021-05,2021,5,2,502,SB,โซโลมอน,1F,ทวีปออสเตรเลีย,0.0,0.0
2021-05,2021,5,2,417,PE,เปรู,1D,ทวีปอเมริกาใต้,0.0,0.0
2021-05,2021,5,2,352,UZ,อุซเบกิสถาน,1A,ทวีปเอเชีย,0.0,0.0
2021-05,2021,5,2,492,MP,เกาะมาเรียนาเหนือ,1F,ทวีปออสเตรเลีย,24493.0,552.0
2021-05,2021,5,2,397,PA,ปานามา,1C,ทวีปอเมริกาเหนือ,0.0,0.0
2021-05,2021,5,2,412,EC,เอกวาดอร์,1D,ทวีปอเมริกาใต้,0.0,0.0
2021-05,2021,5,2,530,YT,มายอต,1E,ทวีปแอฟริกา,22128.0,230.0
2021-05,2021,5,2,526,WF,หมู่เกาะวาลลิสและฟุตูนา,1F,ทวีปออสเตรเลีย,0.0,0.0
2021-05,2021,5,2,308,MO,มาเก๊า,1A,ทวีปเอเชีย,0.0,0.0
2021-05,2021,5,2,505,VU,วานูอาตู,1F,ทวีปออสเตรเลีย,0.0,0.0
2021-05,2021,5,2,388,GT,กัวเตมาลา,1C,ทวีปอเมริกาเหนือ,0.0,0.0
2021-05,2021,5,2,326,PT,โปรตุเกส,1B,ทวีปยุโรป,0.0,0.0
2021-05,2021,5,2,346,SI,สโลวีเนีย,1B,ทวีปยุโรป,0.0,0.0
2021-05,2021,5,2,501,PW,ปาลัว,1F,ทวีปออสเตรเลีย,2745.0,29.0
2021-05,2021,5,2,498,PF,เฟรนช์โปลีนีเซีย,1F,ทวีปออสเตรเลีย,0.0,0.0
2021-05,2021,5,2,338,HR,โครเอเชีย,1B,ทวีปยุโรป,0.0,0.0
2021-06,2021,6,2,325,NL,เนเธอร์แลนด์,1B,ทวีปยุโรป,56697801.0,753093.0
2021-06,2021,6,2,320,GB,สหราชอาณาจักร,1B,ทวีปยุโรป,36443536.0,562542.0
2021-06,2021,6,2,315,DE,เยอรมนี,1B,ทวีปยุโรป,38161903.0,504620.0
2021-06,2021,6,2,373,US,สหรัฐอเมริกา,1C,ทวีปอเมริกาเหนือ,37838589.0,701342.0
2021-06,2021,6,2,327,SE,สวีเดน,1B,ทวีปยุโรป,16171582.0,388094.0
2021-06,2021,6,2,306,KR,เกาหลีใต้,1A,ทวีปเอเชีย,18495326.0,414388.0
2021-06,2021,6,2,345,RU,รัสเซีย,1B,ทวีปยุโรป,16113130.0,335241.0
2021-06,2021,6,2,269,LA,สปป. ลาว,1A,ทวีปเอเชีย,6126603.0,193198.0
2021-06,2021,6,2,319,FR,ฝรั่งเศส,1B,ทวีปยุโรป,14749903.0,268658.0
2021-06,2021,6,2,483,AU,ออสเตรเลีย,1F,ทวีปออสเตรเลีย,5380578.0,119786.0
2021-06,2021,6,2,371,CA,แคนาดา,1C,ทวีปอเมริกาเหนือ,7968809.0,163134.0
2021-06,2021,6,2,273,SG,สิงคโปร์,1A,ทวีปเอเชีย,5371510.0,109149.0
2021-06,2021,6,2,268,KH,กัมพูชา,1A,ทวีปเอเชีย,4610762.0,133717.0
2021-06,2021,6,2,302,CN,จีน,1A,ทวีปเอเชีย,12337480.0,201928.0
2021-06,2021,6,2,304,JP,ญี่ปุ่น,1A,ทวีปเอเชีย,5673663.0,91998.0
2021-06,2021,6,2,316,DK,เดนมาร์ก,1B,ทวีปยุโรป,4503483.0,75842.0
2021-06,2021,6,2,343,PL,โปแลนด์,1B,ทวีปยุโรป,3976647.0,58627.0
2021-06,2021,6,2,270,MM,เมียนมา,1A,ทวีปเอเชีย,7691107.0,199964.0
2021-06,2021,6,2,288,IL,อิสราเอล,1A,ทวีปเอเชีย,5926610.0,112997.0
2021-06,2021,6,2,271,MY,มาเลเซีย,1A,ทวีปเอเชีย,1765095.0,35263.0
2021-06,2021,6,2,296,SA,ซาอุดีอาระเบีย,1A,ทวีปเอเชีย,3466994.0,59099.0
2021-06,2021,6,2,323,IT,อิตาลี,1B,ทวีปยุโรป,2206864.0,46882.0
2021-06,2021,6,2,272,PH,ฟิลิปปินส์,1A,ทวีปเอเชีย,1617418.0,25798.0
2021-06,2021,6,2,279,IN,อินเดีย,1A,ทวีปเอเชีย,1363650.0,16071.0
2021-06,2021,6,2,366,NO,นอร์เวย์,1B,ทวีปยุโรป,3731779.0,47717.0
2021-06,2021,6,2,303,HK,ฮ่องกง,1A,ทวีปเอเชีย,1869360.0,31519.0
2021-06,2021,6,2,497,NZ,นิวซีแลนด์,1F,ทวีปออสเตรเลีย,3903016.0,36775.0
2021-06,2021,6,2,317,ES,สเปน,1B,ทวีปยุโรป,3031507.0,56155.0
2021-06,2021,6,2,309,TW,ไต้หวัน,1A,ทวีปเอเชีย,3382650.0,78403.0
2021-06,2021,6,2,274,VN,เวียดนาม,1A,ทวีปเอเชีย,1303070.0,25263.0
2021-06,2021,6,2,318,FI,ฟินแลนด์,1B,ทวีปยุโรป,2136572.0,40823.0
2021-06,2021,6,2,285,AE,สหรัฐอาหรับเอมิเรตส์,1A,ทวีปเอเชีย,3284859.0,44046.0
2021-06,2021,6,2,298,TR,ตุรกี,1A,ทวีปเอเชีย,1629855.0,21792.0
2021-06,2021,6,2,478,ZA,แอฟริกาใต้,1E,ทวีปแอฟริกา,4231823.0,53378.0
2021-06,2021,6,2,312,AT,ออสเตรีย,1B,ทวีปยุโรป,1850251.0,43717.0
2021-06,2021,6,2,321,GR,กรีซ,1B,ทวีปยุโรป,727267.0,10450.0
2021-06,2021,6,2,267,ID,อินโดนีเซีย,1A,ทวีปเอเชีย,816080.0,15373.0
2021-06,2021,6,2,437,EG,อียิปต์,1E,ทวีปแอฟริกา,1270721.0,14954.0
2021-06,2021,6,2,336,CZ,สาธารณรัฐเช็ก,1B,ทวีปยุโรป,1073973.0,15905.0
2021-06,2021,6,2,356,CH,สวิตเซอร์แลนด์,1B,ทวีปยุโรป,773865.0,7117.0
2021-06,2021,6,2,351,UA,ยูเครน,1B,ทวีปยุโรป,579255.0,8220.0
2021-06,2021,6,2,322,IE,ไอร์แลนด์,1B,ทวีปยุโรป,1214807.0,19581.0
2021-06,2021,6,2,283,PK,ปากีสถาน,1A,ทวีปเอเชีย,0.0,0.0
2021-06,2021,6,2,287,CY,ไซปรัส,1A,ทวีปเอเชีย,936552.0,18279.0
2021-06,2021,6,2,292,KW,คูเวต,1A,ทวีปเอเชีย,862804.0,16272.0
2021-06,2021,6,2,365,MT,มอลตา,1B,ทวีปยุโรป,1416961.0,32027.0
2021-06,2021,6,2,277,BD,บังกลาเทศ,1A,ทวีปเอเชีย,266306.0,3935.0
2021-06,2021,6,2,266,BN,บรูไน,1A,ทวีปเอเชีย,23060.0,325.0
2021-06,2021,6,2,293,LB,เลบานอน,1A,ทวีปเอเชีย,24717.0,252.0
2021-06,2021,6,2,409,BR,บราซิล,1D,ทวีปอเมริกาใต้,0.0,0.0
2021-06,2021,6,2,363,LV,ลัตเวีย,1B,ทวีปยุโรป,241154.0,3346.0
2021-06,2021,6,2,291,JO,จอร์แดน,1A,ทวีปเอเชีย,0.0,0.0
2021-06,2021,6,2,313,BE,เบลเยียม,1B,ทวีปยุโรป,599797.0,8602.0
2021-06,2021,6,2,286,BH,บาห์เรน,1A,ทวีปเอเชีย,220353.0,3967.0
2021-06,2021,6,2,295,QA,กาตาร์,1A,ทวีปเอเชีย,0.0,0.0
2021-06,2021,6,2,486,FJ,ฟิจิ,1F,ทวีปออสเตรเลีย,381847.0,7140.0
2021-06,2021,6,2,326,PT,โปรตุเกส,1B,ทวีปยุโรป,1405979.0,32074.0
2021-06,2021,6,2,420,SR,ซูรินาเม,1D,ทวีปอเมริกาใต้,482509.0,9362.0
2021-06,2021,6,2,339,HU,ฮังการี,1B,ทวีปยุโรป,209299.0,2231.0
2021-06,2021,6,2,389,HN,ฮอนดูรัส,1C,ทวีปอเมริกาเหนือ,0.0,0.0
2021-06,2021,6,2,344,RO,โรมาเนีย,1B,ทวีปยุโรป,28934.0,240.0
2021-06,2021,6,2,281,MV,มัลดีฟส์,1A,ทวีปเอเชีย,393612.0,9251.0
2021-06,2021,6,2,410,CL,ชิลี,1D,ทวีปอเมริกาใต้,0.0,0.0
2021-06,2021,6,2,456,MU,มอริเชียส,1E,ทวีปแอฟริกา,623459.0,10471.0
2021-06,2021,6,2,337,GE,จอร์เจีย,1A,ทวีปเอเชีย,0.0,0.0
2021-06,2021,6,2,381,CR,คอสตาริกา,1C,ทวีปอเมริกาเหนือ,487726.0,8332.0
2021-06,2021,6,2,294,OM,โอมาน,1A,ทวีปเอเชีย,69984.0,1050.0
2021-06,2021,6,2,463,RE,เรอูนียง,1E,ทวีปแอฟริกา,94076.0,1392.0
2021-06,2021,6,2,407,AR,อาร์เจนตินา,1D,ทวีปอเมริกาใต้,0.0,0.0
2021-06,2021,6,2,411,CO,โคลอมเบีย,1D,ทวีปอเมริกาใต้,8320.0,32.0
2021-06,2021,6,2,360,IS,ไอซ์แลนด์,1B,ทวีปยุโรป,153081.0,2425.0
2021-06,2021,6,2,307,MN,มองโกเลีย,1A,ทวีปเอเชีย,0.0,0.0
2021-06,2021,6,2,342,MD,มอลโดวา,1B,ทวีปยุโรป,0.0,0.0
2021-06,2021,6,2,280,LK,ศรีลังกา,1A,ทวีปเอเชีย,0.0,0.0
2021-06,2021,6,2,452,MA,โมร็อกโก,1E,ทวีปแอฟริกา,0.0,0.0
2021-06,2021,6,2,447,KE,เคนยา,1E,ทวีปแอฟริกา,7624.0,103.0
2021-06,2021,6,2,377,BB,บาร์เบโดส,1C,ทวีปอเมริกาเหนือ,219592.0,4608.0
2021-06,2021,6,2,341,KZ,คาซัคสถาน,1A,ทวีปเอเชีย,0.0,0.0
2021-06,2021,6,2,493,NC,นิวแคลีโดเนีย,1F,ทวีปออสเตรเลีย,51346.0,513.0
2021-06,2021,6,2,357,EE,เอสโตเนีย,1B,ทวีปยุโรป,66004.0,816.0
2021-06,2021,6,2,453,MG,มาดากัสการ์,1E,ทวีปแอฟริกา,119962.0,2228.0
2021-06,2021,6,2,332,AZ,อาเซอร์ไบจาน,1A,ทวีปเอเชีย,0.0,0.0
2021-06,2021,6,2,372,MX,เม็กซิโก,1C,ทวีปอเมริกาเหนือ,138910.0,2571.0
2021-06,2021,6,2,489,GU,กวม,1F,ทวีปออสเตรเลีย,5571.0,96.0
2021-06,2021,6,2,384,DO,สาธารณรัฐโดมินิกัน,1C,ทวีปอเมริกาเหนือ,75622.0,1619.0
2021-06,2021,6,2,414,GF,เฟรนช์เกียนา,1D,ทวีปอเมริกาใต้,63086.0,1144.0
2021-06,2021,6,2,282,NP,เนปาล,1A,ทวีปเอเชีย,122000.0,216.0
2021-06,2021,6,2,290,IR,อิหร่าน,1A,ทวีปเอเชีย,0.0,0.0
2021-06,2021,6,2,499,PG,ปาปัวนิวกินี,1F,ทวีปออสเตรเลีย,98794.0,2418.0
2021-06,2021,6,2,422,VE,เวเนซุเอลา,1D,ทวีปอเมริกาใต้,0.0,0.0
2021-06,2021,6,2,308,MO,มาเก๊า,1A,ทวีปเอเชีย,148950.0,1527.0
2021-06,2021,6,2,333,BG,บัลแกเรีย,1B,ทวีปยุโรป,160448.0,2580.0
2021-06,2021,6,2,469,SN,เซเนกัล,1E,ทวีปแอฟริกา,0.0,0.0
2021-06,2021,6,2,502,SB,โซโลมอน,1F,ทวีปออสเตรเลีย,40683.0,378.0
2021-06,2021,6,2,461,NG,ไนจีเรีย,1E,ทวีปแอฟริกา,0.0,0.0
2021-06,2021,6,2,484,CK,หมู่เกาะดุก,1F,ทวีปออสเตรเลีย,131197.0,3552.0
2021-06,2021,6,2,492,MP,เกาะมาเรียนาเหนือ,1F,ทวีปออสเตรเลีย,71635.0,900.0
2021-06,2021,6,2,506,WS,ซามัวตะวันตก,1F,ทวีปออสเตรเลีย,0.0,0.0
2021-06,2021,6,2,331,AM,อาร์เมเนีย,1A,ทวีปเอเชีย,0.0,0.0
2021-06,2021,6,2,504,TO,ตองกา,1F,ทวีปออสเตรเลีย,0.0,0.0
2021-06,2021,6,2,475,TN,ตูนิเซีย,1E,ทวีปแอฟริกา,0.0,0.0
2021-06,2021,6,2,417,PE,เปรู,1D,ทวีปอเมริกาใต้,0.0,0.0
2021-06,2021,6,2,352,UZ,อุซเบกิสถาน,1A,ทวีปเอเชีย,0.0,0.0
2021-06,2021,6,2,397,PA,ปานามา,1C,ทวีปอเมริกาเหนือ,0.0,0.0
2021-06,2021,6,2,412,EC,เอกวาดอร์,1D,ทวีปอเมริกาใต้,0.0,0.0
2021-06,2021,6,2,530,YT,มายอต,1E,ทวีปแอฟริกา,0.0,0.0
2021-06,2021,6,2,526,WF,หมู่เกาะวาลลิสและฟุตูนา,1F,ทวีปออสเตรเลีย,0.0,0.0
2021-06,2021,6,2,490,KI,คิริบาส,1F,ทวีปออสเตรเลีย,10218.0,118.0
2021-06,2021,6,2,505,VU,วานูอาตู,1F,ทวีปออสเตรเลีย,0.0,0.0
2021-06,2021,6,2,346,SI,สโลวีเนีย,1B,ทวีปยุโรป,4338.0,46.0
2021-06,2021,6,2,388,GT,กัวเตมาลา,1C,ทวีปอเมริกาเหนือ,0.0,0.0
2021-06,2021,6,2,501,PW,ปาลัว,1F,ทวีปออสเตรเลีย,0.0,0.0
2021-06,2021,6,2,498,PF,เฟรนช์โปลีนีเซีย,1F,ทวีปออสเตรเลีย,1260.0,7.0
2021-06,2021,6,2,338,HR,โครเอเชีย,1B,ทวีปยุโรป,0.0,0.0
2021-07,2021,7,3,325,NL,เนเธอร์แลนด์,1B,ทวีปยุโรป,38359828.0,519639.0
2021-07,2021,7,3,315,DE,เยอรมนี,1B,ทวีปยุโรป,34106014.0,497982.0
2021-07,2021,7,3,320,GB,สหราชอาณาจักร,1B,ทวีปยุโรป,26375879.0,438912.0
2021-07,2021,7,3,373,US,สหรัฐอเมริกา,1C,ทวีปอเมริกาเหนือ,20885797.0,348687.0
2021-07,2021,7,3,327,SE,สวีเดน,1B,ทวีปยุโรป,13342360.0,243754.0
2021-07,2021,7,3,306,KR,เกาหลีใต้,1A,ทวีปเอเชีย,12062979.0,258612.0
2021-07,2021,7,3,345,RU,รัสเซีย,1B,ทวีปยุโรป,14150679.0,279066.0
2021-07,2021,7,3,319,FR,ฝรั่งเศส,1B,ทวีปยุโรป,7836464.0,160764.0
2021-07,2021,7,3,269,LA,สปป. ลาว,1A,ทวีปเอเชีย,5331150.0,176228.0
2021-07,2021,7,3,483,AU,ออสเตรเลีย,1F,ทวีปออสเตรเลีย,8642401.0,190144.0
2021-07,2021,7,3,371,CA,แคนาดา,1C,ทวีปอเมริกาเหนือ,7653193.0,159055.0
2021-07,2021,7,3,268,KH,กัมพูชา,1A,ทวีปเอเชีย,7469854.0,225459.0
2021-07,2021,7,3,273,SG,สิงคโปร์,1A,ทวีปเอเชีย,5732034.0,117771.0
2021-07,2021,7,3,304,JP,ญี่ปุ่น,1A,ทวีปเอเชีย,5387629.0,89094.0
2021-07,2021,7,3,302,CN,จีน,1A,ทวีปเอเชีย,2923373.0,56198.0
2021-07,2021,7,3,343,PL,โปแลนด์,1B,ทวีปยุโรป,8108237.0,138317.0
2021-07,2021,7,3,316,DK,เดนมาร์ก,1B,ทวีปยุโรป,3474469.0,57723.0
2021-07,2021,7,3,270,MM,เมียนมา,1A,ทวีปเอเชีย,2678167.0,78129.0
2021-07,2021,7,3,288,IL,อิสราเอล,1A,ทวีปเอเชีย,4042612.0,91851.0
2021-07,2021,7,3,323,IT,อิตาลี,1B,ทวีปยุโรป,5885332.0,82951.0
2021-07,2021,7,3,271,MY,มาเลเซีย,1A,ทวีปเอเชีย,810292.0,11621.0
2021-07,2021,7,3,296,SA,ซาอุดีอาระเบีย,1A,ทวีปเอเชีย,1332389.0,20242.0
2021-07,2021,7,3,272,PH,ฟิลิปปินส์,1A,ทวีปเอเชีย,4054930.0,51988.0
2021-07,2021,7,3,317,ES,สเปน,1B,ทวีปยุโรป,6403169.0,116709.0
2021-07,2021,7,3,303,HK,ฮ่องกง,1A,ทวีปเอเชีย,2376431.0,47953.0
2021-07,2021,7,3,366,NO,นอร์เวย์,1B,ทวีปยุโรป,2308149.0,51221.0
2021-07,2021,7,3,279,IN,อินเดีย,1A,ทวีปเอเชีย,1317647.0,25922.0
2021-07,2021,7,3,497,NZ,นิวซีแลนด์,1F,ทวีปออสเตรเลีย,2560636.0,44276.0
2021-07,2021,7,3,298,TR,ตุรกี,1A,ทวีปเอเชีย,3273666.0,52816.0
2021-07,2021,7,3,309,TW,ไต้หวัน,1A,ทวีปเอเชีย,942437.0,19901.0
2021-07,2021,7,3,274,VN,เวียดนาม,1A,ทวีปเอเชีย,214057.0,4658.0
2021-07,2021,7,3,318,FI,ฟินแลนด์,1B,ทวีปยุโรป,778890.0,19435.0
2021-07,2021,7,3,285,AE,สหรัฐอาหรับเอมิเรตส์,1A,ทวีปเอเชีย,820597.0,12863.0
2021-07,2021,7,3,478,ZA,แอฟริกาใต้,1E,ทวีปแอฟริกา,811054.0,12207.0
2021-07,2021,7,3,312,AT,ออสเตรีย,1B,ทวีปยุโรป,1597886.0,36185.0
2021-07,2021,7,3,321,GR,กรีซ,1B,ทวีปยุโรป,2950924.0,50606.0
2021-07,2021,7,3,267,ID,อินโดนีเซีย,1A,ทวีปเอเชีย,2591595.0,14562.0
2021-07,2021,7,3,356,CH,สวิตเซอร์แลนด์,1B,ทวีปยุโรป,2601594.0,43073.0
2021-07,2021,7,3,437,EG,อียิปต์,1E,ทวีปแอฟริกา,429286.0,7070.0
2021-07,2021,7,3,351,UA,ยูเครน,1B,ทวีปยุโรป,1341083.0,32515.0
2021-07,2021,7,3,336,CZ,สาธารณรัฐเช็ก,1B,ทวีปยุโรป,557533.0,10567.0
2021-07,2021,7,3,322,IE,ไอร์แลนด์,1B,ทวีปยุโรป,1194124.0,17264.0
2021-07,2021,7,3,365,MT,มอลตา,1B,ทวีปยุโรป,985930.0,22003.0
2021-07,2021,7,3,283,PK,ปากีสถาน,1A,ทวีปเอเชีย,0.0,0.0
2021-07,2021,7,3,287,CY,ไซปรัส,1A,ทวีปเอเชีย,3003.0,23.0
2021-07,2021,7,3,292,KW,คูเวต,1A,ทวีปเอเชีย,94694.0,819.0
2021-07,2021,7,3,277,BD,บังกลาเทศ,1A,ทวีปเอเชีย,0.0,0.0
2021-07,2021,7,3,266,BN,บรูไน,1A,ทวีปเอเชีย,289176.0,6458.0
2021-07,2021,7,3,409,BR,บราซิล,1D,ทวีปอเมริกาใต้,206134.0,2839.0
2021-07,2021,7,3,293,LB,เลบานอน,1A,ทวีปเอเชีย,0.0,0.0
2021-07,2021,7,3,363,LV,ลัตเวีย,1B,ทวีปยุโรป,470916.0,6678.0
2021-07,2021,7,3,291,JO,จอร์แดน,1A,ทวีปเอเชีย,632913.0,7121.0
2021-07,2021,7,3,286,BH,บาห์เรน,1A,ทวีปเอเชีย,1044264.0,22712.0
2021-07,2021,7,3,326,PT,โปรตุเกส,1B,ทวีปยุโรป,847500.0,20484.0
2021-07,2021,7,3,313,BE,เบลเยียม,1B,ทวีปยุโรป,49369.0,418.0
2021-07,2021,7,3,486,FJ,ฟิจิ,1F,ทวีปออสเตรเลีย,283479.0,4349.0
2021-07,2021,7,3,344,RO,โรมาเนีย,1B,ทวีปยุโรป,378872.0,6407.0
2021-07,2021,7,3,295,QA,กาตาร์,1A,ทวีปเอเชีย,85259.0,1786.0
2021-07,2021,7,3,410,CL,ชิลี,1D,ทวีปอเมริกาใต้,317842.0,2531.0
2021-07,2021,7,3,407,AR,อาร์เจนตินา,1D,ทวีปอเมริกาใต้,683069.0,8437.0
2021-07,2021,7,3,337,GE,จอร์เจีย,1A,ทวีปเอเชีย,277561.0,6567.0
2021-07,2021,7,3,420,SR,ซูรินาเม,1D,ทวีปอเมริกาใต้,0.0,0.0
2021-07,2021,7,3,339,HU,ฮังการี,1B,ทวีปยุโรป,0.0,0.0
2021-07,2021,7,3,452,MA,โมร็อกโก,1E,ทวีปแอฟริกา,743194.0,9630.0
2021-07,2021,7,3,389,HN,ฮอนดูรัส,1C,ทวีปอเมริกาเหนือ,0.0,0.0
2021-07,2021,7,3,281,MV,มัลดีฟส์,1A,ทวีปเอเชีย,8625.0,50.0
2021-07,2021,7,3,456,MU,มอริเชียส,1E,ทวีปแอฟริกา,13125.0,137.0
2021-07,2021,7,3,294,OM,โอมาน,1A,ทวีปเอเชีย,158229.0,2941.0
2021-07,2021,7,3,381,CR,คอสตาริกา,1C,ทวีปอเมริกาเหนือ,0.0,0.0
2021-07,2021,7,3,360,IS,ไอซ์แลนด์,1B,ทวีปยุโรป,207054.0,1962.0
2021-07,2021,7,3,463,RE,เรอูนียง,1E,ทวีปแอฟริกา,20273.0,205.0
2021-07,2021,7,3,411,CO,โคลอมเบีย,1D,ทวีปอเมริกาใต้,0.0,0.0
2021-07,2021,7,3,307,MN,มองโกเลีย,1A,ทวีปเอเชีย,0.0,0.0
2021-07,2021,7,3,342,MD,มอลโดวา,1B,ทวีปยุโรป,0.0,0.0
2021-07,2021,7,3,280,LK,ศรีลังกา,1A,ทวีปเอเชีย,0.0,0.0
2021-07,2021,7,3,453,MG,มาดากัสการ์,1E,ทวีปแอฟริกา,187452.0,3582.0
2021-07,2021,7,3,447,KE,เคนยา,1E,ทวีปแอฟริกา,0.0,0.0
2021-07,2021,7,3,372,MX,เม็กซิโก,1C,ทวีปอเมริกาเหนือ,164251.0,3123.0
2021-07,2021,7,3,377,BB,บาร์เบโดส,1C,ทวีปอเมริกาเหนือ,0.0,0.0
2021-07,2021,7,3,357,EE,เอสโตเนีย,1B,ทวีปยุโรป,99233.0,1320.0
2021-07,2021,7,3,341,KZ,คาซัคสถาน,1A,ทวีปเอเชีย,0.0,0.0
2021-07,2021,7,3,493,NC,นิวแคลีโดเนีย,1F,ทวีปออสเตรเลีย,12367.0,202.0
2021-07,2021,7,3,489,GU,กวม,1F,ทวีปออสเตรเลีย,55220.0,558.0
2021-07,2021,7,3,332,AZ,อาเซอร์ไบจาน,1A,ทวีปเอเชีย,0.0,0.0
2021-07,2021,7,3,384,DO,สาธารณรัฐโดมินิกัน,1C,ทวีปอเมริกาเหนือ,0.0,0.0
2021-07,2021,7,3,414,GF,เฟรนช์เกียนา,1D,ทวีปอเมริกาใต้,55423.0,900.0
2021-07,2021,7,3,308,MO,มาเก๊า,1A,ทวีปเอเชีย,90664.0,654.0
2021-07,2021,7,3,330,AL,แอลเบเนีย,1B,ทวีปยุโรป,252000.0,518.0
2021-07,2021,7,3,282,NP,เนปาล,1A,ทวีปเอเชีย,0.0,0.0
2021-07,2021,7,3,290,IR,อิหร่าน,1A,ทวีปเอเชีย,0.0,0.0
2021-07,2021,7,3,461,NG,ไนจีเรีย,1E,ทวีปแอฟริกา,65387.0,1453.0
2021-07,2021,7,3,499,PG,ปาปัวนิวกินี,1F,ทวีปออสเตรเลีย,0.0,0.0
2021-07,2021,7,3,498,PF,เฟรนช์โปลีนีเซีย,1F,ทวีปออสเตรเลีย,188654.0,3804.0
2021-07,2021,7,3,422,VE,เวเนซุเอลา,1D,ทวีปอเมริกาใต้,0.0,0.0
2021-07,2021,7,3,333,BG,บัลแกเรีย,1B,ทวีปยุโรป,0.0,0.0
2021-07,2021,7,3,469,SN,เซเนกัล,1E,ทวีปแอฟริกา,0.0,0.0
2021-07,2021,7,3,506,WS,ซามัวตะวันตก,1F,ทวีปออสเตรเลีย,24140.0,280.0
2021-07,2021,7,3,502,SB,โซโลมอน,1F,ทวีปออสเตรเลีย,0.0,0.0
2021-07,2021,7,3,484,CK,หมู่เกาะดุก,1F,ทวีปออสเตรเลีย,0.0,0.0
2021-07,2021,7,3,492,MP,เกาะมาเรียนาเหนือ,1F,ทวีปออสเตรเลีย,3324.0,35.0
2021-07,2021,7,3,331,AM,อาร์เมเนีย,1A,ทวีปเอเชีย,0.0,0.0
2021-07,2021,7,3,504,TO,ตองกา,1F,ทวีปออสเตรเลีย,0.0,0.0
2021-07,2021,7,3,475,TN,ตูนิเซีย,1E,ทวีปแอฟริกา,0.0,0.0
2021-07,2021,7,3,417,PE,เปรู,1D,ทวีปอเมริกาใต้,0.0,0.0
2021-07,2021,7,3,352,UZ,อุซเบกิสถาน,1A,ทวีปเอเชีย,0.0,0.0
2021-07,2021,7,3,397,PA,ปานามา,1C,ทวีปอเมริกาเหนือ,0.0,0.0
2021-07,2021,7,3,412,EC,เอกวาดอร์,1D,ทวีปอเมริกาใต้,26243.0,169.0
2021-07,2021,7,3,530,YT,มายอต,1E,ทวีปแอฟริกา,0.0,0.0
2021-07,2021,7,3,526,WF,หมู่เกาะวาลลิสและฟุตูนา,1F,ทวีปออสเตรเลีย,0.0,0.0
2021-07,2021,7,3,490,KI,คิริบาส,1F,ทวีปออสเตรเลีย,0.0,0.0
2021-07,2021,7,3,505,VU,วานูอาตู,1F,ทวีปออสเตรเลีย,0.0,0.0
2021-07,2021,7,3,346,SI,สโลวีเนีย,1B,ทวีปยุโรป,0.0,0.0
2021-07,2021,7,3,388,GT,กัวเตมาลา,1C,ทวีปอเมริกาเหนือ,0.0,0.0
2021-07,2021,7,3,501,PW,ปาลัว,1F,ทวีปออสเตรเลีย,0.0,0.0
2021-07,2021,7,3,338,HR,โครเอเชีย,1B,ทวีปยุโรป,0.0,0.0
2021-08,2021,8,3,325,NL,เนเธอร์แลนด์,1B,ทวีปยุโรป,37594091.0,513372.0
2021-08,2021,8,3,315,DE,เยอรมนี,1B,ทวีปยุโรป,35041276.0,469180.0
2021-08,2021,8,3,320,GB,สหราชอาณาจักร,1B,ทวีปยุโรป,27161595.0,331992.0
2021-08,2021,8,3,373,US,สหรัฐอเมริกา,1C,ทวีปอเมริกาเหนือ,29131401.0,536168.0
2021-08,2021,8,3,327,SE,สวีเดน,1B,ทวีปยุโรป,18116137.0,347851.0
2021-08,2021,8,3,306,KR,เกาหลีใต้,1A,ทวีปเอเชีย,21011774.0,398416.0
2021-08,2021,8,3,345,RU,รัสเซีย,1B,ทวีปยุโรป,7563326.0,169908.0
2021-08,2021,8,3,319,FR,ฝรั่งเศส,1B,ทวีปยุโรป,13700813.0,252880.0
2021-08,2021,8,3,269,LA,สปป. ลาว,1A,ทวีปเอเชีย,6544216.0,240953.0
2021-08,2021,8,3,483,AU,ออสเตรเลีย,1F,ทวีปออสเตรเลีย,8084299.0,223260.0
2021-08,2021,8,3,371,CA,แคนาดา,1C,ทวีปอเมริกาเหนือ,3986660.0,75884.0
2021-08,2021,8,3,268,KH,กัมพูชา,1A,ทวีปเอเชีย,6142611.0,201105.0
2021-08,2021,8,3,273,SG,สิงคโปร์,1A,ทวีปเอเชีย,4869978.0,94418.0
2021-08,2021,8,3,304,JP,ญี่ปุ่น,1A,ทวีปเอเชีย,6097088.0,83751.0
2021-08,2021,8,3,302,CN,จีน,1A,ทวีปเอเชีย,5573127.0,93843.0
2021-08,2021,8,3,343,PL,โปแลนด์,1B,ทวีปยุโรป,3183254.0,51205.0
2021-08,2021,8,3,316,DK,เดนมาร์ก,1B,ทวีปยุโรป,4704551.0,85093.0
2021-08,2021,8,3,270,MM,เมียนมา,1A,ทวีปเอเชีย,5968753.0,152155.0
2021-08,2021,8,3,288,IL,อิสราเอล,1A,ทวีปเอเชีย,4265883.0,93610.0
2021-08,2021,8,3,323,IT,อิตาลี,1B,ทวีปยุโรป,3551739.0,72427.0
2021-08,2021,8,3,317,ES,สเปน,1B,ทวีปยุโรป,7329022.0,135449.0
2021-08,2021,8,3,272,PH,ฟิลิปปินส์,1A,ทวีปเอเชีย,3050388.0,36107.0
2021-08,2021,8,3,296,SA,ซาอุดีอาระเบีย,1A,ทวีปเอเชีย,1929865.0,57316.0
2021-08,2021,8,3,497,NZ,นิวซีแลนด์,1F,ทวีปออสเตรเลีย,6564817.0,97518.0
2021-08,2021,8,3,271,MY,มาเลเซีย,1A,ทวีปเอเชีย,747127.0,7094.0
2021-08,2021,8,3,303,HK,ฮ่องกง,1A,ทวีปเอเชีย,3602240.0,58590.0
2021-08,2021,8,3,279,IN,อินเดีย,1A,ทวีปเอเชีย,3310808.0,62715.0
2021-08,2021,8,3,366,NO,นอร์เวย์,1B,ทวีปยุโรป,662808.0,13085.0
2021-08,2021,8,3,298,TR,ตุรกี,1A,ทวีปเอเชีย,3611210.0,47780.0
2021-08,2021,8,3,309,TW,ไต้หวัน,1A,ทวีปเอเชีย,1661838.0,30168.0
2021-08,2021,8,3,285,AE,สหรัฐอาหรับเอมิเรตส์,1A,ทวีปเอเชีย,2317426.0,33353.0
2021-08,2021,8,3,318,FI,ฟินแลนด์,1B,ทวีปยุโรป,1746352.0,34751.0
2021-08,2021,8,3,274,VN,เวียดนาม,1A,ทวีปเอเชีย,1475436.0,27360.0
2021-08,2021,8,3,312,AT,ออสเตรีย,1B,ทวีปยุโรป,1607219.0,31313.0
2021-08,2021,8,3,478,ZA,แอฟริกาใต้,1E,ทวีปแอฟริกา,135723.0,3372.0
2021-08,2021,8,3,267,ID,อินโดนีเซีย,1A,ทวีปเอเชีย,1534555.0,27797.0
2021-08,2021,8,3,321,GR,กรีซ,1B,ทวีปยุโรป,910072.0,20278.0
2021-08,2021,8,3,336,CZ,สาธารณรัฐเช็ก,1B,ทวีปยุโรป,4158276.0,71374.0
2021-08,2021,8,3,322,IE,ไอร์แลนด์,1B,ทวีปยุโรป,2978447.0,45896.0
2021-08,2021,8,3,356,CH,สวิตเซอร์แลนด์,1B,ทวีปยุโรป,294491.0,5971.0
2021-08,2021,8,3,437,EG,อียิปต์,1E,ทวีปแอฟริกา,0.0,0.0
2021-08,2021,8,3,351,UA,ยูเครน,1B,ทวีปยุโรป,544656.0,8994.0
2021-08,2021,8,3,287,CY,ไซปรัส,1A,ทวีปเอเชีย,829918.0,17548.0
2021-08,2021,8,3,365,MT,มอลตา,1B,ทวีปยุโรป,0.0,0.0
2021-08,2021,8,3,409,BR,บราซิล,1D,ทวีปอเมริกาใต้,1462103.0,23081.0
2021-08,2021,8,3,292,KW,คูเวต,1A,ทวีปเอเชีย,507660.0,6744.0
2021-08,2021,8,3,283,PK,ปากีสถาน,1A,ทวีปเอเชีย,0.0,0.0
2021-08,2021,8,3,277,BD,บังกลาเทศ,1A,ทวีปเอเชีย,320983.0,7440.0
2021-08,2021,8,3,286,BH,บาห์เรน,1A,ทวีปเอเชีย,971839.0,12027.0
2021-08,2021,8,3,291,JO,จอร์แดน,1A,ทวีปเอเชีย,784766.0,11781.0
2021-08,2021,8,3,363,LV,ลัตเวีย,1B,ทวีปยุโรป,565953.0,12195.0
2021-08,2021,8,3,266,BN,บรูไน,1A,ทวีปเอเชีย,25544.0,218.0
2021-08,2021,8,3,326,PT,โปรตุเกส,1B,ทวีปยุโรป,886090.0,20880.0
2021-08,2021,8,3,293,LB,เลบานอน,1A,ทวีปเอเชีย,0.0,0.0
2021-08,2021,8,3,344,RO,โรมาเนีย,1B,ทวีปยุโรป,1132017.0,17635.0
2021-08,2021,8,3,313,BE,เบลเยียม,1B,ทวีปยุโรป,390063.0,4990.0
2021-08,2021,8,3,389,HN,ฮอนดูรัส,1C,ทวีปอเมริกาเหนือ,664853.0,15122.0
2021-08,2021,8,3,339,HU,ฮังการี,1B,ทวีปยุโรป,550946.0,4746.0
2021-08,2021,8,3,486,FJ,ฟิจิ,1F,ทวีปออสเตรเลีย,0.0,0.0
2021-08,2021,8,3,307,MN,มองโกเลีย,1A,ทวีปเอเชีย,1058138.0,21987.0
2021-08,2021,8,3,295,QA,กาตาร์,1A,ทวีปเอเชีย,137313.0,1083.0
2021-08,2021,8,3,410,CL,ชิลี,1D,ทวีปอเมริกาใต้,0.0,0.0
2021-08,2021,8,3,407,AR,อาร์เจนตินา,1D,ทวีปอเมริกาใต้,0.0,0.0
2021-08,2021,8,3,337,GE,จอร์เจีย,1A,ทวีปเอเชีย,0.0,0.0
2021-08,2021,8,3,420,SR,ซูรินาเม,1D,ทวีปอเมริกาใต้,0.0,0.0
2021-08,2021,8,3,452,MA,โมร็อกโก,1E,ทวีปแอฟริกา,33062.0,209.0
2021-08,2021,8,3,281,MV,มัลดีฟส์,1A,ทวีปเอเชีย,0.0,0.0
2021-08,2021,8,3,456,MU,มอริเชียส,1E,ทวีปแอฟริกา,0.0,0.0
2021-08,2021,8,3,294,OM,โอมาน,1A,ทวีปเอเชีย,45334.0,549.0
2021-08,2021,8,3,381,CR,คอสตาริกา,1C,ทวีปอเมริกาเหนือ,0.0,0.0
2021-08,2021,8,3,360,IS,ไอซ์แลนด์,1B,ทวีปยุโรป,43135.0,472.0
2021-08,2021,8,3,463,RE,เรอูนียง,1E,ทวีปแอฟริกา,117226.0,2340.0
2021-08,2021,8,3,411,CO,โคลอมเบีย,1D,ทวีปอเมริกาใต้,22397.0,360.0
2021-08,2021,8,3,342,MD,มอลโดวา,1B,ทวีปยุโรป,0.0,0.0
2021-08,2021,8,3,447,KE,เคนยา,1E,ทวีปแอฟริกา,80387.0,1173.0
2021-08,2021,8,3,372,MX,เม็กซิโก,1C,ทวีปอเมริกาเหนือ,66655.0,1152.0
2021-08,2021,8,3,280,LK,ศรีลังกา,1A,ทวีปเอเชีย,0.0,0.0
2021-08,2021,8,3,384,DO,สาธารณรัฐโดมินิกัน,1C,ทวีปอเมริกาเหนือ,211276.0,4353.0
2021-08,2021,8,3,453,MG,มาดากัสการ์,1E,ทวีปแอฟริกา,0.0,0.0
2021-08,2021,8,3,377,BB,บาร์เบโดส,1C,ทวีปอเมริกาเหนือ,0.0,0.0
2021-08,2021,8,3,357,EE,เอสโตเนีย,1B,ทวีปยุโรป,0.0,0.0
2021-08,2021,8,3,341,KZ,คาซัคสถาน,1A,ทวีปเอเชีย,0.0,0.0
2021-08,2021,8,3,493,NC,นิวแคลีโดเนีย,1F,ทวีปออสเตรเลีย,2995.0,79.0
2021-08,2021,8,3,489,GU,กวม,1F,ทวีปออสเตรเลีย,0.0,0.0
2021-08,2021,8,3,414,GF,เฟรนช์เกียนา,1D,ทวีปอเมริกาใต้,44762.0,690.0
2021-08,2021,8,3,332,AZ,อาเซอร์ไบจาน,1A,ทวีปเอเชีย,0.0,0.0
2021-08,2021,8,3,308,MO,มาเก๊า,1A,ทวีปเอเชีย,0.0,0.0
2021-08,2021,8,3,330,AL,แอลเบเนีย,1B,ทวีปยุโรป,0.0,0.0
2021-08,2021,8,3,282,NP,เนปาล,1A,ทวีปเอเชีย,0.0,0.0
2021-08,2021,8,3,290,IR,อิหร่าน,1A,ทวีปเอเชีย,0.0,0.0
2021-08,2021,8,3,502,SB,โซโลมอน,1F,ทวีปออสเตรเลีย,69536.0,648.0
2021-08,2021,8,3,397,PA,ปานามา,1C,ทวีปอเมริกาเหนือ,147454.0,1991.0
2021-08,2021,8,3,461,NG,ไนจีเรีย,1E,ทวีปแอฟริกา,977.0,24.0
2021-08,2021,8,3,492,MP,เกาะมาเรียนาเหนือ,1F,ทวีปออสเตรเลีย,61723.0,1325.0
2021-08,2021,8,3,499,PG,ปาปัวนิวกินี,1F,ทวีปออสเตรเลีย,0.0,0.0
2021-08,2021,8,3,498,PF,เฟรนช์โปลีนีเซีย,1F,ทวีปออสเตรเลีย,0.0,0.0
2021-08,2021,8,3,422,VE,เวเนซุเอลา,1D,ทวีปอเมริกาใต้,0.0,0.0
2021-08,2021,8,3,333,BG,บัลแกเรีย,1B,ทวีปยุโรป,0.0,0.0
2021-08,2021,8,3,469,SN,เซเนกัล,1E,ทวีปแอฟริกา,0.0,0.0
2021-08,2021,8,3,506,WS,ซามัวตะวันตก,1F,ทวีปออสเตรเลีย,0.0,0.0
2021-08,2021,8,3,484,CK,หมู่เกาะดุก,1F,ทวีปออสเตรเลีย,0.0,0.0
2021-08,2021,8,3,331,AM,อาร์เมเนีย,1A,ทวีปเอเชีย,0.0,0.0
2021-08,2021,8,3,504,TO,ตองกา,1F,ทวีปออสเตรเลีย,0.0,0.0
2021-08,2021,8,3,475,TN,ตูนิเซีย,1E,ทวีปแอฟริกา,0.0,0.0
2021-08,2021,8,3,347,SK,สโลวาเกีย,1B,ทวีปยุโรป,80571.0,1080.0
2021-08,2021,8,3,362,LT,ลิทัวเนีย,1B,ทวีปยุโรป,66864.0,616.0
2021-08,2021,8,3,417,PE,เปรู,1D,ทวีปอเมริกาใต้,0.0,0.0
2021-08,2021,8,3,352,UZ,อุซเบกิสถาน,1A,ทวีปเอเชีย,0.0,0.0
2021-08,2021,8,3,412,EC,เอกวาดอร์,1D,ทวีปอเมริกาใต้,7282.0,45.0
2021-08,2021,8,3,526,WF,หมู่เกาะวาลลิสและฟุตูนา,1F,ทวีปออสเตรเลีย,28567.0,384.0
2021-08,2021,8,3,530,YT,มายอต,1E,ทวีปแอฟริกา,0.0,0.0
2021-08,2021,8,3,505,VU,วานูอาตู,1F,ทวีปออสเตรเลีย,11801.0,124.0
2021-08,2021,8,3,490,KI,คิริบาส,1F,ทวีปออสเตรเลีย,0.0,0.0
2021-08,2021,8,3,346,SI,สโลวีเนีย,1B,ทวีปยุโรป,0.0,0.0
2021-08,2021,8,3,388,GT,กัวเตมาลา,1C,ทวีปอเมริกาเหนือ,0.0,0.0
2021-08,2021,8,3,501,PW,ปาลัว,1F,ทวีปออสเตรเลีย,0.0,0.0
2021-08,2021,8,3,334,BY,เบลารุส,1B,ทวีปยุโรป,1406.0,8.0
2021-08,2021,8,3,338,HR,โครเอเชีย,1B,ทวีปยุโรป,0.0,0.0
2021-09,2021,9,3,325,NL,เนเธอร์แลนด์,1B,ทวีปยุโรป,21530327.0,311883.0
2021-09,2021,9,3,315,DE,เยอรมนี,1B,ทวีปยุโรป,43507024.0,588594.0
2021-09,2021,9,3,320,GB,สหราชอาณาจักร,1B,ทวีปยุโรป,46318858.0,747345.0
2021-09,2021,9,3,373,US,สหรัฐอเมริกา,1C,ทวีปอเมริกาเหนือ,50676272.0,788000.0
2021-09,2021,9,3,327,SE,สวีเดน,1B,ทวีปยุโรป,17729305.0,331912.0
2021-09,2021,9,3,306,KR,เกาหลีใต้,1A,ทวีปเอเชีย,14695238.0,240717.0
2021-09,2021,9,3,345,RU,รัสเซีย,1B,ทวีปยุโรป,10789915.0,198809.0
2021-09,2021,9,3,319,FR,ฝรั่งเศส,1B,ทวีปยุโรป,17808686.0,333183.0
2021-09,2021,9,3,269,LA,สปป. ลาว,1A,ทวีปเอเชีย,9918381.0,267075.0
2021-09,2021,9,3,371,CA,แคนาดา,1C,ทวีปอเมริกาเหนือ,16382513.0,352421.0
2021-09,2021,9,3,483,AU,ออสเตรเลีย,1F,ทวีปออสเตรเลีย,7535226.0,170245.0
2021-09,2021,9,3,268,KH,กัมพูชา,1A,ทวีปเอเชีย,15186866.0,444296.0
2021-09,2021,9,3,273,SG,สิงคโปร์,1A,ทวีปเอเชีย,12339668.0,230391.0
2021-09,2021,9,3,304,JP,ญี่ปุ่น,1A,ทวีปเอเชีย,12257896.0,168965.0
2021-09,2021,9,3,302,CN,จีน,1A,ทวีปเอเชีย,9679647.0,141757.0
2021-09,2021,9,3,343,PL,โปแลนด์,1B,ทวีปยุโรป,6756614.0,123188.0
2021-09,2021,9,3,316,DK,เดนมาร์ก,1B,ทวีปยุโรป,3614748.0,64395.0
2021-09,2021,9,3,271,MY,มาเลเซีย,1A,ทวีปเอเชีย,19302835.0,259083.0
2021-09,2021,9,3,270,MM,เมียนมา,1A,ทวีปเอเชีย,4831218.0,116139.0
2021-09,2021,9,3,288,IL,อิสราเอล,1A,ทวีปเอเชีย,3150662.0,75445.0
2021-09,2021,9,3,323,IT,อิตาลี,1B,ทวีปยุโรป,7001321.0,114066.0
2021-09,2021,9,3,296,SA,ซาอุดีอาระเบีย,1A,ทวีปเอเชีย,8922988.0,165482.0
2021-09,2021,9,3,272,PH,ฟิลิปปินส์,1A,ทวีปเอเชีย,6733330.0,69637.0
2021-09,2021,9,3,317,ES,สเปน,1B,ทวีปยุโรป,3576676.0,61682.0
2021-09,2021,9,3,279,IN,อินเดีย,1A,ทวีปเอเชีย,8713091.0,160002.0
2021-09,2021,9,3,303,HK,ฮ่องกง,1A,ทวีปเอเชีย,5995406.0,80167.0
2021-09,2021,9,3,497,NZ,นิวซีแลนด์,1F,ทวีปออสเตรเลีย,2679001.0,35531.0
2021-09,2021,9,3,298,TR,ตุรกี,1A,ทวีปเอเชีย,4894713.0,87910.0
2021-09,2021,9,3,366,NO,นอร์เวย์,1B,ทวีปยุโรป,1574892.0,34411.0
2021-09,2021,9,3,309,TW,ไต้หวัน,1A,ทวีปเอเชีย,2374451.0,44792.0
2021-09,2021,9,3,285,AE,สหรัฐอาหรับเอมิเรตส์,1A,ทวีปเอเชีย,1319745.0,23665.0
2021-09,2021,9,3,318,FI,ฟินแลนด์,1B,ทวีปยุโรป,1074395.0,18023.0
2021-09,2021,9,3,274,VN,เวียดนาม,1A,ทวีปเอเชีย,631656.0,14921.0
2021-09,2021,9,3,478,ZA,แอฟริกาใต้,1E,ทวีปแอฟริกา,3141317.0,44311.0
2021-09,2021,9,3,312,AT,ออสเตรีย,1B,ทวีปยุโรป,396877.0,9339.0
2021-09,2021,9,3,336,CZ,สาธารณรัฐเช็ก,1B,ทวีปยุโรป,2110502.0,23818.0
2021-09,2021,9,3,356,CH,สวิตเซอร์แลนด์,1B,ทวีปยุโรป,3716082.0,36631.0
2021-09,2021,9,3,267,ID,อินโดนีเซีย,1A,ทวีปเอเชีย,746234.0,6246.0
2021-09,2021,9,3,321,GR,กรีซ,1B,ทวีปยุโรป,943538.0,14461.0
2021-09,2021,9,3,322,IE,ไอร์แลนด์,1B,ทวีปยุโรป,1109556.0,12411.0
2021-09,2021,9,3,437,EG,อียิปต์,1E,ทวีปแอฟริกา,1739869.0,25268.0
2021-09,2021,9,3,351,UA,ยูเครน,1B,ทวีปยุโรป,865778.0,14610.0
2021-09,2021,9,3,287,CY,ไซปรัส,1A,ทวีปเอเชีย,863044.0,6724.0
2021-09,2021,9,3,409,BR,บราซิล,1D,ทวีปอเมริกาใต้,1060345.0,15463.0
2021-09,2021,9,3,292,KW,คูเวต,1A,ทวีปเอเชีย,206248.0,4016.0
2021-09,2021,9,3,283,PK,ปากีสถาน,1A,ทวีปเอเชีย,477213.0,6588.0
2021-09,2021,9,3,365,MT,มอลตา,1B,ทวีปยุโรป,0.0,0.0
2021-09,2021,9,3,266,BN,บรูไน,1A,ทวีปเอเชีย,1283730.0,27625.0
2021-09,2021,9,3,277,BD,บังกลาเทศ,1A,ทวีปเอเชีย,723186.0,13659.0
2021-09,2021,9,3,291,JO,จอร์แดน,1A,ทวีปเอเชีย,751928.0,10774.0
2021-09,2021,9,3,326,PT,โปรตุเกส,1B,ทวีปยุโรป,636151.0,11814.0
2021-09,2021,9,3,363,LV,ลัตเวีย,1B,ทวีปยุโรป,326344.0,4150.0
2021-09,2021,9,3,286,BH,บาห์เรน,1A,ทวีปเอเชีย,9311.0,225.0
2021-09,2021,9,3,307,MN,มองโกเลีย,1A,ทวีปเอเชีย,1764022.0,29428.0
2021-09,2021,9,3,293,LB,เลบานอน,1A,ทวีปเอเชีย,0.0,0.0
2021-09,2021,9,3,295,QA,กาตาร์,1A,ทวีปเอเชีย,1045563.0,16500.0
2021-09,2021,9,3,344,RO,โรมาเนีย,1B,ทวีปยุโรป,0.0,0.0
2021-09,2021,9,3,313,BE,เบลเยียม,1B,ทวีปยุโรป,6453.0,27.0
2021-09,2021,9,3,486,FJ,ฟิจิ,1F,ทวีปออสเตรเลีย,577315.0,7258.0
2021-09,2021,9,3,337,GE,จอร์เจีย,1A,ทวีปเอเชีย,552143.0,8932.0
2021-09,2021,9,3,389,HN,ฮอนดูรัส,1C,ทวีปอเมริกาเหนือ,0.0,0.0
2021-09,2021,9,3,339,HU,ฮังการี,1B,ทวีปยุโรป,0.0,0.0
2021-09,2021,9,3,463,RE,เรอูนียง,1E,ทวีปแอฟริกา,875668.0,9770.0
2021-09,2021,9,3,410,CL,ชิลี,1D,ทวีปอเมริกาใต้,126897.0,1458.0
2021-09,2021,9,3,411,CO,โคลอมเบีย,1D,ทวีปอเมริกาใต้,687856.0,9144.0
2021-09,2021,9,3,407,AR,อาร์เจนตินา,1D,ทวีปอเมริกาใต้,0.0,0.0
2021-09,2021,9,3,456,MU,มอริเชียส,1E,ทวีปแอฟริกา,221703.0,4205.0
2021-09,2021,9,3,452,MA,โมร็อกโก,1E,ทวีปแอฟริกา,66313.0,491.0
2021-09,2021,9,3,420,SR,ซูรินาเม,1D,ทวีปอเมริกาใต้,0.0,0.0
2021-09,2021,9,3,281,MV,มัลดีฟส์,1A,ทวีปเอเชีย,65344.0,1201.0
2021-09,2021,9,3,294,OM,โอมาน,1A,ทวีปเอเชีย,0.0,0.0
2021-09,2021,9,3,381,CR,คอสตาริกา,1C,ทวีปอเมริกาเหนือ,0.0,0.0
2021-09,2021,9,3,447,KE,เคนยา,1E,ทวีปแอฟริกา,505757.0,6661.0
2021-09,2021,9,3,372,MX,เม็กซิโก,1C,ทวีปอเมริกาเหนือ,400022.0,7408.0
2021-09,2021,9,3,360,IS,ไอซ์แลนด์,1B,ทวีปยุโรป,0.0,0.0
2021-09,2021,9,3,377,BB,บาร์เบโดส,1C,ทวีปอเมริกาเหนือ,264707.0,4944.0
2021-09,2021,9,3,332,AZ,อาเซอร์ไบจาน,1A,ทวีปเอเชีย,351125.0,7066.0
2021-09,2021,9,3,341,KZ,คาซัคสถาน,1A,ทวีปเอเชีย,234744.0,4968.0
2021-09,2021,9,3,342,MD,มอลโดวา,1B,ทวีปยุโรป,0.0,0.0
2021-09,2021,9,3,280,LK,ศรีลังกา,1A,ทวีปเอเชีย,461.0,1.0
2021-09,2021,9,3,384,DO,สาธารณรัฐโดมินิกัน,1C,ทวีปอเมริกาเหนือ,0.0,0.0
2021-09,2021,9,3,453,MG,มาดากัสการ์,1E,ทวีปแอฟริกา,0.0,0.0
2021-09,2021,9,3,493,NC,นิวแคลีโดเนีย,1F,ทวีปออสเตรเลีย,110488.0,931.0
2021-09,2021,9,3,357,EE,เอสโตเนีย,1B,ทวีปยุโรป,15000.0,180.0
2021-09,2021,9,3,414,GF,เฟรนช์เกียนา,1D,ทวีปอเมริกาใต้,98650.0,1506.0
2021-09,2021,9,3,489,GU,กวม,1F,ทวีปออสเตรเลีย,0.0,0.0
2021-09,2021,9,3,461,NG,ไนจีเรีย,1E,ทวีปแอฟริกา,141888.0,2322.0
2021-09,2021,9,3,469,SN,เซเนกัล,1E,ทวีปแอฟริกา,144775.0,1683.0
2021-09,2021,9,3,308,MO,มาเก๊า,1A,ทวีปเอเชีย,0.0,0.0
2021-09,2021,9,3,330,AL,แอลเบเนีย,1B,ทวีปยุโรป,0.0,0.0
2021-09,2021,9,3,282,NP,เนปาล,1A,ทวีปเอเชีย,0.0,0.0
2021-09,2021,9,3,290,IR,อิหร่าน,1A,ทวีปเอเชีย,0.0,0.0
2021-09,2021,9,3,502,SB,โซโลมอน,1F,ทวีปออสเตรเลีย,0.0,0.0
2021-09,2021,9,3,397,PA,ปานามา,1C,ทวีปอเมริกาเหนือ,0.0,0.0
2021-09,2021,9,3,492,MP,เกาะมาเรียนาเหนือ,1F,ทวีปออสเตรเลีย,0.0,0.0
2021-09,2021,9,3,498,PF,เฟรนช์โปลีนีเซีย,1F,ทวีปออสเตรเลีย,1260.0,7.0
2021-09,2021,9,3,499,PG,ปาปัวนิวกินี,1F,ทวีปออสเตรเลีย,0.0,0.0
2021-09,2021,9,3,422,VE,เวเนซุเอลา,1D,ทวีปอเมริกาใต้,0.0,0.0
2021-09,2021,9,3,475,TN,ตูนิเซีย,1E,ทวีปแอฟริกา,80229.0,1022.0
2021-09,2021,9,3,347,SK,สโลวาเกีย,1B,ทวีปยุโรป,81715.0,1080.0
2021-09,2021,9,3,333,BG,บัลแกเรีย,1B,ทวีปยุโรป,0.0,0.0
2021-09,2021,9,3,506,WS,ซามัวตะวันตก,1F,ทวีปออสเตรเลีย,0.0,0.0
2021-09,2021,9,3,484,CK,หมู่เกาะดุก,1F,ทวีปออสเตรเลีย,0.0,0.0
2021-09,2021,9,3,331,AM,อาร์เมเนีย,1A,ทวีปเอเชีย,0.0,0.0
2021-09,2021,9,3,504,TO,ตองกา,1F,ทวีปออสเตรเลีย,0.0,0.0
2021-09,2021,9,3,526,WF,หมู่เกาะวาลลิสและฟุตูนา,1F,ทวีปออสเตรเลีย,32025.0,418.0
2021-09,2021,9,3,465,SC,เซเชลส์,1E,ทวีปแอฟริกา,79146.0,1154.0
2021-09,2021,9,3,362,LT,ลิทัวเนีย,1B,ทวีปยุโรป,0.0,0.0
2021-09,2021,9,3,417,PE,เปรู,1D,ทวีปอเมริกาใต้,0.0,0.0
2021-09,2021,9,3,352,UZ,อุซเบกิสถาน,1A,ทวีปเอเชีย,0.0,0.0
2021-09,2021,9,3,412,EC,เอกวาดอร์,1D,ทวีปอเมริกาใต้,0.0,0.0
2021-09,2021,9,3,530,YT,มายอต,1E,ทวีปแอฟริกา,0.0,0.0
2021-09,2021,9,3,505,VU,วานูอาตู,1F,ทวีปออสเตรเลีย,0.0,0.0
2021-09,2021,9,3,490,KI,คิริบาส,1F,ทวีปออสเตรเลีย,0.0,0.0
2021-09,2021,9,3,346,SI,สโลวีเนีย,1B,ทวีปยุโรป,0.0,0.0
2021-09,2021,9,3,388,GT,กัวเตมาลา,1C,ทวีปอเมริกาเหนือ,0.0,0.0
2021-09,2021,9,3,501,PW,ปาลัว,1F,ทวีปออสเตรเลีย,0.0,0.0
2021-09,2021,9,3,334,BY,เบลารุส,1B,ทวีปยุโรป,0.0,0.0
2021-09,2021,9,3,338,HR,โครเอเชีย,1B,ทวีปยุโรป,0.0,0.0
2021-10,2021,10,4,315,DE,เยอรมนี,1B,ทวีปยุโรป,56828228.0,749431.0
2021-10,2021,10,4,325,NL,เนเธอร์แลนด์,1B,ทวีปยุโรป,28653049.0,504559.0
2021-10,2021,10,4,320,GB,สหราชอาณาจักร,1B,ทวีปยุโรป,47415648.0,861388.0
2021-10,2021,10,4,373,US,สหรัฐอเมริกา,1C,ทวีปอเมริกาเหนือ,54348940.0,848867.0
2021-10,2021,10,4,327,SE,สวีเดน,1B,ทวีปยุโรป,26595617.0,463466.0
2021-10,2021,10,4,306,KR,เกาหลีใต้,1A,ทวีปเอเชีย,24847336.0,402558.0
2021-10,2021,10,4,345,RU,รัสเซีย,1B,ทวีปยุโรป,20598129.0,389056.0
2021-10,2021,10,4,319,FR,ฝรั่งเศส,1B,ทวีปยุโรป,24530278.0,428953.0
2021-10,2021,10,4,269,LA,สปป. ลาว,1A,ทวีปเอเชีย,12331657.0,354536.0
2021-10,2021,10,4,371,CA,แคนาดา,1C,ทวีปอเมริกาเหนือ,20669878.0,444398.0
2021-10,2021,10,4,483,AU,ออสเตรเลีย,1F,ทวีปออสเตรเลีย,17256603.0,223412.0
2021-10,2021,10,4,268,KH,กัมพูชา,1A,ทวีปเอเชีย,9338933.0,256074.0
2021-10,2021,10,4,271,MY,มาเลเซีย,1A,ทวีปเอเชีย,28586500.0,413490.0
2021-10,2021,10,4,273,SG,สิงคโปร์,1A,ทวีปเอเชีย,8648575.0,163897.0
2021-10,2021,10,4,304,JP,ญี่ปุ่น,1A,ทวีปเอเชีย,9484261.0,121099.0
2021-10,2021,10,4,302,CN,จีน,1A,ทวีปเอเชีย,8927044.0,148706.0
2021-10,2021,10,4,343,PL,โปแลนด์,1B,ทวีปยุโรป,6814403.0,111170.0
2021-10,2021,10,4,316,DK,เดนมาร์ก,1B,ทวีปยุโรป,4111668.0,68723.0
2021-10,2021,10,4,323,IT,อิตาลี,1B,ทวีปยุโรป,10501057.0,159768.0
2021-10,2021,10,4,288,IL,อิสราเอล,1A,ทวีปเอเชีย,10140000.0,193995.0
2021-10,2021,10,4,270,MM,เมียนมา,1A,ทวีปเอเชีย,3963760.0,110608.0
2021-10,2021,10,4,272,PH,ฟิลิปปินส์,1A,ทวีปเอเชีย,4576311.0,55402.0
2021-10,2021,10,4,296,SA,ซาอุดีอาระเบีย,1A,ทวีปเอเชีย,2184484.0,36950.0
2021-10,2021,10,4,279,IN,อินเดีย,1A,ทวีปเอเชีย,4948187.0,88546.0
2021-10,2021,10,4,317,ES,สเปน,1B,ทวีปยุโรป,4500009.0,71847.0
2021-10,2021,10,4,497,NZ,นิวซีแลนด์,1F,ทวีปออสเตรเลีย,6121958.0,58100.0
2021-10,2021,10,4,303,HK,ฮ่องกง,1A,ทวีปเอเชีย,3255957.0,58902.0
2021-10,2021,10,4,298,TR,ตุรกี,1A,ทวีปเอเชีย,6486127.0,107485.0
2021-10,2021,10,4,366,NO,นอร์เวย์,1B,ทวีปยุโรป,1177335.0,10599.0
2021-10,2021,10,4,309,TW,ไต้หวัน,1A,ทวีปเอเชีย,4394717.0,82368.0
2021-10,2021,10,4,285,AE,สหรัฐอาหรับเอมิเรตส์,1A,ทวีปเอเชีย,1861640.0,31598.0
2021-10,2021,10,4,318,FI,ฟินแลนด์,1B,ทวีปยุโรป,2019882.0,35953.0
2021-10,2021,10,4,274,VN,เวียดนาม,1A,ทวีปเอเชีย,1808281.0,25173.0
2021-10,2021,10,4,478,ZA,แอฟริกาใต้,1E,ทวีปแอฟริกา,630961.0,10877.0
2021-10,2021,10,4,356,CH,สวิตเซอร์แลนด์,1B,ทวีปยุโรป,2244767.0,39420.0
2021-10,2021,10,4,321,GR,กรีซ,1B,ทวีปยุโรป,2354436.0,39900.0
2021-10,2021,10,4,336,CZ,สาธารณรัฐเช็ก,1B,ทวีปยุโรป,1405530.0,25208.0
2021-10,2021,10,4,312,AT,ออสเตรีย,1B,ทวีปยุโรป,1086514.0,26056.0
2021-10,2021,10,4,267,ID,อินโดนีเซีย,1A,ทวีปเอเชีย,347000.0,1946.0
2021-10,2021,10,4,437,EG,อียิปต์,1E,ทวีปแอฟริกา,1817050.0,25440.0
2021-10,2021,10,4,322,IE,ไอร์แลนด์,1B,ทวีปยุโรป,364175.0,4207.0
2021-10,2021,10,4,351,UA,ยูเครน,1B,ทวีปยุโรป,1239517.0,21764.0
2021-10,2021,10,4,287,CY,ไซปรัส,1A,ทวีปเอเชีย,1367027.0,25425.0
2021-10,2021,10,4,409,BR,บราซิล,1D,ทวีปอเมริกาใต้,404680.0,6308.0
2021-10,2021,10,4,277,BD,บังกลาเทศ,1A,ทวีปเอเชีย,1595410.0,20626.0
2021-10,2021,10,4,365,MT,มอลตา,1B,ทวีปยุโรป,607777.0,11713.0
2021-10,2021,10,4,283,PK,ปากีสถาน,1A,ทวีปเอเชีย,380141.0,4071.0
2021-10,2021,10,4,363,LV,ลัตเวีย,1B,ทวีปยุโรป,1352524.0,22737.0
2021-10,2021,10,4,292,KW,คูเวต,1A,ทวีปเอเชีย,107990.0,1165.0
2021-10,2021,10,4,266,BN,บรูไน,1A,ทวีปเอเชีย,43700.0,405.0
2021-10,2021,10,4,286,BH,บาห์เรน,1A,ทวีปเอเชีย,976148.0,17289.0
2021-10,2021,10,4,326,PT,โปรตุเกส,1B,ทวีปยุโรป,647692.0,11701.0
2021-10,2021,10,4,291,JO,จอร์แดน,1A,ทวีปเอเชีย,0.0,0.0
2021-10,2021,10,4,307,MN,มองโกเลีย,1A,ทวีปเอเชีย,0.0,0.0
2021-10,2021,10,4,344,RO,โรมาเนีย,1B,ทวีปยุโรป,471673.0,11880.0
2021-10,2021,10,4,295,QA,กาตาร์,1A,ทวีปเอเชีย,437054.0,6871.0
2021-10,2021,10,4,293,LB,เลบานอน,1A,ทวีปเอเชีย,0.0,0.0
2021-10,2021,10,4,456,MU,มอริเชียส,1E,ทวีปแอฟริกา,1407726.0,20026.0
2021-10,2021,10,4,313,BE,เบลเยียม,1B,ทวีปยุโรป,167057.0,1466.0
2021-10,2021,10,4,389,HN,ฮอนดูรัส,1C,ทวีปอเมริกาเหนือ,697003.0,15366.0
2021-10,2021,10,4,463,RE,เรอูนียง,1E,ทวีปแอฟริกา,645641.0,6472.0
2021-10,2021,10,4,486,FJ,ฟิจิ,1F,ทวีปออสเตรเลีย,0.0,0.0
2021-10,2021,10,4,420,SR,ซูรินาเม,1D,ทวีปอเมริกาใต้,819554.0,14488.0
2021-10,2021,10,4,339,HU,ฮังการี,1B,ทวีปยุโรป,235672.0,2689.0
2021-10,2021,10,4,294,OM,โอมาน,1A,ทวีปเอเชีย,784362.0,6150.0
2021-10,2021,10,4,337,GE,จอร์เจีย,1A,ทวีปเอเชีย,0.0,0.0
2021-10,2021,10,4,281,MV,มัลดีฟส์,1A,ทวีปเอเชีย,622358.0,12878.0
2021-10,2021,10,4,410,CL,ชิลี,1D,ทวีปอเมริกาใต้,0.0,0.0
2021-10,2021,10,4,384,DO,สาธารณรัฐโดมินิกัน,1C,ทวีปอเมริกาเหนือ,1053619.0,18231.0
2021-10,2021,10,4,411,CO,โคลอมเบีย,1D,ทวีปอเมริกาใต้,22231.0,360.0
2021-10,2021,10,4,407,AR,อาร์เจนตินา,1D,ทวีปอเมริกาใต้,32656.0,316.0
2021-10,2021,10,4,452,MA,โมร็อกโก,1E,ทวีปแอฟริกา,0.0,0.0
2021-10,2021,10,4,332,AZ,อาเซอร์ไบจาน,1A,ทวีปเอเชีย,541302.0,12180.0
2021-10,2021,10,4,357,EE,เอสโตเนีย,1B,ทวีปยุโรป,678698.0,6531.0
2021-10,2021,10,4,377,BB,บาร์เบโดส,1C,ทวีปอเมริกาเหนือ,375237.0,6150.0
2021-10,2021,10,4,381,CR,คอสตาริกา,1C,ทวีปอเมริกาเหนือ,0.0,0.0
2021-10,2021,10,4,447,KE,เคนยา,1E,ทวีปแอฟริกา,0.0,0.0
2021-10,2021,10,4,342,MD,มอลโดวา,1B,ทวีปยุโรป,385484.0,8842.0
2021-10,2021,10,4,372,MX,เม็กซิโก,1C,ทวีปอเมริกาเหนือ,7468.0,57.0
2021-10,2021,10,4,360,IS,ไอซ์แลนด์,1B,ทวีปยุโรป,13010.0,140.0
2021-10,2021,10,4,280,LK,ศรีลังกา,1A,ทวีปเอเชีย,321401.0,3277.0
2021-10,2021,10,4,453,MG,มาดากัสการ์,1E,ทวีปแอฟริกา,133022.0,2599.0
2021-10,2021,10,4,341,KZ,คาซัคสถาน,1A,ทวีปเอเชีย,0.0,0.0
2021-10,2021,10,4,461,NG,ไนจีเรีย,1E,ทวีปแอฟริกา,259552.0,4035.0
2021-10,2021,10,4,493,NC,นิวแคลีโดเนีย,1F,ทวีปออสเตรเลีย,74426.0,713.0
2021-10,2021,10,4,414,GF,เฟรนช์เกียนา,1D,ทวีปอเมริกาใต้,75069.0,1072.0
2021-10,2021,10,4,489,GU,กวม,1F,ทวีปออสเตรเลีย,12501.0,210.0
2021-10,2021,10,4,282,NP,เนปาล,1A,ทวีปเอเชีย,128500.0,216.0
2021-10,2021,10,4,469,SN,เซเนกัล,1E,ทวีปแอฟริกา,0.0,0.0
2021-10,2021,10,4,308,MO,มาเก๊า,1A,ทวีปเอเชีย,0.0,0.0
2021-10,2021,10,4,330,AL,แอลเบเนีย,1B,ทวีปยุโรป,0.0,0.0
2021-10,2021,10,4,290,IR,อิหร่าน,1A,ทวีปเอเชีย,0.0,0.0
2021-10,2021,10,4,502,SB,โซโลมอน,1F,ทวีปออสเตรเลีย,0.0,0.0
2021-10,2021,10,4,397,PA,ปานามา,1C,ทวีปอเมริกาเหนือ,0.0,0.0
2021-10,2021,10,4,492,MP,เกาะมาเรียนาเหนือ,1F,ทวีปออสเตรเลีย,0.0,0.0
2021-10,2021,10,4,498,PF,เฟรนช์โปลีนีเซีย,1F,ทวีปออสเตรเลีย,0.0,0.0
2021-10,2021,10,4,499,PG,ปาปัวนิวกินี,1F,ทวีปออสเตรเลีย,0.0,0.0
2021-10,2021,10,4,422,VE,เวเนซุเอลา,1D,ทวีปอเมริกาใต้,0.0,0.0
2021-10,2021,10,4,475,TN,ตูนิเซีย,1E,ทวีปแอฟริกา,0.0,0.0
2021-10,2021,10,4,347,SK,สโลวาเกีย,1B,ทวีปยุโรป,0.0,0.0
2021-10,2021,10,4,333,BG,บัลแกเรีย,1B,ทวีปยุโรป,0.0,0.0
2021-10,2021,10,4,506,WS,ซามัวตะวันตก,1F,ทวีปออสเตรเลีย,0.0,0.0
2021-10,2021,10,4,484,CK,หมู่เกาะดุก,1F,ทวีปออสเตรเลีย,0.0,0.0
2021-10,2021,10,4,331,AM,อาร์เมเนีย,1A,ทวีปเอเชีย,0.0,0.0
2021-10,2021,10,4,504,TO,ตองกา,1F,ทวีปออสเตรเลีย,0.0,0.0
2021-10,2021,10,4,526,WF,หมู่เกาะวาลลิสและฟุตูนา,1F,ทวีปออสเตรเลีย,0.0,0.0
2021-10,2021,10,4,465,SC,เซเชลส์,1E,ทวีปแอฟริกา,0.0,0.0
2021-10,2021,10,4,362,LT,ลิทัวเนีย,1B,ทวีปยุโรป,0.0,0.0
2021-10,2021,10,4,417,PE,เปรู,1D,ทวีปอเมริกาใต้,0.0,0.0
2021-10,2021,10,4,352,UZ,อุซเบกิสถาน,1A,ทวีปเอเชีย,0.0,0.0
2021-10,2021,10,4,412,EC,เอกวาดอร์,1D,ทวีปอเมริกาใต้,0.0,0.0
2021-10,2021,10,4,530,YT,มายอต,1E,ทวีปแอฟริกา,0.0,0.0
2021-10,2021,10,4,505,VU,วานูอาตู,1F,ทวีปออสเตรเลีย,0.0,0.0
2021-10,2021,10,4,490,KI,คิริบาส,1F,ทวีปออสเตรเลีย,0.0,0.0
2021-10,2021,10,4,346,SI,สโลวีเนีย,1B,ทวีปยุโรป,0.0,0.0
2021-10,2021,10,4,388,GT,กัวเตมาลา,1C,ทวีปอเมริกาเหนือ,0.0,0.0
2021-10,2021,10,4,501,PW,ปาลัว,1F,ทวีปออสเตรเลีย,0.0,0.0
2021-10,2021,10,4,334,BY,เบลารุส,1B,ทวีปยุโรป,0.0,0.0
2021-10,2021,10,4,338,HR,โครเอเชีย,1B,ทวีปยุโรป,0.0,0.0
2021-10,2021,10,4,401,TT,ตรินิแดดและโตเบโก,1C,ทวีปอเมริกาเหนือ,3.0,6.0
2021-11,2021,11,4,320,GB,สหราชอาณาจักร,1B,ทวีปยุโรป,72515165.0,1139846.0
2021-11,2021,11,4,315,DE,เยอรมนี,1B,ทวีปยุโรป,46298071.0,659461.0
2021-11,2021,11,4,325,NL,เนเธอร์แลนด์,1B,ทวีปยุโรป,36389632.0,510602.0
2021-11,2021,11,4,373,US,สหรัฐอเมริกา,1C,ทวีปอเมริกาเหนือ,44261667.0,686194.0
2021-11,2021,11,4,327,SE,สวีเดน,1B,ทวีปยุโรป,22493858.0,434645.0
2021-11,2021,11,4,306,KR,เกาหลีใต้,1A,ทวีปเอเชีย,18043895.0,338005.0
2021-11,2021,11,4,345,RU,รัสเซีย,1B,ทวีปยุโรป,17472250.0,336340.0
2021-11,2021,11,4,319,FR,ฝรั่งเศส,1B,ทวีปยุโรป,11041683.0,200168.0
2021-11,2021,11,4,269,LA,สปป. ลาว,1A,ทวีปเอเชีย,11346038.0,286897.0
2021-11,2021,11,4,271,MY,มาเลเซีย,1A,ทวีปเอเชีย,28621448.0,396010.0
2021-11,2021,11,4,371,CA,แคนาดา,1C,ทวีปอเมริกาเหนือ,7269421.0,164696.0
2021-11,2021,11,4,483,AU,ออสเตรเลีย,1F,ทวีปออสเตรเลีย,6254985.0,106330.0
2021-11,2021,11,4,268,KH,กัมพูชา,1A,ทวีปเอเชีย,11426082.0,331174.0
2021-11,2021,11,4,304,JP,ญี่ปุ่น,1A,ทวีปเอเชีย,10038581.0,119643.0
2021-11,2021,11,4,273,SG,สิงคโปร์,1A,ทวีปเอเชีย,9348860.0,186632.0
2021-11,2021,11,4,302,CN,จีน,1A,ทวีปเอเชีย,11683656.0,213793.0
2021-11,2021,11,4,343,PL,โปแลนด์,1B,ทวีปยุโรป,7948406.0,126892.0
2021-11,2021,11,4,288,IL,อิสราเอล,1A,ทวีปเอเชีย,11330615.0,214323.0
2021-11,2021,11,4,316,DK,เดนมาร์ก,1B,ทวีปยุโรป,6138670.0,94699.0
2021-11,2021,11,4,323,IT,อิตาลี,1B,ทวีปยุโรป,8170781.0,131733.0
2021-11,2021,11,4,270,MM,เมียนมา,1A,ทวีปเอเชีย,4407271.0,107244.0
2021-11,2021,11,4,296,SA,ซาอุดีอาระเบีย,1A,ทวีปเอเชีย,7928046.0,176667.0
2021-11,2021,11,4,317,ES,สเปน,1B,ทวีปยุโรป,6661861.0,118234.0
2021-11,2021,11,4,272,PH,ฟิลิปปินส์,1A,ทวีปเอเชีย,5051732.0,55994.0
2021-11,2021,11,4,279,IN,อินเดีย,1A,ทวีปเอเชีย,3946657.0,76352.0
2021-11,2021,11,4,497,NZ,นิวซีแลนด์,1F,ทวีปออสเตรเลีย,5020965.0,47581.0
2021-11,2021,11,4,303,HK,ฮ่องกง,1A,ทวีปเอเชีย,2569848.0,38021.0
2021-11,2021,11,4,298,TR,ตุรกี,1A,ทวีปเอเชีย,2392186.0,34078.0
2021-11,2021,11,4,309,TW,ไต้หวัน,1A,ทวีปเอเชีย,3903910.0,77460.0
2021-11,2021,11,4,366,NO,นอร์เวย์,1B,ทวีปยุโรป,1798756.0,40091.0
2021-11,2021,11,4,285,AE,สหรัฐอาหรับเอมิเรตส์,1A,ทวีปเอเชีย,4604448.0,53453.0
2021-11,2021,11,4,318,FI,ฟินแลนด์,1B,ทวีปยุโรป,2174531.0,43366.0
2021-11,2021,11,4,274,VN,เวียดนาม,1A,ทวีปเอเชีย,1703309.0,34212.0
2021-11,2021,11,4,312,AT,ออสเตรีย,1B,ทวีปยุโรป,4704840.0,96857.0
2021-11,2021,11,4,478,ZA,แอฟริกาใต้,1E,ทวีปแอฟริกา,2960995.0,36752.0
2021-11,2021,11,4,356,CH,สวิตเซอร์แลนด์,1B,ทวีปยุโรป,2384863.0,30134.0
2021-11,2021,11,4,336,CZ,สาธารณรัฐเช็ก,1B,ทวีปยุโรป,2761816.0,50315.0
2021-11,2021,11,4,321,GR,กรีซ,1B,ทวีปยุโรป,1931600.0,38973.0
2021-11,2021,11,4,322,IE,ไอร์แลนด์,1B,ทวีปยุโรป,3512007.0,34022.0
2021-11,2021,11,4,267,ID,อินโดนีเซีย,1A,ทวีปเอเชีย,1136754.0,10982.0
2021-11,2021,11,4,437,EG,อียิปต์,1E,ทวีปแอฟริกา,1211169.0,23034.0
2021-11,2021,11,4,351,UA,ยูเครน,1B,ทวีปยุโรป,1436461.0,32748.0
2021-11,2021,11,4,287,CY,ไซปรัส,1A,ทวีปเอเชีย,1521899.0,31310.0
2021-11,2021,11,4,365,MT,มอลตา,1B,ทวีปยุโรป,1965732.0,43474.0
2021-11,2021,11,4,277,BD,บังกลาเทศ,1A,ทวีปเอเชีย,616060.0,5047.0
2021-11,2021,11,4,409,BR,บราซิล,1D,ทวีปอเมริกาใต้,335655.0,2861.0
2021-11,2021,11,4,292,KW,คูเวต,1A,ทวีปเอเชีย,1101371.0,19626.0
2021-11,2021,11,4,283,PK,ปากีสถาน,1A,ทวีปเอเชีย,624974.0,6178.0
2021-11,2021,11,4,326,PT,โปรตุเกส,1B,ทวีปยุโรป,1154933.0,24519.0
2021-11,2021,11,4,286,BH,บาห์เรน,1A,ทวีปเอเชีย,902089.0,12396.0
2021-11,2021,11,4,291,JO,จอร์แดน,1A,ทวีปเอเชีย,1025995.0,12579.0
2021-11,2021,11,4,363,LV,ลัตเวีย,1B,ทวีปยุโรป,0.0,0.0
2021-11,2021,11,4,266,BN,บรูไน,1A,ทวีปเอเชีย,0.0,0.0
2021-11,2021,11,4,295,QA,กาตาร์,1A,ทวีปเอเชีย,465155.0,6524.0
2021-11,2021,11,4,307,MN,มองโกเลีย,1A,ทวีปเอเชีย,73203.0,708.0
2021-11,2021,11,4,293,LB,เลบานอน,1A,ทวีปเอเชีย,579525.0,6746.0
2021-11,2021,11,4,456,MU,มอริเชียส,1E,ทวีปแอฟริกา,501694.0,7125.0
2021-11,2021,11,4,389,HN,ฮอนดูรัส,1C,ทวีปอเมริกาเหนือ,676588.0,15122.0
2021-11,2021,11,4,344,RO,โรมาเนีย,1B,ทวีปยุโรป,3314.0,25.0
2021-11,2021,11,4,420,SR,ซูรินาเม,1D,ทวีปอเมริกาใต้,636121.0,11880.0
2021-11,2021,11,4,411,CO,โคลอมเบีย,1D,ทวีปอเมริกาใต้,1335087.0,17568.0
2021-11,2021,11,4,313,BE,เบลเยียม,1B,ทวีปยุโรป,0.0,0.0
2021-11,2021,11,4,463,RE,เรอูนียง,1E,ทวีปแอฟริกา,53668.0,513.0
2021-11,2021,11,4,281,MV,มัลดีฟส์,1A,ทวีปเอเชีย,452187.0,9470.0
2021-11,2021,11,4,486,FJ,ฟิจิ,1F,ทวีปออสเตรเลีย,13043.0,103.0
2021-11,2021,11,4,294,OM,โอมาน,1A,ทวีปเอเชีย,191040.0,8650.0
2021-11,2021,11,4,339,HU,ฮังการี,1B,ทวีปยุโรป,0.0,0.0
2021-11,2021,11,4,337,GE,จอร์เจีย,1A,ทวีปเอเชีย,111909.0,1366.0
2021-11,2021,11,4,333,BG,บัลแกเรีย,1B,ทวีปยุโรป,1631738.0,32424.0
2021-11,2021,11,4,410,CL,ชิลี,1D,ทวีปอเมริกาใต้,37551.0,529.0
2021-11,2021,11,4,407,AR,อาร์เจนตินา,1D,ทวีปอเมริกาใต้,176767.0,984.0
2021-11,2021,11,4,384,DO,สาธารณรัฐโดมินิกัน,1C,ทวีปอเมริกาเหนือ,0.0,0.0
2021-11,2021,11,4,372,MX,เม็กซิโก,1C,ทวีปอเมริกาเหนือ,429016.0,7704.0
2021-11,2021,11,4,452,MA,โมร็อกโก,1E,ทวีปแอฟริกา,0.0,0.0
2021-11,2021,11,4,447,KE,เคนยา,1E,ทวีปแอฟริกา,151914.0,2506.0
2021-11,2021,11,4,332,AZ,อาเซอร์ไบจาน,1A,ทวีปเอเชีย,0.0,0.0
2021-11,2021,11,4,342,MD,มอลโดวา,1B,ทวีปยุโรป,214131.0,4750.0
2021-11,2021,11,4,357,EE,เอสโตเนีย,1B,ทวีปยุโรป,23645.0,221.0
2021-11,2021,11,4,377,BB,บาร์เบโดส,1C,ทวีปอเมริกาเหนือ,0.0,0.0
2021-11,2021,11,4,381,CR,คอสตาริกา,1C,ทวีปอเมริกาเหนือ,0.0,0.0
2021-11,2021,11,4,360,IS,ไอซ์แลนด์,1B,ทวีปยุโรป,123712.0,1915.0
2021-11,2021,11,4,280,LK,ศรีลังกา,1A,ทวีปเอเชีย,0.0,0.0
2021-11,2021,11,4,414,GF,เฟรนช์เกียนา,1D,ทวีปอเมริกาใต้,166262.0,2812.0
2021-11,2021,11,4,453,MG,มาดากัสการ์,1E,ทวีปแอฟริกา,0.0,0.0
2021-11,2021,11,4,341,KZ,คาซัคสถาน,1A,ทวีปเอเชีย,0.0,0.0
2021-11,2021,11,4,493,NC,นิวแคลีโดเนีย,1F,ทวีปออสเตรเลีย,53702.0,490.0
2021-11,2021,11,4,461,NG,ไนจีเรีย,1E,ทวีปแอฟริกา,0.0,0.0
2021-11,2021,11,4,308,MO,มาเก๊า,1A,ทวีปเอเชีย,312684.0,2778.0
2021-11,2021,11,4,469,SN,เซเนกัล,1E,ทวีปแอฟริกา,172302.0,1977.0
2021-11,2021,11,4,489,GU,กวม,1F,ทวีปออสเตรเลีย,33468.0,535.0
2021-11,2021,11,4,282,NP,เนปาล,1A,ทวีปเอเชีย,0.0,0.0
2021-11,2021,11,4,422,VE,เวเนซุเอลา,1D,ทวีปอเมริกาใต้,136398.0,818.0
2021-11,2021,11,4,289,IQ,อิรัก,1A,ทวีปเอเชีย,273090.0,2448.0
2021-11,2021,11,4,331,AM,อาร์เมเนีย,1A,ทวีปเอเชีย,153932.0,2653.0
2021-11,2021,11,4,290,IR,อิหร่าน,1A,ทวีปเอเชีย,41411.0,600.0
2021-11,2021,11,4,330,AL,แอลเบเนีย,1B,ทวีปยุโรป,0.0,0.0
2021-11,2021,11,4,502,SB,โซโลมอน,1F,ทวีปออสเตรเลีย,0.0,0.0
2021-11,2021,11,4,397,PA,ปานามา,1C,ทวีปอเมริกาเหนือ,0.0,0.0
2021-11,2021,11,4,492,MP,เกาะมาเรียนาเหนือ,1F,ทวีปออสเตรเลีย,0.0,0.0
2021-11,2021,11,4,498,PF,เฟรนช์โปลีนีเซีย,1F,ทวีปออสเตรเลีย,0.0,0.0
2021-11,2021,11,4,499,PG,ปาปัวนิวกินี,1F,ทวีปออสเตรเลีย,0.0,0.0
2021-11,2021,11,4,475,TN,ตูนิเซีย,1E,ทวีปแอฟริกา,0.0,0.0
2021-11,2021,11,4,347,SK,สโลวาเกีย,1B,ทวีปยุโรป,0.0,0.0
2021-11,2021,11,4,603,AX,หมู่เกาะโอลันด์,1G,ประเทศอื่น,153882.0,3019.0
2021-11,2021,11,4,506,WS,ซามัวตะวันตก,1F,ทวีปออสเตรเลีย,0.0,0.0
2021-11,2021,11,4,484,CK,หมู่เกาะดุก,1F,ทวีปออสเตรเลีย,0.0,0.0
2021-11,2021,11,4,504,TO,ตองกา,1F,ทวีปออสเตรเลีย,0.0,0.0
2021-11,2021,11,4,465,SC,เซเชลส์,1E,ทวีปแอฟริกา,10813.0,135.0
2021-11,2021,11,4,526,WF,หมู่เกาะวาลลิสและฟุตูนา,1F,ทวีปออสเตรเลีย,0.0,0.0
2021-11,2021,11,4,362,LT,ลิทัวเนีย,1B,ทวีปยุโรป,0.0,0.0
2021-11,2021,11,4,417,PE,เปรู,1D,ทวีปอเมริกาใต้,0.0,0.0
2021-11,2021,11,4,352,UZ,อุซเบกิสถาน,1A,ทวีปเอเชีย,0.0,0.0
2021-11,2021,11,4,412,EC,เอกวาดอร์,1D,ทวีปอเมริกาใต้,0.0,0.0
2021-11,2021,11,4,530,YT,มายอต,1E,ทวีปแอฟริกา,0.0,0.0
2021-11,2021,11,4,505,VU,วานูอาตู,1F,ทวีปออสเตรเลีย,0.0,0.0
2021-11,2021,11,4,490,KI,คิริบาส,1F,ทวีปออสเตรเลีย,10868.0,118.0
2021-11,2021,11,4,346,SI,สโลวีเนีย,1B,ทวีปยุโรป,8499.0,91.0
2021-11,2021,11,4,388,GT,กัวเตมาลา,1C,ทวีปอเมริกาเหนือ,0.0,0.0
2021-11,2021,11,4,501,PW,ปาลัว,1F,ทวีปออสเตรเลีย,0.0,0.0
2021-11,2021,11,4,334,BY,เบลารุส,1B,ทวีปยุโรป,0.0,0.0
2021-11,2021,11,4,338,HR,โครเอเชีย,1B,ทวีปยุโรป,0.0,0.0
2021-11,2021,11,4,401,TT,ตรินิแดดและโตเบโก,1C,ทวีปอเมริกาเหนือ,0.0,0.0
2021-12,2021,12,4,320,GB,สหราชอาณาจักร,1B,ทวีปยุโรป,43848008.0,701522.0
2021-12,2021,12,4,315,DE,เยอรมนี,1B,ทวีปยุโรป,32246547.0,485362.0
2021-12,2021,12,4,325,NL,เนเธอร์แลนด์,1B,ทวีปยุโรป,31065410.0,606100.0
2021-12,2021,12,4,373,US,สหรัฐอเมริกา,1C,ทวีปอเมริกาเหนือ,48165317.0,692648.0
2021-12,2021,12,4,327,SE,สวีเดน,1B,ทวีปยุโรป,23575161.0,435958.0
2021-12,2021,12,4,306,KR,เกาหลีใต้,1A,ทวีปเอเชีย,26995865.0,518986.0
2021-12,2021,12,4,345,RU,รัสเซีย,1B,ทวีปยุโรป,31329176.0,608603.0
2021-12,2021,12,4,319,FR,ฝรั่งเศส,1B,ทวีปยุโรป,17267808.0,367612.0
2021-12,2021,12,4,271,MY,มาเลเซีย,1A,ทวีปเอเชีย,39600690.0,578394.0
2021-12,2021,12,4,269,LA,สปป. ลาว,1A,ทวีปเอเชีย,17183183.0,395506.0
2021-12,2021,12,4,371,CA,แคนาดา,1C,ทวีปอเมริกาเหนือ,10459066.0,231080.0
2021-12,2021,12,4,268,KH,กัมพูชา,1A,ทวีปเอเชีย,13984599.0,441830.0
2021-12,2021,12,4,483,AU,ออสเตรเลีย,1F,ทวีปออสเตรเลีย,8860334.0,166812.0
2021-12,2021,12,4,304,JP,ญี่ปุ่น,1A,ทวีปเอเชีย,12460108.0,164017.0
2021-12,2021,12,4,273,SG,สิงคโปร์,1A,ทวีปเอเชีย,11985457.0,235948.0
2021-12,2021,12,4,302,CN,จีน,1A,ทวีปเอเชีย,8415285.0,128956.0
2021-12,2021,12,4,288,IL,อิสราเอล,1A,ทวีปเอเชีย,14566657.0,372370.0
2021-12,2021,12,4,343,PL,โปแลนด์,1B,ทวีปยุโรป,5874983.0,97502.0
2021-12,2021,12,4,323,IT,อิตาลี,1B,ทวีปยุโรป,7370599.0,130369.0
2021-12,2021,12,4,316,DK,เดนมาร์ก,1B,ทวีปยุโรป,3917659.0,71936.0
2021-12,2021,12,4,270,MM,เมียนมา,1A,ทวีปเอเชีย,6374495.0,153766.0
2021-12,2021,12,4,296,SA,ซาอุดีอาระเบีย,1A,ทวีปเอเชีย,7283151.0,120775.0
2021-12,2021,12,4,279,IN,อินเดีย,1A,ทวีปเอเชีย,10032847.0,176081.0
2021-12,2021,12,4,317,ES,สเปน,1B,ทวีปยุโรป,5892612.0,106738.0
2021-12,2021,12,4,272,PH,ฟิลิปปินส์,1A,ทวีปเอเชีย,3553672.0,52858.0
2021-12,2021,12,4,497,NZ,นิวซีแลนด์,1F,ทวีปออสเตรเลีย,4265400.0,40121.0
2021-12,2021,12,4,303,HK,ฮ่องกง,1A,ทวีปเอเชีย,5970748.0,80496.0
2021-12,2021,12,4,298,TR,ตุรกี,1A,ทวีปเอเชีย,1261383.0,18303.0
2021-12,2021,12,4,309,TW,ไต้หวัน,1A,ทวีปเอเชีย,3925415.0,83515.0
2021-12,2021,12,4,366,NO,นอร์เวย์,1B,ทวีปยุโรป,5380043.0,67941.0
2021-12,2021,12,4,285,AE,สหรัฐอาหรับเอมิเรตส์,1A,ทวีปเอเชีย,2655010.0,38815.0
2021-12,2021,12,4,318,FI,ฟินแลนด์,1B,ทวีปยุโรป,1912090.0,31120.0
2021-12,2021,12,4,312,AT,ออสเตรีย,1B,ทวีปยุโรป,3757017.0,85359.0
2021-12,2021,12,4,274,VN,เวียดนาม,1A,ทวีปเอเชีย,2310620.0,38585.0
2021-12,2021,12,4,336,CZ,สาธารณรัฐเช็ก,1B,ทวีปยุโรป,3844713.0,73718.0
2021-12,2021,12,4,478,ZA,แอฟริกาใต้,1E,ทวีปแอฟริกา,1175829.0,13450.0
2021-12,2021,12,4,356,CH,สวิตเซอร์แลนด์,1B,ทวีปยุโรป,1018712.0,15496.0
2021-12,2021,12,4,321,GR,กรีซ,1B,ทวีปยุโรป,1045209.0,19068.0
2021-12,2021,12,4,267,ID,อินโดนีเซีย,1A,ทวีปเอเชีย,1417455.0,22639.0
2021-12,2021,12,4,322,IE,ไอร์แลนด์,1B,ทวีปยุโรป,374782.0,6474.0
2021-12,2021,12,4,437,EG,อียิปต์,1E,ทวีปแอฟริกา,306330.0,8256.0
2021-12,2021,12,4,351,UA,ยูเครน,1B,ทวีปยุโรป,1393430.0,31584.0
2021-12,2021,12,4,365,MT,มอลตา,1B,ทวีปยุโรป,2185386.0,48800.0
2021-12,2021,12,4,409,BR,บราซิล,1D,ทวีปอเมริกาใต้,2376103.0,40094.0
2021-12,2021,12,4,287,CY,ไซปรัส,1A,ทวีปเอเชีย,31218.0,228.0
2021-12,2021,12,4,283,PK,ปากีสถาน,1A,ทวีปเอเชีย,2121723.0,23967.0
2021-12,2021,12,4,307,MN,มองโกเลีย,1A,ทวีปเอเชีย,3809936.0,70350.0
2021-12,2021,12,4,277,BD,บังกลาเทศ,1A,ทวีปเอเชีย,638028.0,4234.0
2021-12,2021,12,4,286,BH,บาห์เรน,1A,ทวีปเอเชีย,1208614.0,15589.0
2021-12,2021,12,4,313,BE,เบลเยียม,1B,ทวีปยุโรป,3783026.0,29805.0
2021-12,2021,12,4,292,KW,คูเวต,1A,ทวีปเอเชีย,273320.0,2837.0
2021-12,2021,12,4,326,PT,โปรตุเกส,1B,ทวีปยุโรป,597636.0,14580.0
2021-12,2021,12,4,291,JO,จอร์แดน,1A,ทวีปเอเชีย,414441.0,7256.0
2021-12,2021,12,4,363,LV,ลัตเวีย,1B,ทวีปยุโรป,325529.0,4322.0
2021-12,2021,12,4,266,BN,บรูไน,1A,ทวีปเอเชีย,455963.0,10959.0
2021-12,2021,12,4,293,LB,เลบานอน,1A,ทวีปเอเชีย,920969.0,15627.0
2021-12,2021,12,4,295,QA,กาตาร์,1A,ทวีปเอเชีย,318869.0,4973.0
2021-12,2021,12,4,456,MU,มอริเชียส,1E,ทวีปแอฟริกา,195115.0,3816.0
2021-12,2021,12,4,389,HN,ฮอนดูรัส,1C,ทวีปอเมริกาเหนือ,0.0,0.0
2021-12,2021,12,4,344,RO,โรมาเนีย,1B,ทวีปยุโรป,15105.0,120.0
2021-12,2021,12,4,339,HU,ฮังการี,1B,ทวีปยุโรป,862350.0,8369.0
2021-12,2021,12,4,420,SR,ซูรินาเม,1D,ทวีปอเมริกาใต้,0.0,0.0
2021-12,2021,12,4,411,CO,โคลอมเบีย,1D,ทวีปอเมริกาใต้,0.0,0.0
2021-12,2021,12,4,463,RE,เรอูนียง,1E,ทวีปแอฟริกา,312980.0,4853.0
2021-12,2021,12,4,486,FJ,ฟิจิ,1F,ทวีปออสเตรเลีย,416344.0,7047.0
2021-12,2021,12,4,294,OM,โอมาน,1A,ทวีปเอเชีย,470612.0,8009.0
2021-12,2021,12,4,281,MV,มัลดีฟส์,1A,ทวีปเอเชีย,89353.0,1664.0
2021-12,2021,12,4,337,GE,จอร์เจีย,1A,ทวีปเอเชีย,0.0,0.0
2021-12,2021,12,4,333,BG,บัลแกเรีย,1B,ทวีปยุโรป,0.0,0.0
2021-12,2021,12,4,410,CL,ชิลี,1D,ทวีปอเมริกาใต้,0.0,0.0
2021-12,2021,12,4,407,AR,อาร์เจนตินา,1D,ทวีปอเมริกาใต้,0.0,0.0
2021-12,2021,12,4,384,DO,สาธารณรัฐโดมินิกัน,1C,ทวีปอเมริกาเหนือ,0.0,0.0
2021-12,2021,12,4,447,KE,เคนยา,1E,ทวีปแอฟริกา,301612.0,4471.0
2021-12,2021,12,4,372,MX,เม็กซิโก,1C,ทวีปอเมริกาเหนือ,0.0,0.0
2021-12,2021,12,4,452,MA,โมร็อกโก,1E,ทวีปแอฟริกา,0.0,0.0
2021-12,2021,12,4,360,IS,ไอซ์แลนด์,1B,ทวีปยุโรป,309366.0,2943.0
2021-12,2021,12,4,289,IQ,อิรัก,1A,ทวีปเอเชีย,989379.0,17045.0
2021-12,2021,12,4,332,AZ,อาเซอร์ไบจาน,1A,ทวีปเอเชีย,0.0,0.0
2021-12,2021,12,4,342,MD,มอลโดวา,1B,ทวีปยุโรป,0.0,0.0
2021-12,2021,12,4,357,EE,เอสโตเนีย,1B,ทวีปยุโรป,0.0,0.0
2021-12,2021,12,4,280,LK,ศรีลังกา,1A,ทวีปเอเชีย,296880.0,3579.0
2021-12,2021,12,4,377,BB,บาร์เบโดส,1C,ทวีปอเมริกาเหนือ,0.0,0.0
2021-12,2021,12,4,381,CR,คอสตาริกา,1C,ทวีปอเมริกาเหนือ,0.0,0.0
2021-12,2021,12,4,282,NP,เนปาล,1A,ทวีปเอเชีย,547500.0,1080.0
2021-12,2021,12,4,414,GF,เฟรนช์เกียนา,1D,ทวีปอเมริกาใต้,126578.0,2203.0
2021-12,2021,12,4,308,MO,มาเก๊า,1A,ทวีปเอเชีย,232004.0,2536.0
2021-12,2021,12,4,493,NC,นิวแคลีโดเนีย,1F,ทวีปออสเตรเลีย,135548.0,1778.0
2021-12,2021,12,4,453,MG,มาดากัสการ์,1E,ทวีปแอฟริกา,0.0,0.0
2021-12,2021,12,4,341,KZ,คาซัคสถาน,1A,ทวีปเอเชีย,0.0,0.0
2021-12,2021,12,4,461,NG,ไนจีเรีย,1E,ทวีปแอฟริกา,0.0,0.0
2021-12,2021,12,4,469,SN,เซเนกัล,1E,ทวีปแอฟริกา,95713.0,1416.0
2021-12,2021,12,4,489,GU,กวม,1F,ทวีปออสเตรเลีย,3788.0,67.0
2021-12,2021,12,4,422,VE,เวเนซุเอลา,1D,ทวีปอเมริกาใต้,0.0,0.0
2021-12,2021,12,4,492,MP,เกาะมาเรียนาเหนือ,1F,ทวีปออสเตรเลีย,92484.0,1987.0
2021-12,2021,12,4,331,AM,อาร์เมเนีย,1A,ทวีปเอเชีย,0.0,0.0
2021-12,2021,12,4,290,IR,อิหร่าน,1A,ทวีปเอเชีย,0.0,0.0
2021-12,2021,12,4,330,AL,แอลเบเนีย,1B,ทวีปยุโรป,0.0,0.0
2021-12,2021,12,4,502,SB,โซโลมอน,1F,ทวีปออสเตรเลีย,46125.0,432.0
2021-12,2021,12,4,397,PA,ปานามา,1C,ทวีปอเมริกาเหนือ,0.0,0.0
2021-12,2021,12,4,498,PF,เฟรนช์โปลีนีเซีย,1F,ทวีปออสเตรเลีย,0.0,0.0
2021-12,2021,12,4,499,PG,ปาปัวนิวกินี,1F,ทวีปออสเตรเลีย,0.0,0.0
2021-12,2021,12,4,475,TN,ตูนิเซีย,1E,ทวีปแอฟริกา,0.0,0.0
2021-12,2021,12,4,506,WS,ซามัวตะวันตก,1F,ทวีปออสเตรเลีย,29367.0,367.0
2021-12,2021,12,4,347,SK,สโลวาเกีย,1B,ทวีปยุโรป,0.0,0.0
2021-12,2021,12,4,603,AX,หมู่เกาะโอลันด์,1G,ประเทศอื่น,0.0,0.0
2021-12,2021,12,4,484,CK,หมู่เกาะดุก,1F,ทวีปออสเตรเลีย,0.0,0.0
2021-12,2021,12,4,465,SC,เซเชลส์,1E,ทวีปแอฟริกา,23355.0,153.0
2021-12,2021,12,4,504,TO,ตองกา,1F,ทวีปออสเตรเลีย,0.0,0.0
2021-12,2021,12,4,526,WF,หมู่เกาะวาลลิสและฟุตูนา,1F,ทวีปออสเตรเลีย,18503.0,249.0
2021-12,2021,12,4,362,LT,ลิทัวเนีย,1B,ทวีปยุโรป,0.0,0.0
2021-12,2021,12,4,417,PE,เปรู,1D,ทวีปอเมริกาใต้,0.0,0.0
2021-12,2021,12,4,352,UZ,อุซเบกิสถาน,1A,ทวีปเอเชีย,0.0,0.0
2021-12,2021,12,4,412,EC,เอกวาดอร์,1D,ทวีปอเมริกาใต้,0.0,0.0
2021-12,2021,12,4,505,VU,วานูอาตู,1F,ทวีปออสเตรเลีย,11790.0,124.0
2021-12,2021,12,4,530,YT,มายอต,1E,ทวีปแอฟริกา,0.0,0.0
2021-12,2021,12,4,490,KI,คิริบาส,1F,ทวีปออสเตรเลีย,0.0,0.0
2021-12,2021,12,4,346,SI,สโลวีเนีย,1B,ทวีปยุโรป,0.0,0.0
2021-12,2021,12,4,388,GT,กัวเตมาลา,1C,ทวีปอเมริกาเหนือ,0.0,0.0
2021-12,2021,12,4,501,PW,ปาลัว,1F,ทวีปออสเตรเลีย,0.0,0.0
2021-12,2021,12,4,334,BY,เบลารุส,1B,ทวีปยุโรป,0.0,0.0
2021-12,2021,12,4,338,HR,โครเอเชีย,1B,ทวีปยุโรป,0.0,0.0
2021-12,2021,12,4,401,TT,ตรินิแดดและโตเบโก,1C,ทวีปอเมริกาเหนือ,0.0,0.0
2022-01,2022,1,1,373,US,สหรัฐอเมริกา,1C,ทวีปอเมริกาเหนือ,54129219.0,943383.0
2022-01,2022,1,1,315,DE,เยอรมนี,1B,ทวีปยุโรป,48559707.0,736405.0
2022-01,2022,1,1,320,GB,สหราชอาณาจักร,1B,ทวีปยุโรป,37543023.0,600027.0
2022-01,2022,1,1,345,RU,รัสเซีย,1B,ทวีปยุโรป,36471047.0,597855.0
2022-01,2022,1,1,306,KR,เกาหลีใต้,1A,ทวีปเอเชีย,31340762.0,598259.0
2022-01,2022,1,1,271,MY,มาเลเซีย,1A,ทวีปเอเชีย,26780739.0,384616.0
2022-01,2022,1,1,327,SE,สวีเดน,1B,ทวีปยุโรป,24449797.0,407755.0
2022-01,2022,1,1,325,NL,เนเธอร์แลนด์,1B,ทวีปยุโรป,21313320.0,338761.0
2022-01,2022,1,1,319,FR,ฝรั่งเศส,1B,ทวีปยุโรป,14653435.0,317697.0
2022-01,2022,1,1,288,IL,อิสราเอล,1A,ทวีปเอเชีย,14523870.0,355196.0
2022-01,2022,1,1,269,LA,สปป. ลาว,1A,ทวีปเอเชีย,13482670.0,308381.0
2022-01,2022,1,1,268,KH,กัมพูชา,1A,ทวีปเอเชีย,12892929.0,373483.0
2022-01,2022,1,1,371,CA,แคนาดา,1C,ทวีปอเมริกาเหนือ,12772061.0,279701.0
2022-01,2022,1,1,304,JP,ญี่ปุ่น,1A,ทวีปเอเชีย,12122026.0,157266.0
2022-01,2022,1,1,343,PL,โปแลนด์,1B,ทวีปยุโรป,7875375.0,95004.0
2022-01,2022,1,1,483,AU,ออสเตรเลีย,1F,ทวีปออสเตรเลีย,7812506.0,150360.0
2022-01,2022,1,1,273,SG,สิงคโปร์,1A,ทวีปเอเชีย,7466400.0,146228.0
2022-01,2022,1,1,296,SA,ซาอุดีอาระเบีย,1A,ทวีปเอเชีย,7288660.0,122421.0
2022-01,2022,1,1,366,NO,นอร์เวย์,1B,ทวีปยุโรป,6167983.0,106072.0
2022-01,2022,1,1,317,ES,สเปน,1B,ทวีปยุโรป,5656590.0,87939.0
2022-01,2022,1,1,323,IT,อิตาลี,1B,ทวีปยุโรป,5466107.0,105928.0
2022-01,2022,1,1,270,MM,เมียนมา,1A,ทวีปเอเชีย,5085198.0,105333.0
2022-01,2022,1,1,497,NZ,นิวซีแลนด์,1F,ทวีปออสเตรเลีย,5041458.0,40579.0
2022-01,2022,1,1,316,DK,เดนมาร์ก,1B,ทวีปยุโรป,4731800.0,85918.0
2022-01,2022,1,1,336,CZ,สาธารณรัฐเช็ก,1B,ทวีปยุโรป,3862535.0,65284.0
2022-01,2022,1,1,279,IN,อินเดีย,1A,ทวีปเอเชีย,3692719.0,76127.0
2022-01,2022,1,1,321,GR,กรีซ,1B,ทวีปยุโรป,3344404.0,53959.0
2022-01,2022,1,1,309,TW,ไต้หวัน,1A,ทวีปเอเชีย,3107138.0,60998.0
2022-01,2022,1,1,302,CN,จีน,1A,ทวีปเอเชีย,3015638.0,50107.0
2022-01,2022,1,1,326,PT,โปรตุเกส,1B,ทวีปยุโรป,2883959.0,62424.0
2022-01,2022,1,1,303,HK,ฮ่องกง,1A,ทวีปเอเชีย,2648034.0,38242.0
2022-01,2022,1,1,272,PH,ฟิลิปปินส์,1A,ทวีปเอเชีย,2529910.0,32054.0
2022-01,2022,1,1,318,FI,ฟินแลนด์,1B,ทวีปยุโรป,1797709.0,31621.0
2022-01,2022,1,1,274,VN,เวียดนาม,1A,ทวีปเอเชีย,1677602.0,30836.0
2022-01,2022,1,1,267,ID,อินโดนีเซีย,1A,ทวีปเอเชีย,1514354.0,23018.0
2022-01,2022,1,1,478,ZA,แอฟริกาใต้,1E,ทวีปแอฟริกา,1485035.0,26861.0
2022-01,2022,1,1,363,LV,ลัตเวีย,1B,ทวีปยุโรป,1484679.0,28038.0
2022-01,2022,1,1,287,CY,ไซปรัส,1A,ทวีปเอเชีย,1410167.0,24633.0
2022-01,2022,1,1,409,BR,บราซิล,1D,ทวีปอเมริกาใต้,1174883.0,17017.0
2022-01,2022,1,1,437,EG,อียิปต์,1E,ทวีปแอฟริกา,1120158.0,25166.0
2022-01,2022,1,1,298,TR,ตุรกี,1A,ทวีปเอเชีย,1059938.0,17179.0
2022-01,2022,1,1,295,QA,กาตาร์,1A,ทวีปเอเชีย,1055613.0,16606.0
2022-01,2022,1,1,285,AE,สหรัฐอาหรับเอมิเรตส์,1A,ทวีปเอเชีย,1003912.0,14409.0
2022-01,2022,1,1,266,BN,บรูไน,1A,ทวีปเอเชีย,850817.0,14917.0
2022-01,2022,1,1,281,MV,มัลดีฟส์,1A,ทวีปเอเชีย,617884.0,8700.0
2022-01,2022,1,1,292,KW,คูเวต,1A,ทวีปเอเชีย,561188.0,8553.0
2022-01,2022,1,1,384,DO,สาธารณรัฐโดมินิกัน,1C,ทวีปอเมริกาเหนือ,516524.0,8753.0
2022-01,2022,1,1,410,CL,ชิลี,1D,ทวีปอเมริกาใต้,375727.0,3970.0
2022-01,2022,1,1,356,CH,สวิตเซอร์แลนด์,1B,ทวีปยุโรป,357230.0,5246.0
2022-01,2022,1,1,312,AT,ออสเตรีย,1B,ทวีปยุโรป,353366.0,8100.0
2022-01,2022,1,1,351,UA,ยูเครน,1B,ทวีปยุโรป,338069.0,4728.0
2022-01,2022,1,1,308,MO,มาเก๊า,1A,ทวีปเอเชีย,335170.0,3274.0
2022-01,2022,1,1,360,IS,ไอซ์แลนด์,1B,ทวีปยุโรป,330800.0,3139.0
2022-01,2022,1,1,286,BH,บาห์เรน,1A,ทวีปเอเชีย,324580.0,5877.0
2022-01,2022,1,1,294,OM,โอมาน,1A,ทวีปเอเชีย,320415.0,3902.0
2022-01,2022,1,1,498,PF,เฟรนช์โปลีนีเซีย,1F,ทวีปออสเตรเลีย,296870.0,5292.0
2022-01,2022,1,1,381,CR,คอสตาริกา,1C,ทวีปอเมริกาเหนือ,260652.0,4420.0
2022-01,2022,1,1,337,GE,จอร์เจีย,1A,ทวีปเอเชีย,253839.0,3436.0
2022-01,2022,1,1,332,AZ,อาเซอร์ไบจาน,1A,ทวีปเอเชีย,249058.0,2621.0
2022-01,2022,1,1,486,FJ,ฟิจิ,1F,ทวีปออสเตรเลีย,106953.0,1080.0
2022-01,2022,1,1,277,BD,บังกลาเทศ,1A,ทวีปเอเชีย,91439.0,1702.0
2022-01,2022,1,1,322,IE,ไอร์แลนด์,1B,ทวีปยุโรป,90544.0,654.0
2022-01,2022,1,1,463,RE,เรอูนียง,1E,ทวีปแอฟริกา,90161.0,682.0
2022-01,2022,1,1,411,CO,โคลอมเบีย,1D,ทวีปอเมริกาใต้,75933.0,1050.0
2022-01,2022,1,1,414,GF,เฟรนช์เกียนา,1D,ทวีปอเมริกาใต้,71669.0,972.0
2022-01,2022,1,1,456,MU,มอริเชียส,1E,ทวีปแอฟริกา,70428.0,1299.0
2022-01,2022,1,1,357,EE,เอสโตเนีย,1B,ทวีปยุโรป,37056.0,360.0
2022-01,2022,1,1,489,GU,กวม,1F,ทวีปออสเตรเลีย,29812.0,488.0
2022-01,2022,1,1,330,AL,แอลเบเนีย,1B,ทวีปยุโรป,29750.0,261.0
2022-01,2022,1,1,461,NG,ไนจีเรีย,1E,ทวีปแอฟริกา,24989.0,600.0
2022-01,2022,1,1,510,AS,อเมริกันซามัวร์,1F,ทวีปออสเตรเลีย,17489.0,394.0
2022-01,2022,1,1,280,LK,ศรีลังกา,1A,ทวีปเอเชีย,15693.0,190.0
2022-02,2022,2,1,373,US,สหรัฐอเมริกา,1C,ทวีปอเมริกาเหนือ,57538524.0,757464.0
2022-02,2022,2,1,315,DE,เยอรมนี,1B,ทวีปยุโรป,38451631.0,599215.0
2022-02,2022,2,1,320,GB,สหราชอาณาจักร,1B,ทวีปยุโรป,40828691.0,741668.0
2022-02,2022,2,1,345,RU,รัสเซีย,1B,ทวีปยุโรป,33778174.0,630196.0
2022-02,2022,2,1,271,MY,มาเลเซีย,1A,ทวีปเอเชีย,39035119.0,568895.0
2022-02,2022,2,1,325,NL,เนเธอร์แลนด์,1B,ทวีปยุโรป,37811372.0,573589.0
2022-02,2022,2,1,306,KR,เกาหลีใต้,1A,ทวีปเอเชีย,20785594.0,406977.0
2022-02,2022,2,1,327,SE,สวีเดน,1B,ทวีปยุโรป,14617270.0,295221.0
2022-02,2022,2,1,269,LA,สปป. ลาว,1A,ทวีปเอเชีย,19274870.0,597468.0
2022-02,2022,2,1,288,IL,อิสราเอล,1A,ทวีปเอเชีย,14601281.0,269830.0
2022-02,2022,2,1,268,KH,กัมพูชา,1A,ทวีปเอเชีย,13130724.0,408305.0
2022-02,2022,2,1,319,FR,ฝรั่งเศส,1B,ทวีปยุโรป,10160557.0,191913.0
2022-02,2022,2,1,304,JP,ญี่ปุ่น,1A,ทวีปเอเชีย,11580076.0,141802.0
2022-02,2022,2,1,371,CA,แคนาดา,1C,ทวีปอเมริกาเหนือ,10389701.0,241566.0
2022-02,2022,2,1,343,PL,โปแลนด์,1B,ทวีปยุโรป,12458110.0,218401.0
2022-02,2022,2,1,483,AU,ออสเตรเลีย,1F,ทวีปออสเตรเลีย,9906760.0,205141.0
2022-02,2022,2,1,273,SG,สิงคโปร์,1A,ทวีปเอเชีย,9395372.0,177906.0
2022-02,2022,2,1,296,SA,ซาอุดีอาระเบีย,1A,ทวีปเอเชีย,5262589.0,91395.0
2022-02,2022,2,1,317,ES,สเปน,1B,ทวีปยุโรป,5390203.0,93653.0
2022-02,2022,2,1,323,IT,อิตาลี,1B,ทวีปยุโรป,5473474.0,91719.0
2022-02,2022,2,1,270,MM,เมียนมา,1A,ทวีปเอเชีย,5476459.0,124527.0
2022-02,2022,2,1,316,DK,เดนมาร์ก,1B,ทวีปยุโรป,5115269.0,81630.0
2022-02,2022,2,1,272,PH,ฟิลิปปินส์,1A,ทวีปเอเชีย,5410452.0,74306.0
2022-02,2022,2,1,366,NO,นอร์เวย์,1B,ทวีปยุโรป,1766147.0,36558.0
2022-02,2022,2,1,497,NZ,นิวซีแลนด์,1F,ทวีปออสเตรเลีย,1931706.0,33113.0
2022-02,2022,2,1,285,AE,สหรัฐอาหรับเอมิเรตส์,1A,ทวีปเอเชีย,5326924.0,63660.0
2022-02,2022,2,1,309,TW,ไต้หวัน,1A,ทวีปเอเชีย,2953740.0,66541.0
2022-02,2022,2,1,298,TR,ตุรกี,1A,ทวีปเอเชีย,4724776.0,74681.0
2022-02,2022,2,1,303,HK,ฮ่องกง,1A,ทวีปเอเชีย,2936226.0,55044.0
2022-02,2022,2,1,336,CZ,สาธารณรัฐเช็ก,1B,ทวีปยุโรป,1254934.0,17915.0
2022-02,2022,2,1,279,IN,อินเดีย,1A,ทวีปเอเชีย,1379872.0,22722.0
2022-02,2022,2,1,302,CN,จีน,1A,ทวีปเอเชีย,2024173.0,51101.0
2022-02,2022,2,1,274,VN,เวียดนาม,1A,ทวีปเอเชีย,2494091.0,39062.0
2022-02,2022,2,1,321,GR,กรีซ,1B,ทวีปยุโรป,498954.0,5719.0
2022-02,2022,2,1,318,FI,ฟินแลนด์,1B,ทวีปยุโรป,1861029.0,39649.0
2022-02,2022,2,1,267,ID,อินโดนีเซีย,1A,ทวีปเอเชีย,1933854.0,24172.0
2022-02,2022,2,1,356,CH,สวิตเซอร์แลนด์,1B,ทวีปยุโรป,2783002.0,27390.0
2022-02,2022,2,1,478,ZA,แอฟริกาใต้,1E,ทวีปแอฟริกา,1558028.0,16113.0
2022-02,2022,2,1,287,CY,ไซปรัส,1A,ทวีปเอเชีย,1512724.0,27922.0
2022-02,2022,2,1,326,PT,โปรตุเกส,1B,ทวีปยุโรป,0.0,0.0
2022-02,2022,2,1,312,AT,ออสเตรีย,1B,ทวีปยุโรป,1793893.0,36342.0
2022-02,2022,2,1,410,CL,ชิลี,1D,ทวีปอเมริกาใต้,1640613.0,10278.0
2022-02,2022,2,1,266,BN,บรูไน,1A,ทวีปเอเชีย,1053841.0,16167.0
2022-02,2022,2,1,437,EG,อียิปต์,1E,ทวีปแอฟริกา,748119.0,7962.0
2022-02,2022,2,1,363,LV,ลัตเวีย,1B,ทวีปยุโรป,352321.0,4397.0
2022-02,2022,2,1,307,MN,มองโกเลีย,1A,ทวีปเอเชีย,1602160.0,30270.0
2022-02,2022,2,1,283,PK,ปากีสถาน,1A,ทวีปเอเชีย,1569876.0,20099.0
2022-02,2022,2,1,332,AZ,อาเซอร์ไบจาน,1A,ทวีปเอเชีย,1194217.0,25860.0
2022-02,2022,2,1,409,BR,บราซิล,1D,ทวีปอเมริกาใต้,163269.0,2898.0
2022-02,2022,2,1,384,DO,สาธารณรัฐโดมินิกัน,1C,ทวีปอเมริกาเหนือ,567205.0,9608.0
2022-02,2022,2,1,295,QA,กาตาร์,1A,ทวีปเอเชีย,0.0,0.0
2022-02,2022,2,1,322,IE,ไอร์แลนด์,1B,ทวีปยุโรป,896657.0,17410.0
2022-02,2022,2,1,277,BD,บังกลาเทศ,1A,ทวีปเอเชีย,816072.0,9016.0
2022-02,2022,2,1,337,GE,จอร์เจีย,1A,ทวีปเอเชีย,457671.0,7608.0
2022-02,2022,2,1,292,KW,คูเวต,1A,ทวีปเอเชีย,131126.0,1474.0
2022-02,2022,2,1,351,UA,ยูเครน,1B,ทวีปยุโรป,339878.0,5903.0
2022-02,2022,2,1,286,BH,บาห์เรน,1A,ทวีปเอเชีย,330758.0,6069.0
2022-02,2022,2,1,281,MV,มัลดีฟส์,1A,ทวีปเอเชีย,7878.0,20.0
2022-02,2022,2,1,291,JO,จอร์แดน,1A,ทวีปเอเชีย,565776.0,9108.0
2022-02,2022,2,1,344,RO,โรมาเนีย,1B,ทวีปยุโรป,512225.0,9219.0
2022-02,2022,2,1,294,OM,โอมาน,1A,ทวีปเอเชีย,182787.0,3572.0
2022-02,2022,2,1,308,MO,มาเก๊า,1A,ทวีปเอเชีย,0.0,0.0
2022-02,2022,2,1,360,IS,ไอซ์แลนด์,1B,ทวีปยุโรป,0.0,0.0
2022-02,2022,2,1,498,PF,เฟรนช์โปลีนีเซีย,1F,ทวีปออสเตรเลีย,31078.0,250.0
2022-02,2022,2,1,313,BE,เบลเยียม,1B,ทวีปยุโรป,320777.0,3196.0
2022-02,2022,2,1,381,CR,คอสตาริกา,1C,ทวีปอเมริกาเหนือ,0.0,0.0
2022-02,2022,2,1,339,HU,ฮังการี,1B,ทวีปยุโรป,248369.0,2333.0
2022-02,2022,2,1,365,MT,มอลตา,1B,ทวีปยุโรป,237017.0,4438.0
2022-02,2022,2,1,469,SN,เซเนกัล,1E,ทวีปแอฟริกา,231363.0,3219.0
2022-02,2022,2,1,493,NC,นิวแคลีโดเนีย,1F,ทวีปออสเตรเลีย,203866.0,2043.0
2022-02,2022,2,1,452,MA,โมร็อกโก,1E,ทวีปแอฟริกา,184638.0,3600.0
2022-02,2022,2,1,414,GF,เฟรนช์เกียนา,1D,ทวีปอเมริกาใต้,110704.0,1740.0
2022-02,2022,2,1,357,EE,เอสโตเนีย,1B,ทวีปยุโรป,124406.0,1740.0
2022-02,2022,2,1,463,RE,เรอูนียง,1E,ทวีปแอฟริกา,64679.0,327.0
2022-02,2022,2,1,453,MG,มาดากัสการ์,1E,ทวีปแอฟริกา,148832.0,2705.0
2022-02,2022,2,1,489,GU,กวม,1F,ทวีปออสเตรเลีย,99104.0,777.0
2022-02,2022,2,1,282,NP,เนปาล,1A,ทวีปเอเชีย,127500.0,216.0
2022-02,2022,2,1,486,FJ,ฟิจิ,1F,ทวีปออสเตรเลีย,0.0,0.0
2022-02,2022,2,1,456,MU,มอริเชียส,1E,ทวีปแอฟริกา,26942.0,246.0
2022-02,2022,2,1,411,CO,โคลอมเบีย,1D,ทวีปอเมริกาใต้,0.0,0.0
2022-02,2022,2,1,441,GH,กานา,1E,ทวีปแอฟริกา,69221.0,766.0
2022-02,2022,2,1,330,AL,แอลเบเนีย,1B,ทวีปยุโรป,0.0,0.0
2022-02,2022,2,1,461,NG,ไนจีเรีย,1E,ทวีปแอฟริกา,0.0,0.0
2022-02,2022,2,1,510,AS,อเมริกันซามัวร์,1F,ทวีปออสเตรเลีย,0.0,0.0
2022-02,2022,2,1,280,LK,ศรีลังกา,1A,ทวีปเอเชีย,340.0,2.0
2022-02,2022,2,1,501,PW,ปาลัว,1F,ทวีปออสเตรเลีย,6976.0,69.0
2022-02,2022,2,1,372,MX,เม็กซิโก,1C,ทวีปอเมริกาเหนือ,3233.0,13.0
2022-03,2022,3,1,373,US,สหรัฐอเมริกา,1C,ทวีปอเมริกาเหนือ,54164755.0,827342.0
2022-03,2022,3,1,315,DE,เยอรมนี,1B,ทวีปยุโรป,42445338.0,570645.0
2022-03,2022,3,1,320,GB,สหราชอาณาจักร,1B,ทวีปยุโรป,30928708.0,533328.0
2022-03,2022,3,1,271,MY,มาเลเซีย,1A,ทวีปเอเชีย,40439509.0,572147.0
2022-03,2022,3,1,325,NL,เนเธอร์แลนด์,1B,ทวีปยุโรป,36396328.0,543392.0
2022-03,2022,3,1,306,KR,เกาหลีใต้,1A,ทวีปเอเชีย,24005134.0,486824.0
2022-03,2022,3,1,345,RU,รัสเซีย,1B,ทวีปยุโรป,572618.0,7335.0
2022-03,2022,3,1,327,SE,สวีเดน,1B,ทวีปยุโรป,22734942.0,420022.0
2022-03,2022,3,1,269,LA,สปป. ลาว,1A,ทวีปเอเชีย,21459621.0,631773.0
2022-03,2022,3,1,371,CA,แคนาดา,1C,ทวีปอเมริกาเหนือ,27009554.0,569051.0
2022-03,2022,3,1,268,KH,กัมพูชา,1A,ทวีปเอเชีย,16284695.0,530952.0
2022-03,2022,3,1,319,FR,ฝรั่งเศส,1B,ทวีปยุโรป,16081969.0,297543.0
2022-03,2022,3,1,304,JP,ญี่ปุ่น,1A,ทวีปเอเชีย,16823411.0,211279.0
2022-03,2022,3,1,288,IL,อิสราเอล,1A,ทวีปเอเชีย,9181823.0,205310.0
2022-03,2022,3,1,483,AU,ออสเตรเลีย,1F,ทวีปออสเตรเลีย,13855845.0,264397.0
2022-03,2022,3,1,343,PL,โปแลนด์,1B,ทวีปยุโรป,9416599.0,153114.0
2022-03,2022,3,1,273,SG,สิงคโปร์,1A,ทวีปเอเชีย,8167062.0,162759.0
2022-03,2022,3,1,323,IT,อิตาลี,1B,ทวีปยุโรป,8587755.0,116887.0
2022-03,2022,3,1,316,DK,เดนมาร์ก,1B,ทวีปยุโรป,7097952.0,116504.0
2022-03,2022,3,1,302,CN,จีน,1A,ทวีปเอเชีย,11202851.0,191854.0
2022-03,2022,3,1,296,SA,ซาอุดีอาระเบีย,1A,ทวีปเอเชีย,3284050.0,86312.0
2022-03,2022,3,1,272,PH,ฟิลิปปินส์,1A,ทวีปเอเชีย,7290013.0,76636.0
2022-03,2022,3,1,317,ES,สเปน,1B,ทวีปยุโรป,2425644.0,35754.0
2022-03,2022,3,1,270,MM,เมียนมา,1A,ทวีปเอเชีย,2240715.0,50980.0
2022-03,2022,3,1,366,NO,นอร์เวย์,1B,ทวีปยุโรป,3386959.0,49598.0
2022-03,2022,3,1,298,TR,ตุรกี,1A,ทวีปเอเชีย,5403614.0,106270.0
2022-03,2022,3,1,309,TW,ไต้หวัน,1A,ทวีปเอเชีย,3680229.0,84486.0
2022-03,2022,3,1,303,HK,ฮ่องกง,1A,ทวีปเอเชีย,3716088.0,69654.0
2022-03,2022,3,1,497,NZ,นิวซีแลนด์,1F,ทวีปออสเตรเลีย,1997217.0,20652.0
2022-03,2022,3,1,285,AE,สหรัฐอาหรับเอมิเรตส์,1A,ทวีปเอเชีย,2636223.0,34690.0
2022-03,2022,3,1,279,IN,อินเดีย,1A,ทวีปเอเชีย,3169188.0,51944.0
2022-03,2022,3,1,356,CH,สวิตเซอร์แลนด์,1B,ทวีปยุโรป,4541291.0,62000.0
2022-03,2022,3,1,321,GR,กรีซ,1B,ทวีปยุโรป,2886738.0,40524.0
2022-03,2022,3,1,478,ZA,แอฟริกาใต้,1E,ทวีปแอฟริกา,3117287.0,39761.0
2022-03,2022,3,1,336,CZ,สาธารณรัฐเช็ก,1B,ทวีปยุโรป,954332.0,20235.0
2022-03,2022,3,1,318,FI,ฟินแลนด์,1B,ทวีปยุโรป,2007008.0,33544.0
2022-03,2022,3,1,312,AT,ออสเตรีย,1B,ทวีปยุโรป,3111414.0,74385.0
2022-03,2022,3,1,274,VN,เวียดนาม,1A,ทวีปเอเชีย,1058661.0,19154.0
2022-03,2022,3,1,322,IE,ไอร์แลนด์,1B,ทวีปยุโรป,3382845.0,39759.0
2022-03,2022,3,1,287,CY,ไซปรัส,1A,ทวีปเอเชีย,990959.0,16482.0
2022-03,2022,3,1,267,ID,อินโดนีเซีย,1A,ทวีปเอเชีย,419331.0,6522.0
2022-03,2022,3,1,437,EG,อียิปต์,1E,ทวีปแอฟริกา,1056066.0,20455.0
2022-03,2022,3,1,326,PT,โปรตุเกส,1B,ทวีปยุโรป,0.0,0.0
2022-03,2022,3,1,307,MN,มองโกเลีย,1A,ทวีปเอเชีย,1261599.0,25851.0
2022-03,2022,3,1,295,QA,กาตาร์,1A,ทวีปเอเชีย,1519285.0,23761.0
2022-03,2022,3,1,291,JO,จอร์แดน,1A,ทวีปเอเชีย,1837156.0,38563.0
2022-03,2022,3,1,286,BH,บาห์เรน,1A,ทวีปเอเชีย,1734064.0,25430.0
2022-03,2022,3,1,266,BN,บรูไน,1A,ทวีปเอเชีย,255704.0,5559.0
2022-03,2022,3,1,410,CL,ชิลี,1D,ทวีปอเมริกาใต้,0.0,0.0
2022-03,2022,3,1,456,MU,มอริเชียส,1E,ทวีปแอฟริกา,1785616.0,28558.0
2022-03,2022,3,1,363,LV,ลัตเวีย,1B,ทวีปยุโรป,0.0,0.0
2022-03,2022,3,1,292,KW,คูเวต,1A,ทวีปเอเชีย,1015884.0,16913.0
2022-03,2022,3,1,409,BR,บราซิล,1D,ทวีปอเมริกาใต้,244816.0,2250.0
2022-03,2022,3,1,283,PK,ปากีสถาน,1A,ทวีปเอเชีย,0.0,0.0
2022-03,2022,3,1,277,BD,บังกลาเทศ,1A,ทวีปเอเชีย,661376.0,8768.0
2022-03,2022,3,1,337,GE,จอร์เจีย,1A,ทวีปเอเชีย,828048.0,19134.0
2022-03,2022,3,1,332,AZ,อาเซอร์ไบจาน,1A,ทวีปเอเชีย,0.0,0.0
2022-03,2022,3,1,384,DO,สาธารณรัฐโดมินิกัน,1C,ทวีปอเมริกาเหนือ,0.0,0.0
2022-03,2022,3,1,344,RO,โรมาเนีย,1B,ทวีปยุโรป,536252.0,4709.0
2022-03,2022,3,1,281,MV,มัลดีฟส์,1A,ทวีปเอเชีย,402531.0,5206.0
2022-03,2022,3,1,365,MT,มอลตา,1B,ทวีปยุโรป,741161.0,16362.0
2022-03,2022,3,1,339,HU,ฮังการี,1B,ทวีปยุโรป,464870.0,4092.0
2022-03,2022,3,1,452,MA,โมร็อกโก,1E,ทวีปแอฟริกา,515268.0,6948.0
2022-03,2022,3,1,360,IS,ไอซ์แลนด์,1B,ทวีปยุโรป,348337.0,3417.0
2022-03,2022,3,1,351,UA,ยูเครน,1B,ทวีปยุโรป,0.0,0.0
2022-03,2022,3,1,308,MO,มาเก๊า,1A,ทวีปเอเชีย,303542.0,2879.0
2022-03,2022,3,1,389,HN,ฮอนดูรัส,1C,ทวีปอเมริกาเหนือ,631246.0,14650.0
2022-03,2022,3,1,341,KZ,คาซัคสถาน,1A,ทวีปเอเชีย,611368.0,14208.0
2022-03,2022,3,1,381,CR,คอสตาริกา,1C,ทวีปอเมริกาเหนือ,348039.0,5818.0
2022-03,2022,3,1,289,IQ,อิรัก,1A,ทวีปเอเชีย,559915.0,9216.0
2022-03,2022,3,1,469,SN,เซเนกัล,1E,ทวีปแอฟริกา,314473.0,4608.0
2022-03,2022,3,1,294,OM,โอมาน,1A,ทวีปเอเชีย,0.0,0.0
2022-03,2022,3,1,463,RE,เรอูนียง,1E,ทวีปแอฟริกา,310446.0,5138.0
2022-03,2022,3,1,313,BE,เบลเยียม,1B,ทวีปยุโรป,92680.0,900.0
2022-03,2022,3,1,489,GU,กวม,1F,ทวีปออสเตรเลีย,253911.0,2427.0
2022-03,2022,3,1,377,BB,บาร์เบโดส,1C,ทวีปอเมริกาเหนือ,377549.0,7327.0
2022-03,2022,3,1,498,PF,เฟรนช์โปลีนีเซีย,1F,ทวีปออสเตรเลีย,1260.0,7.0
2022-03,2022,3,1,414,GF,เฟรนช์เกียนา,1D,ทวีปอเมริกาใต้,117544.0,1932.0
2022-03,2022,3,1,493,NC,นิวแคลีโดเนีย,1F,ทวีปออสเตรเลีย,53690.0,462.0
2022-03,2022,3,1,486,FJ,ฟิจิ,1F,ทวีปออสเตรเลีย,91275.0,1690.0
2022-03,2022,3,1,357,EE,เอสโตเนีย,1B,ทวีปยุโรป,23810.0,240.0
2022-03,2022,3,1,453,MG,มาดากัสการ์,1E,ทวีปแอฟริกา,0.0,0.0
2022-03,2022,3,1,461,NG,ไนจีเรีย,1E,ทวีปแอฟริกา,123680.0,3535.0
2022-03,2022,3,1,422,VE,เวเนซุเอลา,1D,ทวีปอเมริกาใต้,147438.0,931.0
2022-03,2022,3,1,282,NP,เนปาล,1A,ทวีปเอเชีย,0.0,0.0
2022-03,2022,3,1,499,PG,ปาปัวนิวกินี,1F,ทวีปออสเตรเลีย,101373.0,2418.0
2022-03,2022,3,1,411,CO,โคลอมเบีย,1D,ทวีปอเมริกาใต้,0.0,0.0
2022-03,2022,3,1,441,GH,กานา,1E,ทวีปแอฟริกา,0.0,0.0
2022-03,2022,3,1,530,YT,มายอต,1E,ทวีปแอฟริกา,66598.0,637.0
2022-03,2022,3,1,526,WF,หมู่เกาะวาลลิสและฟุตูนา,1F,ทวีปออสเตรเลีย,56887.0,730.0
2022-03,2022,3,1,293,LB,เลบานอน,1A,ทวีปเอเชีย,51981.0,531.0
2022-03,2022,3,1,330,AL,แอลเบเนีย,1B,ทวีปยุโรป,0.0,0.0
2022-03,2022,3,1,280,LK,ศรีลังกา,1A,ทวีปเอเชีย,2799.0,20.0
2022-03,2022,3,1,510,AS,อเมริกันซามัวร์,1F,ทวีปออสเตรเลีย,0.0,0.0
2022-03,2022,3,1,490,KI,คิริบาส,1F,ทวีปออสเตรเลีย,10484.0,118.0
2022-03,2022,3,1,501,PW,ปาลัว,1F,ทวีปออสเตรเลีย,0.0,0.0
2022-03,2022,3,1,372,MX,เม็กซิโก,1C,ทวีปอเมริกาเหนือ,1000.0,2.0
2022-04,2022,4,2,373,US,สหรัฐอเมริกา,1C,ทวีปอเมริกาเหนือ,44854831.0,667285.0
2022-04,2022,4,2,315,DE,เยอรมนี,1B,ทวีปยุโรป,40887132.0,565518.0
2022-04,2022,4,2,320,GB,สหราชอาณาจักร,1B,ทวีปยุโรป,32386348.0,502058.0
2022-04,2022,4,2,271,MY,มาเลเซีย,1A,ทวีปเอเชีย,31677913.0,429273.0
2022-04,2022,4,2,325,NL,เนเธอร์แลนด์,1B,ทวีปยุโรป,25747369.0,395412.0
2022-04,2022,4,2,306,KR,เกาหลีใต้,1A,ทวีปเอเชีย,15943056.0,332113.0
2022-04,2022,4,2,345,RU,รัสเซีย,1B,ทวีปยุโรป,13910459.0,200205.0
2022-04,2022,4,2,327,SE,สวีเดน,1B,ทวีปยุโรป,21852533.0,418699.0
2022-04,2022,4,2,269,LA,สปป. ลาว,1A,ทวีปเอเชีย,17619530.0,467335.0
2022-04,2022,4,2,371,CA,แคนาดา,1C,ทวีปอเมริกาเหนือ,10220606.0,208734.0
2022-04,2022,4,2,268,KH,กัมพูชา,1A,ทวีปเอเชีย,12889957.0,345838.0
2022-04,2022,4,2,288,IL,อิสราเอล,1A,ทวีปเอเชีย,14436235.0,258198.0
2022-04,2022,4,2,304,JP,ญี่ปุ่น,1A,ทวีปเอเชีย,9038743.0,124350.0
2022-04,2022,4,2,319,FR,ฝรั่งเศส,1B,ทวีปยุโรป,7130580.0,99219.0
2022-04,2022,4,2,483,AU,ออสเตรเลีย,1F,ทวีปออสเตรเลีย,12446910.0,265605.0
2022-04,2022,4,2,343,PL,โปแลนด์,1B,ทวีปยุโรป,5229458.0,74793.0
2022-04,2022,4,2,273,SG,สิงคโปร์,1A,ทวีปเอเชีย,9463189.0,180657.0
2022-04,2022,4,2,316,DK,เดนมาร์ก,1B,ทวีปยุโรป,8389980.0,110825.0
2022-04,2022,4,2,323,IT,อิตาลี,1B,ทวีปยุโรป,4961831.0,91564.0
2022-04,2022,4,2,302,CN,จีน,1A,ทวีปเอเชีย,4378310.0,83433.0
2022-04,2022,4,2,272,PH,ฟิลิปปินส์,1A,ทวีปเอเชีย,4861744.0,56194.0
2022-04,2022,4,2,296,SA,ซาอุดีอาระเบีย,1A,ทวีปเอเชีย,1831408.0,29054.0
2022-04,2022,4,2,270,MM,เมียนมา,1A,ทวีปเอเชีย,4231472.0,97776.0
2022-04,2022,4,2,309,TW,ไต้หวัน,1A,ทวีปเอเชีย,6353578.0,143794.0
2022-04,2022,4,2,298,TR,ตุรกี,1A,ทวีปเอเชีย,4523751.0,71191.0
2022-04,2022,4,2,317,ES,สเปน,1B,ทวีปยุโรป,2028702.0,30694.0
2022-04,2022,4,2,366,NO,นอร์เวย์,1B,ทวีปยุโรป,3026314.0,49226.0
2022-04,2022,4,2,303,HK,ฮ่องกง,1A,ทวีปเอเชีย,3176067.0,46900.0
2022-04,2022,4,2,279,IN,อินเดีย,1A,ทวีปเอเชีย,3986830.0,62866.0
2022-04,2022,4,2,285,AE,สหรัฐอาหรับเอมิเรตส์,1A,ทวีปเอเชีย,2260496.0,25281.0
2022-04,2022,4,2,497,NZ,นิวซีแลนด์,1F,ทวีปออสเตรเลีย,1462549.0,15951.0
2022-04,2022,4,2,318,FI,ฟินแลนด์,1B,ทวีปยุโรป,4407883.0,57684.0
2022-04,2022,4,2,356,CH,สวิตเซอร์แลนด์,1B,ทวีปยุโรป,1275532.0,17939.0
2022-04,2022,4,2,321,GR,กรีซ,1B,ทวีปยุโรป,1331739.0,30071.0
2022-04,2022,4,2,478,ZA,แอฟริกาใต้,1E,ทวีปแอฟริกา,715761.0,8762.0
2022-04,2022,4,2,336,CZ,สาธารณรัฐเช็ก,1B,ทวีปยุโรป,659211.0,9770.0
2022-04,2022,4,2,322,IE,ไอร์แลนด์,1B,ทวีปยุโรป,2324861.0,21054.0
2022-04,2022,4,2,274,VN,เวียดนาม,1A,ทวีปเอเชีย,1244011.0,20874.0
2022-04,2022,4,2,312,AT,ออสเตรีย,1B,ทวีปยุโรป,1213959.0,22388.0
2022-04,2022,4,2,307,MN,มองโกเลีย,1A,ทวีปเอเชีย,3051247.0,54215.0
2022-04,2022,4,2,267,ID,อินโดนีเซีย,1A,ทวีปเอเชีย,1977239.0,31723.0
2022-04,2022,4,2,287,CY,ไซปรัส,1A,ทวีปเอเชีย,688519.0,14589.0
2022-04,2022,4,2,437,EG,อียิปต์,1E,ทวีปแอฟริกา,1332222.0,28747.0
2022-04,2022,4,2,291,JO,จอร์แดน,1A,ทวีปเอเชีย,844275.0,10554.0
2022-04,2022,4,2,295,QA,กาตาร์,1A,ทวีปเอเชีย,552120.0,7284.0
2022-04,2022,4,2,363,LV,ลัตเวีย,1B,ทวีปยุโรป,1239175.0,19596.0
2022-04,2022,4,2,313,BE,เบลเยียม,1B,ทวีปยุโรป,2583241.0,26244.0
2022-04,2022,4,2,326,PT,โปรตุเกส,1B,ทวีปยุโรป,0.0,0.0
2022-04,2022,4,2,409,BR,บราซิล,1D,ทวีปอเมริกาใต้,1292850.0,15148.0
2022-04,2022,4,2,286,BH,บาห์เรน,1A,ทวีปเอเชีย,3159.0,258.0
2022-04,2022,4,2,283,PK,ปากีสถาน,1A,ทวีปเอเชีย,817012.0,8366.0
2022-04,2022,4,2,337,GE,จอร์เจีย,1A,ทวีปเอเชีย,781018.0,18534.0
2022-04,2022,4,2,365,MT,มอลตา,1B,ทวีปยุโรป,1244889.0,20149.0
2022-04,2022,4,2,266,BN,บรูไน,1A,ทวีปเอเชีย,54804.0,756.0
2022-04,2022,4,2,277,BD,บังกลาเทศ,1A,ทวีปเอเชีย,634061.0,6522.0
2022-04,2022,4,2,410,CL,ชิลี,1D,ทวีปอเมริกาใต้,91727.0,1524.0
2022-04,2022,4,2,456,MU,มอริเชียส,1E,ทวีปแอฟริกา,0.0,0.0
2022-04,2022,4,2,292,KW,คูเวต,1A,ทวีปเอเชีย,91103.0,1433.0
2022-04,2022,4,2,332,AZ,อาเซอร์ไบจาน,1A,ทวีปเอเชีย,0.0,0.0
2022-04,2022,4,2,389,HN,ฮอนดูรัส,1C,ทวีปอเมริกาเหนือ,656803.0,14650.0
2022-04,2022,4,2,281,MV,มัลดีฟส์,1A,ทวีปเอเชีย,138872.0,3582.0
2022-04,2022,4,2,339,HU,ฮังการี,1B,ทวีปยุโรป,409605.0,3360.0
2022-04,2022,4,2,384,DO,สาธารณรัฐโดมินิกัน,1C,ทวีปอเมริกาเหนือ,0.0,0.0
2022-04,2022,4,2,381,CR,คอสตาริกา,1C,ทวีปอเมริกาเหนือ,448160.0,6345.0
2022-04,2022,4,2,344,RO,โรมาเนีย,1B,ทวีปยุโรป,0.0,0.0
2022-04,2022,4,2,452,MA,โมร็อกโก,1E,ทวีปแอฟริกา,255379.0,3912.0
2022-04,2022,4,2,469,SN,เซเนกัล,1E,ทวีปแอฟริกา,372341.0,4262.0
2022-04,2022,4,2,377,BB,บาร์เบโดส,1C,ทวีปอเมริกาเหนือ,455053.0,9005.0
2022-04,2022,4,2,360,IS,ไอซ์แลนด์,1B,ทวีปยุโรป,0.0,0.0
2022-04,2022,4,2,351,UA,ยูเครน,1B,ทวีปยุโรป,0.0,0.0
2022-04,2022,4,2,308,MO,มาเก๊า,1A,ทวีปเอเชีย,0.0,0.0
2022-04,2022,4,2,341,KZ,คาซัคสถาน,1A,ทวีปเอเชีย,0.0,0.0
2022-04,2022,4,2,289,IQ,อิรัก,1A,ทวีปเอเชีย,0.0,0.0
2022-04,2022,4,2,463,RE,เรอูนียง,1E,ทวีปแอฟริกา,70194.0,786.0
2022-04,2022,4,2,294,OM,โอมาน,1A,ทวีปเอเชีย,0.0,0.0
2022-04,2022,4,2,372,MX,เม็กซิโก,1C,ทวีปอเมริกาเหนือ,490209.0,9574.0
2022-04,2022,4,2,453,MG,มาดากัสการ์,1E,ทวีปแอฟริกา,253233.0,4653.0
2022-04,2022,4,2,414,GF,เฟรนช์เกียนา,1D,ทวีปอเมริกาใต้,96914.0,1452.0
2022-04,2022,4,2,493,NC,นิวแคลีโดเนีย,1F,ทวีปออสเตรเลีย,134599.0,1093.0
2022-04,2022,4,2,489,GU,กวม,1F,ทวีปออสเตรเลีย,6280.0,105.0
2022-04,2022,4,2,486,FJ,ฟิจิ,1F,ทวีปออสเตรเลีย,163104.0,1620.0
2022-04,2022,4,2,342,MD,มอลโดวา,1B,ทวีปยุโรป,346158.0,7548.0
2022-04,2022,4,2,498,PF,เฟรนช์โปลีนีเซีย,1F,ทวีปออสเตรเลีย,0.0,0.0
2022-04,2022,4,2,280,LK,ศรีลังกา,1A,ทวีปเอเชีย,293723.0,3761.0
2022-04,2022,4,2,357,EE,เอสโตเนีย,1B,ทวีปยุโรป,24707.0,420.0
2022-04,2022,4,2,461,NG,ไนจีเรีย,1E,ทวีปแอฟริกา,0.0,0.0
2022-04,2022,4,2,422,VE,เวเนซุเอลา,1D,ทวีปอเมริกาใต้,0.0,0.0
2022-04,2022,4,2,411,CO,โคลอมเบีย,1D,ทวีปอเมริกาใต้,60270.0,750.0
2022-04,2022,4,2,282,NP,เนปาล,1A,ทวีปเอเชีย,0.0,0.0
2022-04,2022,4,2,499,PG,ปาปัวนิวกินี,1F,ทวีปออสเตรเลีย,0.0,0.0
2022-04,2022,4,2,492,MP,เกาะมาเรียนาเหนือ,1F,ทวีปออสเตรเลีย,78808.0,1656.0
2022-04,2022,4,2,447,KE,เคนยา,1E,ทวีปแอฟริกา,76365.0,1063.0
2022-04,2022,4,2,441,GH,กานา,1E,ทวีปแอฟริกา,0.0,0.0
2022-04,2022,4,2,530,YT,มายอต,1E,ทวีปแอฟริกา,0.0,0.0
2022-04,2022,4,2,401,TT,ตรินิแดดและโตเบโก,1C,ทวีปอเมริกาเหนือ,64753.0,570.0
2022-04,2022,4,2,526,WF,หมู่เกาะวาลลิสและฟุตูนา,1F,ทวีปออสเตรเลีย,0.0,0.0
2022-04,2022,4,2,293,LB,เลบานอน,1A,ทวีปเอเชีย,0.0,0.0
2022-04,2022,4,2,362,LT,ลิทัวเนีย,1B,ทวีปยุโรป,43893.0,248.0
2022-04,2022,4,2,330,AL,แอลเบเนีย,1B,ทวีปยุโรป,0.0,0.0
2022-04,2022,4,2,510,AS,อเมริกันซามัวร์,1F,ทวีปออสเตรเลีย,0.0,0.0
2022-04,2022,4,2,465,SC,เซเชลส์,1E,ทวีปแอฟริกา,13667.0,126.0
2022-04,2022,4,2,490,KI,คิริบาส,1F,ทวีปออสเตรเลีย,0.0,0.0
2022-04,2022,4,2,457,MW,มาลาวี,1E,ทวีปแอฟริกา,10262.0,24.0
2022-04,2022,4,2,501,PW,ปาลัว,1F,ทวีปออสเตรเลีย,0.0,0.0
2022-05,2022,5,2,373,US,สหรัฐอเมริกา,1C,ทวีปอเมริกาเหนือ,51084078.0,742833.0
2022-05,2022,5,2,315,DE,เยอรมนี,1B,ทวีปยุโรป,31200177.0,386968.0
2022-05,2022,5,2,271,MY,มาเลเซีย,1A,ทวีปเอเชีย,36519066.0,515371.0
2022-05,2022,5,2,320,GB,สหราชอาณาจักร,1B,ทวีปยุโรป,26283794.0,390219.0
2022-05,2022,5,2,325,NL,เนเธอร์แลนด์,1B,ทวีปยุโรป,41513377.0,482968.0
2022-05,2022,5,2,306,KR,เกาหลีใต้,1A,ทวีปเอเชีย,18591173.0,289578.0
2022-05,2022,5,2,327,SE,สวีเดน,1B,ทวีปยุโรป,18629815.0,373632.0
2022-05,2022,5,2,345,RU,รัสเซีย,1B,ทวีปยุโรป,7402293.0,139664.0
2022-05,2022,5,2,269,LA,สปป. ลาว,1A,ทวีปเอเชีย,16740196.0,517878.0
2022-05,2022,5,2,371,CA,แคนาดา,1C,ทวีปอเมริกาเหนือ,11561062.0,237997.0
2022-05,2022,5,2,268,KH,กัมพูชา,1A,ทวีปเอเชีย,13828074.0,386192.0
2022-05,2022,5,2,304,JP,ญี่ปุ่น,1A,ทวีปเอเชีย,15334464.0,219885.0
2022-05,2022,5,2,288,IL,อิสราเอล,1A,ทวีปเอเชีย,7984448.0,134325.0
2022-05,2022,5,2,319,FR,ฝรั่งเศส,1B,ทวีปยุโรป,8993574.0,171166.0
2022-05,2022,5,2,483,AU,ออสเตรเลีย,1F,ทวีปออสเตรเลีย,8752826.0,217779.0
2022-05,2022,5,2,273,SG,สิงคโปร์,1A,ทวีปเอเชีย,11079329.0,225636.0
2022-05,2022,5,2,343,PL,โปแลนด์,1B,ทวีปยุโรป,8716119.0,113910.0
2022-05,2022,5,2,323,IT,อิตาลี,1B,ทวีปยุโรป,11520248.0,212212.0
2022-05,2022,5,2,316,DK,เดนมาร์ก,1B,ทวีปยุโรป,6928437.0,127995.0
2022-05,2022,5,2,302,CN,จีน,1A,ทวีปเอเชีย,4822715.0,92431.0
2022-05,2022,5,2,296,SA,ซาอุดีอาระเบีย,1A,ทวีปเอเชีย,5868143.0,148875.0
2022-05,2022,5,2,272,PH,ฟิลิปปินส์,1A,ทวีปเอเชีย,3378325.0,42671.0
2022-05,2022,5,2,317,ES,สเปน,1B,ทวีปยุโรป,7181586.0,107724.0
2022-05,2022,5,2,309,TW,ไต้หวัน,1A,ทวีปเอเชีย,4728672.0,99196.0
2022-05,2022,5,2,270,MM,เมียนมา,1A,ทวีปเอเชีย,3393894.0,90206.0
2022-05,2022,5,2,298,TR,ตุรกี,1A,ทวีปเอเชีย,2558986.0,38284.0
2022-05,2022,5,2,366,NO,นอร์เวย์,1B,ทวีปยุโรป,2338525.0,33372.0
2022-05,2022,5,2,285,AE,สหรัฐอาหรับเอมิเรตส์,1A,ทวีปเอเชีย,4894302.0,54688.0
2022-05,2022,5,2,303,HK,ฮ่องกง,1A,ทวีปเอเชีย,2943945.0,43557.0
2022-05,2022,5,2,279,IN,อินเดีย,1A,ทวีปเอเชีย,2940971.0,51641.0
2022-05,2022,5,2,497,NZ,นิวซีแลนด์,1F,ทวีปออสเตรเลีย,4065870.0,41936.0
2022-05,2022,5,2,318,FI,ฟินแลนด์,1B,ทวีปยุโรป,639725.0,5788.0
2022-05,2022,5,2,322,IE,ไอร์แลนด์,1B,ทวีปยุโรป,3629197.0,35848.0
2022-05,2022,5,2,356,CH,สวิตเซอร์แลนด์,1B,ทวีปยุโรป,1259355.0,19914.0
2022-05,2022,5,2,312,AT,ออสเตรีย,1B,ทวีปยุโรป,3402723.0,73400.0
2022-05,2022,5,2,321,GR,กรีซ,1B,ทวีปยุโรป,1689767.0,27847.0
2022-05,2022,5,2,478,ZA,แอฟริกาใต้,1E,ทวีปแอฟริกา,2238829.0,27606.0
2022-05,2022,5,2,336,CZ,สาธารณรัฐเช็ก,1B,ทวีปยุโรป,1657100.0,31222.0
2022-05,2022,5,2,274,VN,เวียดนาม,1A,ทวีปเอเชีย,1740617.0,30466.0
2022-05,2022,5,2,307,MN,มองโกเลีย,1A,ทวีปเอเชีย,1727500.0,43968.0
2022-05,2022,5,2,267,ID,อินโดนีเซีย,1A,ทวีปเอเชีย,803249.0,6316.0
2022-05,2022,5,2,287,CY,ไซปรัส,1A,ทวีปเอเชีย,612890.0,9129.0
2022-05,2022,5,2,437,EG,อียิปต์,1E,ทวีปแอฟริกา,72345.0,1920.0
2022-05,2022,5,2,291,JO,จอร์แดน,1A,ทวีปเอเชีย,1071407.0,13525.0
2022-05,2022,5,2,295,QA,กาตาร์,1A,ทวีปเอเชีย,857055.0,9761.0
2022-05,2022,5,2,363,LV,ลัตเวีย,1B,ทวีปยุโรป,883332.0,10776.0
2022-05,2022,5,2,313,BE,เบลเยียม,1B,ทวีปยุโรป,383411.0,517.0
2022-05,2022,5,2,337,GE,จอร์เจีย,1A,ทวีปเอเชีย,1012860.0,14923.0
2022-05,2022,5,2,326,PT,โปรตุเกส,1B,ทวีปยุโรป,436703.0,6995.0
2022-05,2022,5,2,409,BR,บราซิล,1D,ทวีปอเมริกาใต้,321549.0,2796.0
2022-05,2022,5,2,286,BH,บาห์เรน,1A,ทวีปเอเชีย,746791.0,11257.0
2022-05,2022,5,2,410,CL,ชิลี,1D,ทวีปอเมริกาใต้,650199.0,4691.0
2022-05,2022,5,2,365,MT,มอลตา,1B,ทวีปยุโรป,352657.0,4313.0
2022-05,2022,5,2,283,PK,ปากีสถาน,1A,ทวีปเอเชีย,0.0,0.0
2022-05,2022,5,2,277,BD,บังกลาเทศ,1A,ทวีปเอเชีย,118000.0,1044.0
2022-05,2022,5,2,266,BN,บรูไน,1A,ทวีปเอเชีย,0.0,0.0
2022-05,2022,5,2,456,MU,มอริเชียส,1E,ทวีปแอฟริกา,125498.0,1530.0
2022-05,2022,5,2,292,KW,คูเวต,1A,ทวีปเอเชีย,186595.0,1865.0
2022-05,2022,5,2,332,AZ,อาเซอร์ไบจาน,1A,ทวีปเอเชีย,539238.0,10100.0
2022-05,2022,5,2,294,OM,โอมาน,1A,ทวีปเอเชีย,1077229.0,17729.0
2022-05,2022,5,2,339,HU,ฮังการี,1B,ทวีปยุโรป,281106.0,2865.0
2022-05,2022,5,2,281,MV,มัลดีฟส์,1A,ทวีปเอเชีย,125599.0,2700.0
2022-05,2022,5,2,389,HN,ฮอนดูรัส,1C,ทวีปอเมริกาเหนือ,0.0,0.0
2022-05,2022,5,2,384,DO,สาธารณรัฐโดมินิกัน,1C,ทวีปอเมริกาเหนือ,0.0,0.0
2022-05,2022,5,2,381,CR,คอสตาริกา,1C,ทวีปอเมริกาเหนือ,0.0,0.0
2022-05,2022,5,2,344,RO,โรมาเนีย,1B,ทวีปยุโรป,0.0,0.0
2022-05,2022,5,2,293,LB,เลบานอน,1A,ทวีปเอเชีย,978331.0,14958.0
2022-05,2022,5,2,357,EE,เอสโตเนีย,1B,ทวีปยุโรป,762087.0,6732.0
2022-05,2022,5,2,452,MA,โมร็อกโก,1E,ทวีปแอฟริกา,0.0,0.0
2022-05,2022,5,2,372,MX,เม็กซิโก,1C,ทวีปอเมริกาเหนือ,450146.0,6846.0
2022-05,2022,5,2,308,MO,มาเก๊า,1A,ทวีปเอเชีย,303445.0,2304.0
2022-05,2022,5,2,469,SN,เซเนกัล,1E,ทวีปแอฟริกา,0.0,0.0
2022-05,2022,5,2,360,IS,ไอซ์แลนด์,1B,ทวีปยุโรป,199387.0,3115.0
2022-05,2022,5,2,463,RE,เรอูนียง,1E,ทวีปแอฟริกา,304116.0,3470.0
2022-05,2022,5,2,377,BB,บาร์เบโดส,1C,ทวีปอเมริกาเหนือ,0.0,0.0
2022-05,2022,5,2,486,FJ,ฟิจิ,1F,ทวีปออสเตรเลีย,330672.0,4760.0
2022-05,2022,5,2,351,UA,ยูเครน,1B,ทวีปยุโรป,0.0,0.0
2022-05,2022,5,2,341,KZ,คาซัคสถาน,1A,ทวีปเอเชีย,0.0,0.0
2022-05,2022,5,2,289,IQ,อิรัก,1A,ทวีปเอเชีย,0.0,0.0
2022-05,2022,5,2,414,GF,เฟรนช์เกียนา,1D,ทวีปอเมริกาใต้,116009.0,1758.0
2022-05,2022,5,2,563,RS,เซอร์เบีย,1B,ทวีปยุโรป,502797.0,10433.0
2022-05,2022,5,2,489,GU,กวม,1F,ทวีปออสเตรเลีย,105503.0,1656.0
2022-05,2022,5,2,333,BG,บัลแกเรีย,1B,ทวีปยุโรป,477292.0,6000.0
2022-05,2022,5,2,453,MG,มาดากัสการ์,1E,ทวีปแอฟริกา,0.0,0.0
2022-05,2022,5,2,493,NC,นิวแคลีโดเนีย,1F,ทวีปออสเตรเลีย,0.0,0.0
2022-05,2022,5,2,331,AM,อาร์เมเนีย,1A,ทวีปเอเชีย,363415.0,6089.0
2022-05,2022,5,2,342,MD,มอลโดวา,1B,ทวีปยุโรป,0.0,0.0
2022-05,2022,5,2,498,PF,เฟรนช์โปลีนีเซีย,1F,ทวีปออสเตรเลีย,0.0,0.0
2022-05,2022,5,2,280,LK,ศรีลังกา,1A,ทวีปเอเชีย,3385.0,20.0
2022-05,2022,5,2,407,AR,อาร์เจนตินา,1D,ทวีปอเมริกาใต้,216699.0,3153.0
2022-05,2022,5,2,411,CO,โคลอมเบีย,1D,ทวีปอเมริกาใต้,17885.0,225.0
2022-05,2022,5,2,461,NG,ไนจีเรีย,1E,ทวีปแอฟริกา,5024.0,120.0
2022-05,2022,5,2,347,SK,สโลวาเกีย,1B,ทวีปยุโรป,149211.0,1944.0
2022-05,2022,5,2,422,VE,เวเนซุเอลา,1D,ทวีปอเมริกาใต้,0.0,0.0
2022-05,2022,5,2,282,NP,เนปาล,1A,ทวีปเอเชีย,0.0,0.0
2022-05,2022,5,2,499,PG,ปาปัวนิวกินี,1F,ทวีปออสเตรเลีย,0.0,0.0
2022-05,2022,5,2,420,SR,ซูรินาเม,1D,ทวีปอเมริกาใต้,100144.0,1140.0
2022-05,2022,5,2,447,KE,เคนยา,1E,ทวีปแอฟริกา,8199.0,103.0
2022-05,2022,5,2,492,MP,เกาะมาเรียนาเหนือ,1F,ทวีปออสเตรเลีย,0.0,0.0
2022-05,2022,5,2,502,SB,โซโลมอน,1F,ทวีปออสเตรเลีย,70094.0,648.0
2022-05,2022,5,2,441,GH,กานา,1E,ทวีปแอฟริกา,0.0,0.0
2022-05,2022,5,2,530,YT,มายอต,1E,ทวีปแอฟริกา,0.0,0.0
2022-05,2022,5,2,401,TT,ตรินิแดดและโตเบโก,1C,ทวีปอเมริกาเหนือ,0.0,0.0
2022-05,2022,5,2,506,WS,ซามัวตะวันตก,1F,ทวีปออสเตรเลีย,60525.0,670.0
2022-05,2022,5,2,526,WF,หมู่เกาะวาลลิสและฟุตูนา,1F,ทวีปออสเตรเลีย,0.0,0.0
2022-05,2022,5,2,362,LT,ลิทัวเนีย,1B,ทวีปยุโรป,0.0,0.0
2022-05,2022,5,2,330,AL,แอลเบเนีย,1B,ทวีปยุโรป,0.0,0.0
2022-05,2022,5,2,465,SC,เซเชลส์,1E,ทวีปแอฟริกา,13597.0,66.0
2022-05,2022,5,2,510,AS,อเมริกันซามัวร์,1F,ทวีปออสเตรเลีย,0.0,0.0
2022-05,2022,5,2,397,PA,ปานามา,1C,ทวีปอเมริกาเหนือ,11379.0,130.0
2022-05,2022,5,2,490,KI,คิริบาส,1F,ทวีปออสเตรเลีย,0.0,0.0
2022-05,2022,5,2,457,MW,มาลาวี,1E,ทวีปแอฟริกา,0.0,0.0
2022-05,2022,5,2,346,SI,สโลวีเนีย,1B,ทวีปยุโรป,8592.0,91.0
2022-05,2022,5,2,501,PW,ปาลัว,1F,ทวีปออสเตรเลีย,0.0,0.0
2022-05,2022,5,2,436,DZ,แอลจีเรีย,1E,ทวีปแอฟริกา,3665.0,20.0
2022-06,2022,6,2,373,US,สหรัฐอเมริกา,1C,ทวีปอเมริกาเหนือ,55058358.0,802076.0
2022-06,2022,6,2,315,DE,เยอรมนี,1B,ทวีปยุโรป,32378308.0,426717.0
2022-06,2022,6,2,271,MY,มาเลเซีย,1A,ทวีปเอเชีย,40475016.0,598554.0
2022-06,2022,6,2,325,NL,เนเธอร์แลนด์,1B,ทวีปยุโรป,37264408.0,510493.0
2022-06,2022,6,2,320,GB,สหราชอาณาจักร,1B,ทวีปยุโรป,31220999.0,505051.0
2022-06,2022,6,2,306,KR,เกาหลีใต้,1A,ทวีปเอเชีย,17814270.0,281503.0
2022-06,2022,6,2,327,SE,สวีเดน,1B,ทวีปยุโรป,21376422.0,425911.0
2022-06,2022,6,2,345,RU,รัสเซีย,1B,ทวีปยุโรป,23189892.0,477135.0
2022-06,2022,6,2,269,LA,สปป. ลาว,1A,ทวีปเอเชีย,12777483.0,338998.0
2022-06,2022,6,2,371,CA,แคนาดา,1C,ทวีปอเมริกาเหนือ,11938659.0,241340.0
2022-06,2022,6,2,268,KH,กัมพูชา,1A,ทวีปเอเชีย,12685910.0,346158.0
2022-06,2022,6,2,304,JP,ญี่ปุ่น,1A,ทวีปเอเชีย,13044799.0,150627.0
2022-06,2022,6,2,288,IL,อิสราเอล,1A,ทวีปเอเชีย,7486187.0,168795.0
2022-06,2022,6,2,483,AU,ออสเตรเลีย,1F,ทวีปออสเตรเลีย,13289548.0,270212.0
2022-06,2022,6,2,319,FR,ฝรั่งเศส,1B,ทวีปยุโรป,8881245.0,169117.0
2022-06,2022,6,2,273,SG,สิงคโปร์,1A,ทวีปเอเชีย,9964275.0,177296.0
2022-06,2022,6,2,343,PL,โปแลนด์,1B,ทวีปยุโรป,8600782.0,135426.0
2022-06,2022,6,2,323,IT,อิตาลี,1B,ทวีปยุโรป,16254870.0,288690.0
2022-06,2022,6,2,316,DK,เดนมาร์ก,1B,ทวีปยุโรป,2956421.0,63023.0
2022-06,2022,6,2,302,CN,จีน,1A,ทวีปเอเชีย,8911656.0,138101.0
2022-06,2022,6,2,272,PH,ฟิลิปปินส์,1A,ทวีปเอเชีย,6734613.0,78166.0
2022-06,2022,6,2,317,ES,สเปน,1B,ทวีปยุโรป,6047352.0,116760.0
2022-06,2022,6,2,296,SA,ซาอุดีอาระเบีย,1A,ทวีปเอเชีย,4499614.0,73590.0
2022-06,2022,6,2,309,TW,ไต้หวัน,1A,ทวีปเอเชีย,5430042.0,112318.0
2022-06,2022,6,2,270,MM,เมียนมา,1A,ทวีปเอเชีย,5595554.0,113272.0
2022-06,2022,6,2,298,TR,ตุรกี,1A,ทวีปเอเชีย,2978526.0,46563.0
2022-06,2022,6,2,279,IN,อินเดีย,1A,ทวีปเอเชีย,4723206.0,84668.0
2022-06,2022,6,2,285,AE,สหรัฐอาหรับเอมิเรตส์,1A,ทวีปเอเชีย,2550689.0,21639.0
2022-06,2022,6,2,303,HK,ฮ่องกง,1A,ทวีปเอเชีย,2806845.0,44291.0
2022-06,2022,6,2,497,NZ,นิวซีแลนด์,1F,ทวีปออสเตรเลีย,2741341.0,38592.0
2022-06,2022,6,2,366,NO,นอร์เวย์,1B,ทวีปยุโรป,423212.0,3841.0
2022-06,2022,6,2,321,GR,กรีซ,1B,ทวีปยุโรป,3262651.0,55824.0
2022-06,2022,6,2,356,CH,สวิตเซอร์แลนด์,1B,ทวีปยุโรป,2619256.0,24494.0
2022-06,2022,6,2,322,IE,ไอร์แลนด์,1B,ทวีปยุโรป,2207481.0,31013.0
2022-06,2022,6,2,312,AT,ออสเตรีย,1B,ทวีปยุโรป,2078544.0,41728.0
2022-06,2022,6,2,318,FI,ฟินแลนด์,1B,ทวีปยุโรป,1206714.0,24676.0
2022-06,2022,6,2,478,ZA,แอฟริกาใต้,1E,ทวีปแอฟริกา,2097166.0,32893.0
2022-06,2022,6,2,274,VN,เวียดนาม,1A,ทวีปเอเชีย,1851891.0,27244.0
2022-06,2022,6,2,336,CZ,สาธารณรัฐเช็ก,1B,ทวีปยุโรป,1441206.0,25285.0
2022-06,2022,6,2,267,ID,อินโดนีเซีย,1A,ทวีปเอเชีย,3015762.0,43356.0
2022-06,2022,6,2,307,MN,มองโกเลีย,1A,ทวีปเอเชีย,1185794.0,19578.0
2022-06,2022,6,2,287,CY,ไซปรัส,1A,ทวีปเอเชีย,214655.0,3651.0
2022-06,2022,6,2,437,EG,อียิปต์,1E,ทวีปแอฟริกา,585516.0,6642.0
2022-06,2022,6,2,291,JO,จอร์แดน,1A,ทวีปเอเชีย,0.0,0.0
2022-06,2022,6,2,326,PT,โปรตุเกส,1B,ทวีปยุโรป,837272.0,19440.0
2022-06,2022,6,2,295,QA,กาตาร์,1A,ทวีปเอเชีย,75237.0,491.0
2022-06,2022,6,2,363,LV,ลัตเวีย,1B,ทวีปยุโรป,0.0,0.0
2022-06,2022,6,2,337,GE,จอร์เจีย,1A,ทวีปเอเชีย,581161.0,12371.0
2022-06,2022,6,2,277,BD,บังกลาเทศ,1A,ทวีปเอเชีย,1537005.0,14686.0
2022-06,2022,6,2,313,BE,เบลเยียม,1B,ทวีปยุโรป,430900.0,4550.0
2022-06,2022,6,2,286,BH,บาห์เรน,1A,ทวีปเอเชีย,469247.0,6237.0
2022-06,2022,6,2,409,BR,บราซิล,1D,ทวีปอเมริกาใต้,0.0,0.0
2022-06,2022,6,2,410,CL,ชิลี,1D,ทวีปอเมริกาใต้,170673.0,1747.0
2022-06,2022,6,2,292,KW,คูเวต,1A,ทวีปเอเชีย,847916.0,15857.0
2022-06,2022,6,2,365,MT,มอลตา,1B,ทวีปยุโรป,41668.0,282.0
2022-06,2022,6,2,283,PK,ปากีสถาน,1A,ทวีปเอเชีย,0.0,0.0
2022-06,2022,6,2,266,BN,บรูไน,1A,ทวีปเอเชีย,0.0,0.0
2022-06,2022,6,2,339,HU,ฮังการี,1B,ทวีปยุโรป,629938.0,5522.0
2022-06,2022,6,2,456,MU,มอริเชียส,1E,ทวีปแอฟริกา,0.0,0.0
2022-06,2022,6,2,332,AZ,อาเซอร์ไบจาน,1A,ทวีปเอเชีย,0.0,0.0
2022-06,2022,6,2,294,OM,โอมาน,1A,ทวีปเอเชีย,126698.0,1575.0
2022-06,2022,6,2,344,RO,โรมาเนีย,1B,ทวีปยุโรป,433892.0,7332.0
2022-06,2022,6,2,360,IS,ไอซ์แลนด์,1B,ทวีปยุโรป,584360.0,5689.0
2022-06,2022,6,2,281,MV,มัลดีฟส์,1A,ทวีปเอเชีย,105000.0,2631.0
2022-06,2022,6,2,389,HN,ฮอนดูรัส,1C,ทวีปอเมริกาเหนือ,37791.0,773.0
2022-06,2022,6,2,293,LB,เลบานอน,1A,ทวีปเอเชีย,224345.0,1716.0
2022-06,2022,6,2,420,SR,ซูรินาเม,1D,ทวีปอเมริกาใต้,1127380.0,19770.0
2022-06,2022,6,2,381,CR,คอสตาริกา,1C,ทวีปอเมริกาเหนือ,53833.0,1210.0
2022-06,2022,6,2,357,EE,เอสโตเนีย,1B,ทวีปยุโรป,119154.0,1380.0
2022-06,2022,6,2,308,MO,มาเก๊า,1A,ทวีปเอเชีย,143715.0,1501.0
2022-06,2022,6,2,384,DO,สาธารณรัฐโดมินิกัน,1C,ทวีปอเมริกาเหนือ,0.0,0.0
2022-06,2022,6,2,452,MA,โมร็อกโก,1E,ทวีปแอฟริกา,0.0,0.0
2022-06,2022,6,2,372,MX,เม็กซิโก,1C,ทวีปอเมริกาเหนือ,0.0,0.0
2022-06,2022,6,2,469,SN,เซเนกัล,1E,ทวีปแอฟริกา,0.0,0.0
2022-06,2022,6,2,463,RE,เรอูนียง,1E,ทวีปแอฟริกา,52073.0,720.0
2022-06,2022,6,2,377,BB,บาร์เบโดส,1C,ทวีปอเมริกาเหนือ,0.0,0.0
2022-06,2022,6,2,486,FJ,ฟิจิ,1F,ทวีปออสเตรเลีย,0.0,0.0
2022-06,2022,6,2,351,UA,ยูเครน,1B,ทวีปยุโรป,0.0,0.0
2022-06,2022,6,2,489,GU,กวม,1F,ทวีปออสเตรเลีย,177488.0,1711.0
2022-06,2022,6,2,414,GF,เฟรนช์เกียนา,1D,ทวีปอเมริกาใต้,132319.0,1931.0
2022-06,2022,6,2,341,KZ,คาซัคสถาน,1A,ทวีปเอเชีย,0.0,0.0
2022-06,2022,6,2,289,IQ,อิรัก,1A,ทวีปเอเชีย,0.0,0.0
2022-06,2022,6,2,453,MG,มาดากัสการ์,1E,ทวีปแอฟริกา,138673.0,2460.0
2022-06,2022,6,2,563,RS,เซอร์เบีย,1B,ทวีปยุโรป,0.0,0.0
2022-06,2022,6,2,333,BG,บัลแกเรีย,1B,ทวีปยุโรป,0.0,0.0
2022-06,2022,6,2,493,NC,นิวแคลีโดเนีย,1F,ทวีปออสเตรเลีย,18656.0,155.0
2022-06,2022,6,2,331,AM,อาร์เมเนีย,1A,ทวีปเอเชีย,0.0,0.0
2022-06,2022,6,2,342,MD,มอลโดวา,1B,ทวีปยุโรป,0.0,0.0
2022-06,2022,6,2,498,PF,เฟรนช์โปลีนีเซีย,1F,ทวีปออสเตรเลีย,421.0,329.0
2022-06,2022,6,2,280,LK,ศรีลังกา,1A,ทวีปเอเชีย,0.0,0.0
2022-06,2022,6,2,407,AR,อาร์เจนตินา,1D,ทวีปอเมริกาใต้,0.0,0.0
2022-06,2022,6,2,461,NG,ไนจีเรีย,1E,ทวีปแอฟริกา,33315.0,760.0
2022-06,2022,6,2,282,NP,เนปาล,1A,ทวีปเอเชีย,41173.0,154.0
2022-06,2022,6,2,411,CO,โคลอมเบีย,1D,ทวีปอเมริกาใต้,0.0,0.0
2022-06,2022,6,2,347,SK,สโลวาเกีย,1B,ทวีปยุโรป,0.0,0.0
2022-06,2022,6,2,422,VE,เวเนซุเอลา,1D,ทวีปอเมริกาใต้,0.0,0.0
2022-06,2022,6,2,421,UY,อุรุกวัย,1D,ทวีปอเมริกาใต้,145621.0,1375.0
2022-06,2022,6,2,499,PG,ปาปัวนิวกินี,1F,ทวีปออสเตรเลีย,1525.0,18.0
2022-06,2022,6,2,447,KE,เคนยา,1E,ทวีปแอฟริกา,0.0,0.0
2022-06,2022,6,2,492,MP,เกาะมาเรียนาเหนือ,1F,ทวีปออสเตรเลีย,0.0,0.0
2022-06,2022,6,2,362,LT,ลิทัวเนีย,1B,ทวีปยุโรป,27998.0,471.0
2022-06,2022,6,2,502,SB,โซโลมอน,1F,ทวีปออสเตรเลีย,0.0,0.0
2022-06,2022,6,2,441,GH,กานา,1E,ทวีปแอฟริกา,0.0,0.0
2022-06,2022,6,2,530,YT,มายอต,1E,ทวีปแอฟริกา,0.0,0.0
2022-06,2022,6,2,526,WF,หมู่เกาะวาลลิสและฟุตูนา,1F,ทวีปออสเตรเลีย,9396.0,121.0
2022-06,2022,6,2,401,TT,ตรินิแดดและโตเบโก,1C,ทวีปอเมริกาเหนือ,0.0,0.0
2022-06,2022,6,2,506,WS,ซามัวตะวันตก,1F,ทวีปออสเตรเลีย,0.0,0.0
2022-06,2022,6,2,330,AL,แอลเบเนีย,1B,ทวีปยุโรป,0.0,0.0
2022-06,2022,6,2,465,SC,เซเชลส์,1E,ทวีปแอฟริกา,0.0,0.0
2022-06,2022,6,2,510,AS,อเมริกันซามัวร์,1F,ทวีปออสเตรเลีย,0.0,0.0
2022-06,2022,6,2,397,PA,ปานามา,1C,ทวีปอเมริกาเหนือ,0.0,0.0
2022-06,2022,6,2,490,KI,คิริบาส,1F,ทวีปออสเตรเลีย,0.0,0.0
2022-06,2022,6,2,457,MW,มาลาวี,1E,ทวีปแอฟริกา,0.0,0.0
2022-06,2022,6,2,346,SI,สโลวีเนีย,1B,ทวีปยุโรป,0.0,0.0
2022-06,2022,6,2,501,PW,ปาลัว,1F,ทวีปออสเตรเลีย,0.0,0.0
2022-06,2022,6,2,436,DZ,แอลจีเรีย,1E,ทวีปแอฟริกา,0.0,0.0
2022-06,2022,6,2,505,VU,วานูอาตู,1F,ทวีปออสเตรเลีย,2444.0,112.0
2022-07,2022,7,3,373,US,สหรัฐอเมริกา,1C,ทวีปอเมริกาเหนือ,44529046.0,574266.0
2022-07,2022,7,3,315,DE,เยอรมนี,1B,ทวีปยุโรป,25092176.0,338762.0
2022-07,2022,7,3,271,MY,มาเลเซีย,1A,ทวีปเอเชีย,27053216.0,373962.0
2022-07,2022,7,3,320,GB,สหราชอาณาจักร,1B,ทวีปยุโรป,39250918.0,520743.0
2022-07,2022,7,3,325,NL,เนเธอร์แลนด์,1B,ทวีปยุโรป,22346519.0,362395.0
2022-07,2022,7,3,345,RU,รัสเซีย,1B,ทวีปยุโรป,32595208.0,685334.0
2022-07,2022,7,3,327,SE,สวีเดน,1B,ทวีปยุโรป,16275840.0,325814.0
2022-07,2022,7,3,306,KR,เกาหลีใต้,1A,ทวีปเอเชีย,8295021.0,146244.0
2022-07,2022,7,3,269,LA,สปป. ลาว,1A,ทวีปเอเชีย,13229698.0,320179.0
2022-07,2022,7,3,371,CA,แคนาดา,1C,ทวีปอเมริกาเหนือ,9676896.0,199047.0
2022-07,2022,7,3,304,JP,ญี่ปุ่น,1A,ทวีปเอเชีย,13715155.0,137327.0
2022-07,2022,7,3,268,KH,กัมพูชา,1A,ทวีปเอเชีย,8302172.0,221051.0
2022-07,2022,7,3,288,IL,อิสราเอล,1A,ทวีปเอเชีย,20153576.0,381208.0
2022-07,2022,7,3,483,AU,ออสเตรเลีย,1F,ทวีปออสเตรเลีย,16431293.0,329062.0
2022-07,2022,7,3,319,FR,ฝรั่งเศส,1B,ทวีปยุโรป,13904131.0,238079.0
2022-07,2022,7,3,273,SG,สิงคโปร์,1A,ทวีปเอเชีย,8614342.0,174070.0
2022-07,2022,7,3,343,PL,โปแลนด์,1B,ทวีปยุโรป,8819648.0,106336.0
2022-07,2022,7,3,323,IT,อิตาลี,1B,ทวีปยุโรป,2331536.0,37007.0
2022-07,2022,7,3,302,CN,จีน,1A,ทวีปเอเชีย,12747073.0,183716.0
2022-07,2022,7,3,316,DK,เดนมาร์ก,1B,ทวีปยุโรป,3971164.0,79818.0
2022-07,2022,7,3,272,PH,ฟิลิปปินส์,1A,ทวีปเอเชีย,7374117.0,93268.0
2022-07,2022,7,3,317,ES,สเปน,1B,ทวีปยุโรป,2761565.0,57160.0
2022-07,2022,7,3,298,TR,ตุรกี,1A,ทวีปเอเชีย,10211309.0,148600.0
2022-07,2022,7,3,270,MM,เมียนมา,1A,ทวีปเอเชีย,4739960.0,105663.0
2022-07,2022,7,3,309,TW,ไต้หวัน,1A,ทวีปเอเชีย,4496587.0,86173.0
2022-07,2022,7,3,296,SA,ซาอุดีอาระเบีย,1A,ทวีปเอเชีย,2498638.0,45826.0
2022-07,2022,7,3,279,IN,อินเดีย,1A,ทวีปเอเชีย,6040548.0,103525.0
2022-07,2022,7,3,285,AE,สหรัฐอาหรับเอมิเรตส์,1A,ทวีปเอเชีย,2172609.0,28377.0
2022-07,2022,7,3,303,HK,ฮ่องกง,1A,ทวีปเอเชีย,2565309.0,32229.0
2022-07,2022,7,3,497,NZ,นิวซีแลนด์,1F,ทวีปออสเตรเลีย,3341116.0,34163.0
2022-07,2022,7,3,366,NO,นอร์เวย์,1B,ทวีปยุโรป,1293783.0,23855.0
2022-07,2022,7,3,322,IE,ไอร์แลนด์,1B,ทวีปยุโรป,4043552.0,38497.0
2022-07,2022,7,3,356,CH,สวิตเซอร์แลนด์,1B,ทวีปยุโรป,3162109.0,33645.0
2022-07,2022,7,3,321,GR,กรีซ,1B,ทวีปยุโรป,2604636.0,40127.0
2022-07,2022,7,3,312,AT,ออสเตรีย,1B,ทวีปยุโรป,3380158.0,74000.0
2022-07,2022,7,3,274,VN,เวียดนาม,1A,ทวีปเอเชีย,4026983.0,64089.0
2022-07,2022,7,3,318,FI,ฟินแลนด์,1B,ทวีปยุโรป,1537771.0,29113.0
2022-07,2022,7,3,478,ZA,แอฟริกาใต้,1E,ทวีปแอฟริกา,2229039.0,26032.0
2022-07,2022,7,3,307,MN,มองโกเลีย,1A,ทวีปเอเชีย,1596918.0,26356.0
2022-07,2022,7,3,336,CZ,สาธารณรัฐเช็ก,1B,ทวีปยุโรป,0.0,0.0
2022-07,2022,7,3,267,ID,อินโดนีเซีย,1A,ทวีปเอเชีย,11531.0,23.0
2022-07,2022,7,3,437,EG,อียิปต์,1E,ทวีปแอฟริกา,2259044.0,40284.0
2022-07,2022,7,3,287,CY,ไซปรัส,1A,ทวีปเอเชีย,690030.0,9096.0
2022-07,2022,7,3,326,PT,โปรตุเกส,1B,ทวีปยุโรป,1886055.0,34779.0
2022-07,2022,7,3,291,JO,จอร์แดน,1A,ทวีปเอเชีย,896977.0,10238.0
2022-07,2022,7,3,409,BR,บราซิล,1D,ทวีปอเมริกาใต้,1796822.0,29758.0
2022-07,2022,7,3,337,GE,จอร์เจีย,1A,ทวีปเอเชีย,720817.0,11680.0
2022-07,2022,7,3,363,LV,ลัตเวีย,1B,ทวีปยุโรป,674786.0,8825.0
2022-07,2022,7,3,295,QA,กาตาร์,1A,ทวีปเอเชีย,533587.0,5669.0
2022-07,2022,7,3,313,BE,เบลเยียม,1B,ทวีปยุโรป,434308.0,5534.0
2022-07,2022,7,3,277,BD,บังกลาเทศ,1A,ทวีปเอเชีย,215625.0,3282.0
2022-07,2022,7,3,286,BH,บาห์เรน,1A,ทวีปเอเชีย,435459.0,6600.0
2022-07,2022,7,3,292,KW,คูเวต,1A,ทวีปเอเชีย,952169.0,12873.0
2022-07,2022,7,3,410,CL,ชิลี,1D,ทวีปอเมริกาใต้,393546.0,3322.0
2022-07,2022,7,3,266,BN,บรูไน,1A,ทวีปเอเชีย,989159.0,13618.0
2022-07,2022,7,3,365,MT,มอลตา,1B,ทวีปยุโรป,225000.0,3543.0
2022-07,2022,7,3,372,MX,เม็กซิโก,1C,ทวีปอเมริกาเหนือ,1757597.0,25480.0
2022-07,2022,7,3,281,MV,มัลดีฟส์,1A,ทวีปเอเชีย,1139390.0,16491.0
2022-07,2022,7,3,332,AZ,อาเซอร์ไบจาน,1A,ทวีปเอเชีย,458207.0,7809.0
2022-07,2022,7,3,456,MU,มอริเชียส,1E,ทวีปแอฟริกา,415957.0,7193.0
2022-07,2022,7,3,283,PK,ปากีสถาน,1A,ทวีปเอเชีย,0.0,0.0
2022-07,2022,7,3,339,HU,ฮังการี,1B,ทวีปยุโรป,266560.0,2862.0
2022-07,2022,7,3,351,UA,ยูเครน,1B,ทวีปยุโรป,1377860.0,24030.0
2022-07,2022,7,3,389,HN,ฮอนดูรัส,1C,ทวีปอเมริกาเหนือ,665927.0,13796.0
2022-07,2022,7,3,420,SR,ซูรินาเม,1D,ทวีปอเมริกาใต้,725396.0,12285.0
2022-07,2022,7,3,294,OM,โอมาน,1A,ทวีปเอเชีย,47256.0,415.0
2022-07,2022,7,3,360,IS,ไอซ์แลนด์,1B,ทวีปยุโรป,272621.0,2613.0
2022-07,2022,7,3,463,RE,เรอูนียง,1E,ทวีปแอฟริกา,610124.0,8001.0
2022-07,2022,7,3,344,RO,โรมาเนีย,1B,ทวีปยุโรป,0.0,0.0
2022-07,2022,7,3,293,LB,เลบานอน,1A,ทวีปเอเชีย,98256.0,1168.0
2022-07,2022,7,3,357,EE,เอสโตเนีย,1B,ทวีปยุโรป,167380.0,1900.0
2022-07,2022,7,3,381,CR,คอสตาริกา,1C,ทวีปอเมริกาเหนือ,0.0,0.0
2022-07,2022,7,3,308,MO,มาเก๊า,1A,ทวีปเอเชีย,640.0,4.0
2022-07,2022,7,3,384,DO,สาธารณรัฐโดมินิกัน,1C,ทวีปอเมริกาเหนือ,0.0,0.0
2022-07,2022,7,3,486,FJ,ฟิจิ,1F,ทวีปออสเตรเลีย,286467.0,5200.0
2022-07,2022,7,3,452,MA,โมร็อกโก,1E,ทวีปแอฟริกา,0.0,0.0
2022-07,2022,7,3,469,SN,เซเนกัล,1E,ทวีปแอฟริกา,0.0,0.0
2022-07,2022,7,3,289,IQ,อิรัก,1A,ทวีปเอเชีย,326830.0,3192.0
2022-07,2022,7,3,377,BB,บาร์เบโดส,1C,ทวีปอเมริกาเหนือ,44838.0,504.0
2022-07,2022,7,3,489,GU,กวม,1F,ทวีปออสเตรเลีย,0.0,0.0
2022-07,2022,7,3,276,AF,อัฟกานิสถาน,1A,ทวีปเอเชีย,657927.0,7297.0
2022-07,2022,7,3,414,GF,เฟรนช์เกียนา,1D,ทวีปอเมริกาใต้,0.0,0.0
2022-07,2022,7,3,341,KZ,คาซัคสถาน,1A,ทวีปเอเชีย,0.0,0.0
2022-07,2022,7,3,333,BG,บัลแกเรีย,1B,ทวีปยุโรป,83923.0,912.0
2022-07,2022,7,3,493,NC,นิวแคลีโดเนีย,1F,ทวีปออสเตรเลีย,148160.0,1397.0
2022-07,2022,7,3,453,MG,มาดากัสการ์,1E,ทวีปแอฟริกา,0.0,0.0
2022-07,2022,7,3,563,RS,เซอร์เบีย,1B,ทวีปยุโรป,0.0,0.0
2022-07,2022,7,3,411,CO,โคลอมเบีย,1D,ทวีปอเมริกาใต้,237795.0,1973.0
2022-07,2022,7,3,331,AM,อาร์เมเนีย,1A,ทวีปเอเชีย,0.0,0.0
2022-07,2022,7,3,342,MD,มอลโดวา,1B,ทวีปยุโรป,0.0,0.0
2022-07,2022,7,3,498,PF,เฟรนช์โปลีนีเซีย,1F,ทวีปออสเตรเลีย,840.0,5.0
2022-07,2022,7,3,280,LK,ศรีลังกา,1A,ทวีปเอเชีย,0.0,0.0
2022-07,2022,7,3,407,AR,อาร์เจนตินา,1D,ทวีปอเมริกาใต้,0.0,0.0
2022-07,2022,7,3,461,NG,ไนจีเรีย,1E,ทวีปแอฟริกา,10526.0,200.0
2022-07,2022,7,3,282,NP,เนปาล,1A,ทวีปเอเชีย,0.0,0.0
2022-07,2022,7,3,492,MP,เกาะมาเรียนาเหนือ,1F,ทวีปออสเตรเลีย,72064.0,1435.0
2022-07,2022,7,3,347,SK,สโลวาเกีย,1B,ทวีปยุโรป,0.0,0.0
2022-07,2022,7,3,422,VE,เวเนซุเอลา,1D,ทวีปอเมริกาใต้,0.0,0.0
2022-07,2022,7,3,421,UY,อุรุกวัย,1D,ทวีปอเมริกาใต้,0.0,0.0
2022-07,2022,7,3,504,TO,ตองกา,1F,ทวีปออสเตรเลีย,124442.0,1134.0
2022-07,2022,7,3,499,PG,ปาปัวนิวกินี,1F,ทวีปออสเตรเลีย,0.0,0.0
2022-07,2022,7,3,447,KE,เคนยา,1E,ทวีปแอฟริกา,0.0,0.0
2022-07,2022,7,3,362,LT,ลิทัวเนีย,1B,ทวีปยุโรป,0.0,0.0
2022-07,2022,7,3,502,SB,โซโลมอน,1F,ทวีปออสเตรเลีย,0.0,0.0
2022-07,2022,7,3,441,GH,กานา,1E,ทวีปแอฟริกา,0.0,0.0
2022-07,2022,7,3,530,YT,มายอต,1E,ทวีปแอฟริกา,0.0,0.0
2022-07,2022,7,3,526,WF,หมู่เกาะวาลลิสและฟุตูนา,1F,ทวีปออสเตรเลีย,0.0,0.0
2022-07,2022,7,3,401,TT,ตรินิแดดและโตเบโก,1C,ทวีปอเมริกาเหนือ,0.0,0.0
2022-07,2022,7,3,506,WS,ซามัวตะวันตก,1F,ทวีปออสเตรเลีย,0.0,0.0
2022-07,2022,7,3,465,SC,เซเชลส์,1E,ทวีปแอฟริกา,25198.0,270.0
2022-07,2022,7,3,475,TN,ตูนิเซีย,1E,ทวีปแอฟริกา,39192.0,342.0
2022-07,2022,7,3,330,AL,แอลเบเนีย,1B,ทวีปยุโรป,0.0,0.0
2022-07,2022,7,3,505,VU,วานูอาตู,1F,ทวีปออสเตรเลีย,15056.0,133.0
2022-07,2022,7,3,510,AS,อเมริกันซามัวร์,1F,ทวีปออสเตรเลีย,0.0,0.0
2022-07,2022,7,3,397,PA,ปานามา,1C,ทวีปอเมริกาเหนือ,0.0,0.0
2022-07,2022,7,3,490,KI,คิริบาส,1F,ทวีปออสเตรเลีย,0.0,0.0
2022-07,2022,7,3,457,MW,มาลาวี,1E,ทวีปแอฟริกา,0.0,0.0
2022-07,2022,7,3,346,SI,สโลวีเนีย,1B,ทวีปยุโรป,0.0,0.0
2022-07,2022,7,3,501,PW,ปาลัว,1F,ทวีปออสเตรเลีย,0.0,0.0
2022-07,2022,7,3,436,DZ,แอลจีเรีย,1E,ทวีปแอฟริกา,0.0,0.0
2022-08,2022,8,3,373,US,สหรัฐอเมริกา,1C,ทวีปอเมริกาเหนือ,69553461.0,925521.0
2022-08,2022,8,3,315,DE,เยอรมนี,1B,ทวีปยุโรป,37559979.0,495692.0
2022-08,2022,8,3,320,GB,สหราชอาณาจักร,1B,ทวีปยุโรป,39605521.0,674498.0
2022-08,2022,8,3,271,MY,มาเลเซีย,1A,ทวีปเอเชีย,25139521.0,314670.0
2022-08,2022,8,3,325,NL,เนเธอร์แลนด์,1B,ทวีปยุโรป,25665374.0,295788.0
2022-08,2022,8,3,345,RU,รัสเซีย,1B,ทวีปยุโรป,24395739.0,437322.0
2022-08,2022,8,3,327,SE,สวีเดน,1B,ทวีปยุโรป,15443882.0,276053.0
2022-08,2022,8,3,306,KR,เกาหลีใต้,1A,ทวีปเอเชีย,17949410.0,251967.0
2022-08,2022,8,3,269,LA,สปป. ลาว,1A,ทวีปเอเชีย,17959602.0,429099.0
2022-08,2022,8,3,288,IL,อิสราเอล,1A,ทวีปเอเชีย,18240358.0,274568.0
2022-08,2022,8,3,371,CA,แคนาดา,1C,ทวีปอเมริกาเหนือ,12333698.0,223551.0
2022-08,2022,8,3,483,AU,ออสเตรเลีย,1F,ทวีปออสเตรเลีย,18054991.0,314412.0
2022-08,2022,8,3,319,FR,ฝรั่งเศส,1B,ทวีปยุโรป,20308965.0,369028.0
2022-08,2022,8,3,268,KH,กัมพูชา,1A,ทวีปเอเชีย,8885068.0,229692.0
2022-08,2022,8,3,304,JP,ญี่ปุ่น,1A,ทวีปเอเชีย,7073322.0,87251.0
2022-08,2022,8,3,273,SG,สิงคโปร์,1A,ทวีปเอเชีย,10473708.0,201024.0
2022-08,2022,8,3,343,PL,โปแลนด์,1B,ทวีปยุโรป,9633073.0,116681.0
2022-08,2022,8,3,323,IT,อิตาลี,1B,ทวีปยุโรป,10306564.0,130593.0
2022-08,2022,8,3,302,CN,จีน,1A,ทวีปเอเชีย,7788022.0,97601.0
2022-08,2022,8,3,316,DK,เดนมาร์ก,1B,ทวีปยุโรป,5950991.0,103687.0
2022-08,2022,8,3,272,PH,ฟิลิปปินส์,1A,ทวีปเอเชีย,5723041.0,61064.0
2022-08,2022,8,3,317,ES,สเปน,1B,ทวีปยุโรป,6269550.0,74130.0
2022-08,2022,8,3,296,SA,ซาอุดีอาระเบีย,1A,ทวีปเอเชีย,6325916.0,109113.0
2022-08,2022,8,3,309,TW,ไต้หวัน,1A,ทวีปเอเชีย,5276518.0,98540.0
2022-08,2022,8,3,298,TR,ตุรกี,1A,ทวีปเอเชีย,3433272.0,37355.0
2022-08,2022,8,3,270,MM,เมียนมา,1A,ทวีปเอเชีย,4098440.0,102706.0
2022-08,2022,8,3,279,IN,อินเดีย,1A,ทวีปเอเชีย,3648936.0,55660.0
2022-08,2022,8,3,497,NZ,นิวซีแลนด์,1F,ทวีปออสเตรเลีย,5088019.0,62790.0
2022-08,2022,8,3,285,AE,สหรัฐอาหรับเอมิเรตส์,1A,ทวีปเอเชีย,2676606.0,33054.0
2022-08,2022,8,3,303,HK,ฮ่องกง,1A,ทวีปเอเชีย,2705961.0,31673.0
2022-08,2022,8,3,366,NO,นอร์เวย์,1B,ทวีปยุโรป,3627623.0,47082.0
2022-08,2022,8,3,356,CH,สวิตเซอร์แลนด์,1B,ทวีปยุโรป,3283801.0,35174.0
2022-08,2022,8,3,322,IE,ไอร์แลนด์,1B,ทวีปยุโรป,2006045.0,17941.0
2022-08,2022,8,3,321,GR,กรีซ,1B,ทวีปยุโรป,1181156.0,17333.0
2022-08,2022,8,3,312,AT,ออสเตรีย,1B,ทวีปยุโรป,316921.0,5168.0
2022-08,2022,8,3,478,ZA,แอฟริกาใต้,1E,ทวีปแอฟริกา,2067872.0,26469.0
2022-08,2022,8,3,318,FI,ฟินแลนด์,1B,ทวีปยุโรป,1891959.0,32902.0
2022-08,2022,8,3,274,VN,เวียดนาม,1A,ทวีปเอเชีย,1076447.0,25694.0
2022-08,2022,8,3,307,MN,มองโกเลีย,1A,ทวีปเอเชีย,4271262.0,73745.0
2022-08,2022,8,3,267,ID,อินโดนีเซีย,1A,ทวีปเอเชีย,2953527.0,46863.0
2022-08,2022,8,3,336,CZ,สาธารณรัฐเช็ก,1B,ทวีปยุโรป,216452.0,2592.0
2022-08,2022,8,3,437,EG,อียิปต์,1E,ทวีปแอฟริกา,1531232.0,19251.0
2022-08,2022,8,3,313,BE,เบลเยียม,1B,ทวีปยุโรป,4266483.0,38635.0
2022-08,2022,8,3,291,JO,จอร์แดน,1A,ทวีปเอเชีย,1644042.0,31420.0
2022-08,2022,8,3,287,CY,ไซปรัส,1A,ทวีปเอเชีย,380977.0,4644.0
2022-08,2022,8,3,326,PT,โปรตุเกส,1B,ทวีปยุโรป,20771.0,240.0
2022-08,2022,8,3,295,QA,กาตาร์,1A,ทวีปเอเชีย,1078683.0,12003.0
2022-08,2022,8,3,363,LV,ลัตเวีย,1B,ทวีปยุโรป,673515.0,12195.0
2022-08,2022,8,3,409,BR,บราซิล,1D,ทวีปอเมริกาใต้,0.0,0.0
2022-08,2022,8,3,277,BD,บังกลาเทศ,1A,ทวีปเอเชีย,685726.0,10404.0
2022-08,2022,8,3,337,GE,จอร์เจีย,1A,ทวีปเอเชีย,0.0,0.0
2022-08,2022,8,3,456,MU,มอริเชียส,1E,ทวีปแอฟริกา,2028794.0,29627.0
2022-08,2022,8,3,286,BH,บาห์เรน,1A,ทวีปเอเชีย,406194.0,3861.0
2022-08,2022,8,3,292,KW,คูเวต,1A,ทวีปเอเชีย,461833.0,5159.0
2022-08,2022,8,3,410,CL,ชิลี,1D,ทวีปอเมริกาใต้,504967.0,3218.0
2022-08,2022,8,3,266,BN,บรูไน,1A,ทวีปเอเชีย,465991.0,9000.0
2022-08,2022,8,3,372,MX,เม็กซิโก,1C,ทวีปอเมริกาเหนือ,864532.0,14658.0
2022-08,2022,8,3,365,MT,มอลตา,1B,ทวีปยุโรป,154718.0,2002.0
2022-08,2022,8,3,339,HU,ฮังการี,1B,ทวีปยุโรป,459376.0,4363.0
2022-08,2022,8,3,420,SR,ซูรินาเม,1D,ทวีปอเมริกาใต้,708937.0,12177.0
2022-08,2022,8,3,384,DO,สาธารณรัฐโดมินิกัน,1C,ทวีปอเมริกาเหนือ,1534476.0,25788.0
2022-08,2022,8,3,281,MV,มัลดีฟส์,1A,ทวีปเอเชีย,25848.0,433.0
2022-08,2022,8,3,351,UA,ยูเครน,1B,ทวีปยุโรป,399608.0,6903.0
2022-08,2022,8,3,332,AZ,อาเซอร์ไบจาน,1A,ทวีปเอเชีย,0.0,0.0
2022-08,2022,8,3,283,PK,ปากีสถาน,1A,ทวีปเอเชีย,0.0,0.0
2022-08,2022,8,3,293,LB,เลบานอน,1A,ทวีปเอเชีย,835922.0,10110.0
2022-08,2022,8,3,341,KZ,คาซัคสถาน,1A,ทวีปเอเชีย,1399648.0,27960.0
2022-08,2022,8,3,389,HN,ฮอนดูรัส,1C,ทวีปอเมริกาเหนือ,0.0,0.0
2022-08,2022,8,3,463,RE,เรอูนียง,1E,ทวีปแอฟริกา,367083.0,3186.0
2022-08,2022,8,3,381,CR,คอสตาริกา,1C,ทวีปอเมริกาเหนือ,706274.0,9741.0
2022-08,2022,8,3,294,OM,โอมาน,1A,ทวีปเอเชีย,0.0,0.0
2022-08,2022,8,3,360,IS,ไอซ์แลนด์,1B,ทวีปยุโรป,0.0,0.0
2022-08,2022,8,3,452,MA,โมร็อกโก,1E,ทวีปแอฟริกา,531940.0,3271.0
2022-08,2022,8,3,344,RO,โรมาเนีย,1B,ทวีปยุโรป,0.0,0.0
2022-08,2022,8,3,377,BB,บาร์เบโดส,1C,ทวีปอเมริกาเหนือ,589038.0,10190.0
2022-08,2022,8,3,486,FJ,ฟิจิ,1F,ทวีปออสเตรเลีย,313774.0,3950.0
2022-08,2022,8,3,357,EE,เอสโตเนีย,1B,ทวีปยุโรป,0.0,0.0
2022-08,2022,8,3,308,MO,มาเก๊า,1A,ทวีปเอเชีย,107845.0,1458.0
2022-08,2022,8,3,342,MD,มอลโดวา,1B,ทวีปยุโรป,737013.0,14480.0
2022-08,2022,8,3,469,SN,เซเนกัล,1E,ทวีปแอฟริกา,0.0,0.0
2022-08,2022,8,3,289,IQ,อิรัก,1A,ทวีปเอเชีย,0.0,0.0
2022-08,2022,8,3,414,GF,เฟรนช์เกียนา,1D,ทวีปอเมริกาใต้,143836.0,1998.0
2022-08,2022,8,3,489,GU,กวม,1F,ทวีปออสเตรเลีย,14576.0,120.0
2022-08,2022,8,3,276,AF,อัฟกานิสถาน,1A,ทวีปเอเชีย,0.0,0.0
2022-08,2022,8,3,498,PF,เฟรนช์โปลีนีเซีย,1F,ทวีปออสเตรเลีย,302481.0,4697.0
2022-08,2022,8,3,493,NC,นิวแคลีโดเนีย,1F,ทวีปออสเตรเลีย,45392.0,258.0
2022-08,2022,8,3,333,BG,บัลแกเรีย,1B,ทวีปยุโรป,0.0,0.0
2022-08,2022,8,3,453,MG,มาดากัสการ์,1E,ทวีปแอฟริกา,0.0,0.0
2022-08,2022,8,3,280,LK,ศรีลังกา,1A,ทวีปเอเชีย,203060.0,2358.0
2022-08,2022,8,3,563,RS,เซอร์เบีย,1B,ทวีปยุโรป,0.0,0.0
2022-08,2022,8,3,282,NP,เนปาล,1A,ทวีปเอเชีย,304000.0,432.0
2022-08,2022,8,3,411,CO,โคลอมเบีย,1D,ทวีปอเมริกาใต้,0.0,0.0
2022-08,2022,8,3,331,AM,อาร์เมเนีย,1A,ทวีปเอเชีย,0.0,0.0
2022-08,2022,8,3,499,PG,ปาปัวนิวกินี,1F,ทวีปออสเตรเลีย,115587.0,2418.0
2022-08,2022,8,3,407,AR,อาร์เจนตินา,1D,ทวีปอเมริกาใต้,0.0,0.0
2022-08,2022,8,3,461,NG,ไนจีเรีย,1E,ทวีปแอฟริกา,13665.0,300.0
2022-08,2022,8,3,492,MP,เกาะมาเรียนาเหนือ,1F,ทวีปออสเตรเลีย,0.0,0.0
2022-08,2022,8,3,347,SK,สโลวาเกีย,1B,ทวีปยุโรป,0.0,0.0
2022-08,2022,8,3,422,VE,เวเนซุเอลา,1D,ทวีปอเมริกาใต้,0.0,0.0
2022-08,2022,8,3,421,UY,อุรุกวัย,1D,ทวีปอเมริกาใต้,0.0,0.0
2022-08,2022,8,3,504,TO,ตองกา,1F,ทวีปออสเตรเลีย,0.0,0.0
2022-08,2022,8,3,447,KE,เคนยา,1E,ทวีปแอฟริกา,0.0,0.0
2022-08,2022,8,3,362,LT,ลิทัวเนีย,1B,ทวีปยุโรป,0.0,0.0
2022-08,2022,8,3,502,SB,โซโลมอน,1F,ทวีปออสเตรเลีย,0.0,0.0
2022-08,2022,8,3,441,GH,กานา,1E,ทวีปแอฟริกา,0.0,0.0
2022-08,2022,8,3,530,YT,มายอต,1E,ทวีปแอฟริกา,0.0,0.0
2022-08,2022,8,3,526,WF,หมู่เกาะวาลลิสและฟุตูนา,1F,ทวีปออสเตรเลีย,0.0,0.0
2022-08,2022,8,3,401,TT,ตรินิแดดและโตเบโก,1C,ทวีปอเมริกาเหนือ,0.0,0.0
2022-08,2022,8,3,506,WS,ซามัวตะวันตก,1F,ทวีปออสเตรเลีย,0.0,0.0
2022-08,2022,8,3,465,SC,เซเชลส์,1E,ทวีปแอฟริกา,0.0,0.0
2022-08,2022,8,3,475,TN,ตูนิเซีย,1E,ทวีปแอฟริกา,0.0,0.0
2022-08,2022,8,3,330,AL,แอลเบเนีย,1B,ทวีปยุโรป,0.0,0.0
2022-08,2022,8,3,505,VU,วานูอาตู,1F,ทวีปออสเตรเลีย,0.0,0.0
2022-08,2022,8,3,510,AS,อเมริกันซามัวร์,1F,ทวีปออสเตรเลีย,0.0,0.0
2022-08,2022,8,3,397,PA,ปานามา,1C,ทวีปอเมริกาเหนือ,0.0,0.0
2022-08,2022,8,3,490,KI,คิริบาส,1F,ทวีปออสเตรเลีย,0.0,0.0
2022-08,2022,8,3,457,MW,มาลาวี,1E,ทวีปแอฟริกา,0.0,0.0
2022-08,2022,8,3,501,PW,ปาลัว,1F,ทวีปออสเตรเลีย,2840.0,23.0
2022-08,2022,8,3,346,SI,สโลวีเนีย,1B,ทวีปยุโรป,0.0,0.0
2022-08,2022,8,3,436,DZ,แอลจีเรีย,1E,ทวีปแอฟริกา,0.0,0.0
2022-09,2022,9,3,373,US,สหรัฐอเมริกา,1C,ทวีปอเมริกาเหนือ,60056084.0,784082.0
2022-09,2022,9,3,315,DE,เยอรมนี,1B,ทวีปยุโรป,37456570.0,507219.0
2022-09,2022,9,3,320,GB,สหราชอาณาจักร,1B,ทวีปยุโรป,35736872.0,502417.0
2022-09,2022,9,3,271,MY,มาเลเซีย,1A,ทวีปเอเชีย,29725907.0,391571.0
2022-09,2022,9,3,325,NL,เนเธอร์แลนด์,1B,ทวีปยุโรป,20545580.0,280614.0
2022-09,2022,9,3,345,RU,รัสเซีย,1B,ทวีปยุโรป,11024128.0,231539.0
2022-09,2022,9,3,327,SE,สวีเดน,1B,ทวีปยุโรป,22462866.0,373897.0
2022-09,2022,9,3,306,KR,เกาหลีใต้,1A,ทวีปเอเชีย,18328175.0,298278.0
2022-09,2022,9,3,269,LA,สปป. ลาว,1A,ทวีปเอเชีย,14206625.0,394832.0
2022-09,2022,9,3,371,CA,แคนาดา,1C,ทวีปอเมริกาเหนือ,16041993.0,283291.0
2022-09,2022,9,3,288,IL,อิสราเอล,1A,ทวีปเอเชีย,10291430.0,207296.0
2022-09,2022,9,3,483,AU,ออสเตรเลีย,1F,ทวีปออสเตรเลีย,14972095.0,237679.0
2022-09,2022,9,3,319,FR,ฝรั่งเศส,1B,ทวีปยุโรป,11377063.0,198750.0
2022-09,2022,9,3,304,JP,ญี่ปุ่น,1A,ทวีปเอเชีย,10111721.0,109443.0
2022-09,2022,9,3,268,KH,กัมพูชา,1A,ทวีปเอเชีย,8540853.0,212937.0
2022-09,2022,9,3,273,SG,สิงคโปร์,1A,ทวีปเอเชีย,7733095.0,144515.0
2022-09,2022,9,3,343,PL,โปแลนด์,1B,ทวีปยุโรป,10724673.0,138973.0
2022-09,2022,9,3,323,IT,อิตาลี,1B,ทวีปยุโรป,4593755.0,66354.0
2022-09,2022,9,3,302,CN,จีน,1A,ทวีปเอเชีย,12502223.0,180955.0
2022-09,2022,9,3,316,DK,เดนมาร์ก,1B,ทวีปยุโรป,3607673.0,66767.0
2022-09,2022,9,3,272,PH,ฟิลิปปินส์,1A,ทวีปเอเชีย,4578247.0,46464.0
2022-09,2022,9,3,317,ES,สเปน,1B,ทวีปยุโรป,7016645.0,107479.0
2022-09,2022,9,3,298,TR,ตุรกี,1A,ทวีปเอเชีย,6474358.0,81562.0
2022-09,2022,9,3,296,SA,ซาอุดีอาระเบีย,1A,ทวีปเอเชีย,4118501.0,65063.0
2022-09,2022,9,3,309,TW,ไต้หวัน,1A,ทวีปเอเชีย,3703536.0,80592.0
2022-09,2022,9,3,270,MM,เมียนมา,1A,ทวีปเอเชีย,4604744.0,115075.0
2022-09,2022,9,3,279,IN,อินเดีย,1A,ทวีปเอเชีย,4566432.0,70294.0
2022-09,2022,9,3,497,NZ,นิวซีแลนด์,1F,ทวีปออสเตรเลีย,6704958.0,81005.0
2022-09,2022,9,3,303,HK,ฮ่องกง,1A,ทวีปเอเชีย,2515860.0,36220.0
2022-09,2022,9,3,366,NO,นอร์เวย์,1B,ทวีปยุโรป,3831781.0,54160.0
2022-09,2022,9,3,285,AE,สหรัฐอาหรับเอมิเรตส์,1A,ทวีปเอเชีย,1776658.0,23320.0
2022-09,2022,9,3,322,IE,ไอร์แลนด์,1B,ทวีปยุโรป,3610412.0,35620.0
2022-09,2022,9,3,318,FI,ฟินแลนด์,1B,ทวีปยุโรป,6785819.0,67157.0
2022-09,2022,9,3,356,CH,สวิตเซอร์แลนด์,1B,ทวีปยุโรป,847977.0,12402.0
2022-09,2022,9,3,321,GR,กรีซ,1B,ทวีปยุโรป,2059206.0,44434.0
2022-09,2022,9,3,478,ZA,แอฟริกาใต้,1E,ทวีปแอฟริกา,1869548.0,23256.0
2022-09,2022,9,3,274,VN,เวียดนาม,1A,ทวีปเอเชีย,1624891.0,26649.0
2022-09,2022,9,3,312,AT,ออสเตรีย,1B,ทวีปยุโรป,15133.0,216.0
2022-09,2022,9,3,307,MN,มองโกเลีย,1A,ทวีปเอเชีย,0.0,0.0
2022-09,2022,9,3,336,CZ,สาธารณรัฐเช็ก,1B,ทวีปยุโรป,3314609.0,41559.0
2022-09,2022,9,3,267,ID,อินโดนีเซีย,1A,ทวีปเอเชีย,502294.0,4543.0
2022-09,2022,9,3,437,EG,อียิปต์,1E,ทวีปแอฟริกา,542700.0,12165.0
2022-09,2022,9,3,313,BE,เบลเยียม,1B,ทวีปยุโรป,27843.0,113.0
2022-09,2022,9,3,287,CY,ไซปรัส,1A,ทวีปเอเชีย,925271.0,19534.0
2022-09,2022,9,3,291,JO,จอร์แดน,1A,ทวีปเอเชีย,452831.0,5001.0
2022-09,2022,9,3,326,PT,โปรตุเกส,1B,ทวีปยุโรป,821778.0,19495.0
2022-09,2022,9,3,295,QA,กาตาร์,1A,ทวีปเอเชีย,1183508.0,15735.0
2022-09,2022,9,3,363,LV,ลัตเวีย,1B,ทวีปยุโรป,705954.0,9309.0
2022-09,2022,9,3,409,BR,บราซิล,1D,ทวีปอเมริกาใต้,788889.0,10154.0
2022-09,2022,9,3,277,BD,บังกลาเทศ,1A,ทวีปเอเชีย,552875.0,7391.0
2022-09,2022,9,3,286,BH,บาห์เรน,1A,ทวีปเอเชีย,522011.0,8807.0
2022-09,2022,9,3,337,GE,จอร์เจีย,1A,ทวีปเอเชีย,132598.0,1714.0
2022-09,2022,9,3,266,BN,บรูไน,1A,ทวีปเอเชีย,1011729.0,20305.0
2022-09,2022,9,3,456,MU,มอริเชียส,1E,ทวีปแอฟริกา,64.0,11.0
2022-09,2022,9,3,292,KW,คูเวต,1A,ทวีปเอเชีย,153645.0,931.0
2022-09,2022,9,3,351,UA,ยูเครน,1B,ทวีปยุโรป,1489934.0,32399.0
2022-09,2022,9,3,410,CL,ชิลี,1D,ทวีปอเมริกาใต้,27219.0,480.0
2022-09,2022,9,3,372,MX,เม็กซิโก,1C,ทวีปอเมริกาเหนือ,0.0,0.0
2022-09,2022,9,3,339,HU,ฮังการี,1B,ทวีปยุโรป,511273.0,5125.0
2022-09,2022,9,3,365,MT,มอลตา,1B,ทวีปยุโรป,214600.0,5103.0
2022-09,2022,9,3,384,DO,สาธารณรัฐโดมินิกัน,1C,ทวีปอเมริกาเหนือ,428084.0,8390.0
2022-09,2022,9,3,281,MV,มัลดีฟส์,1A,ทวีปเอเชีย,446696.0,5507.0
2022-09,2022,9,3,420,SR,ซูรินาเม,1D,ทวีปอเมริกาใต้,304905.0,4568.0
2022-09,2022,9,3,332,AZ,อาเซอร์ไบจาน,1A,ทวีปเอเชีย,433146.0,7979.0
2022-09,2022,9,3,283,PK,ปากีสถาน,1A,ทวีปเอเชีย,455949.0,4812.0
2022-09,2022,9,3,293,LB,เลบานอน,1A,ทวีปเอเชีย,350632.0,6847.0
2022-09,2022,9,3,294,OM,โอมาน,1A,ทวีปเอเชีย,489916.0,9451.0
2022-09,2022,9,3,341,KZ,คาซัคสถาน,1A,ทวีปเอเชีย,0.0,0.0
2022-09,2022,9,3,389,HN,ฮอนดูรัส,1C,ทวีปอเมริกาเหนือ,0.0,0.0
2022-09,2022,9,3,463,RE,เรอูนียง,1E,ทวีปแอฟริกา,34937.0,540.0
2022-09,2022,9,3,381,CR,คอสตาริกา,1C,ทวีปอเมริกาเหนือ,0.0,0.0
2022-09,2022,9,3,360,IS,ไอซ์แลนด์,1B,ทวีปยุโรป,0.0,0.0
2022-09,2022,9,3,344,RO,โรมาเนีย,1B,ทวีปยุโรป,138687.0,2671.0
2022-09,2022,9,3,452,MA,โมร็อกโก,1E,ทวีปแอฟริกา,0.0,0.0
2022-09,2022,9,3,377,BB,บาร์เบโดส,1C,ทวีปอเมริกาเหนือ,0.0,0.0
2022-09,2022,9,3,308,MO,มาเก๊า,1A,ทวีปเอเชีย,270130.0,2863.0
2022-09,2022,9,3,486,FJ,ฟิจิ,1F,ทวีปออสเตรเลีย,144703.0,1227.0
2022-09,2022,9,3,357,EE,เอสโตเนีย,1B,ทวีปยุโรป,118505.0,1560.0
2022-09,2022,9,3,342,MD,มอลโดวา,1B,ทวีปยุโรป,0.0,0.0
2022-09,2022,9,3,469,SN,เซเนกัล,1E,ทวีปแอฟริกา,0.0,0.0
2022-09,2022,9,3,289,IQ,อิรัก,1A,ทวีปเอเชีย,0.0,0.0
2022-09,2022,9,3,414,GF,เฟรนช์เกียนา,1D,ทวีปอเมริกาใต้,0.0,0.0
2022-09,2022,9,3,453,MG,มาดากัสการ์,1E,ทวีปแอฟริกา,190470.0,3248.0
2022-09,2022,9,3,489,GU,กวม,1F,ทวีปออสเตรเลีย,34927.0,581.0
2022-09,2022,9,3,493,NC,นิวแคลีโดเนีย,1F,ทวีปออสเตรเลีย,94330.0,840.0
2022-09,2022,9,3,276,AF,อัฟกานิสถาน,1A,ทวีปเอเชีย,0.0,0.0
2022-09,2022,9,3,498,PF,เฟรนช์โปลีนีเซีย,1F,ทวีปออสเตรเลีย,0.0,0.0
2022-09,2022,9,3,407,AR,อาร์เจนตินา,1D,ทวีปอเมริกาใต้,381934.0,4160.0
2022-09,2022,9,3,333,BG,บัลแกเรีย,1B,ทวีปยุโรป,0.0,0.0
2022-09,2022,9,3,280,LK,ศรีลังกา,1A,ทวีปเอเชีย,0.0,0.0
2022-09,2022,9,3,563,RS,เซอร์เบีย,1B,ทวีปยุโรป,0.0,0.0
2022-09,2022,9,3,282,NP,เนปาล,1A,ทวีปเอเชีย,0.0,0.0
2022-09,2022,9,3,411,CO,โคลอมเบีย,1D,ทวีปอเมริกาใต้,0.0,0.0
2022-09,2022,9,3,331,AM,อาร์เมเนีย,1A,ทวีปเอเชีย,0.0,0.0
2022-09,2022,9,3,461,NG,ไนจีเรีย,1E,ทวีปแอฟริกา,10695.0,240.0
2022-09,2022,9,3,499,PG,ปาปัวนิวกินี,1F,ทวีปออสเตรเลีย,0.0,0.0
2022-09,2022,9,3,502,SB,โซโลมอน,1F,ทวีปออสเตรเลีย,111848.0,882.0
2022-09,2022,9,3,492,MP,เกาะมาเรียนาเหนือ,1F,ทวีปออสเตรเลีย,0.0,0.0
2022-09,2022,9,3,347,SK,สโลวาเกีย,1B,ทวีปยุโรป,0.0,0.0
2022-09,2022,9,3,422,VE,เวเนซุเอลา,1D,ทวีปอเมริกาใต้,0.0,0.0
2022-09,2022,9,3,421,UY,อุรุกวัย,1D,ทวีปอเมริกาใต้,0.0,0.0
2022-09,2022,9,3,504,TO,ตองกา,1F,ทวีปออสเตรเลีย,0.0,0.0
2022-09,2022,9,3,526,WF,หมู่เกาะวาลลิสและฟุตูนา,1F,ทวีปออสเตรเลีย,22459.0,248.0
2022-09,2022,9,3,447,KE,เคนยา,1E,ทวีปแอฟริกา,0.0,0.0
2022-09,2022,9,3,362,LT,ลิทัวเนีย,1B,ทวีปยุโรป,0.0,0.0
2022-09,2022,9,3,441,GH,กานา,1E,ทวีปแอฟริกา,0.0,0.0
2022-09,2022,9,3,530,YT,มายอต,1E,ทวีปแอฟริกา,0.0,0.0
2022-09,2022,9,3,401,TT,ตรินิแดดและโตเบโก,1C,ทวีปอเมริกาเหนือ,0.0,0.0
2022-09,2022,9,3,506,WS,ซามัวตะวันตก,1F,ทวีปออสเตรเลีย,0.0,0.0
2022-09,2022,9,3,465,SC,เซเชลส์,1E,ทวีปแอฟริกา,0.0,0.0
2022-09,2022,9,3,290,IR,อิหร่าน,1A,ทวีปเอเชีย,43457.0,600.0
2022-09,2022,9,3,475,TN,ตูนิเซีย,1E,ทวีปแอฟริกา,0.0,0.0
2022-09,2022,9,3,330,AL,แอลเบเนีย,1B,ทวีปยุโรป,0.0,0.0
2022-09,2022,9,3,510,AS,อเมริกันซามัวร์,1F,ทวีปออสเตรเลีย,4441.0,26.0
2022-09,2022,9,3,505,VU,วานูอาตู,1F,ทวีปออสเตรเลีย,0.0,0.0
2022-09,2022,9,3,346,SI,สโลวีเนีย,1B,ทวีปยุโรป,5486.0,46.0
2022-09,2022,9,3,397,PA,ปานามา,1C,ทวีปอเมริกาเหนือ,0.0,0.0
2022-09,2022,9,3,490,KI,คิริบาส,1F,ทวีปออสเตรเลีย,0.0,0.0
2022-09,2022,9,3,457,MW,มาลาวี,1E,ทวีปแอฟริกา,0.0,0.0
2022-09,2022,9,3,501,PW,ปาลัว,1F,ทวีปออสเตรเลีย,0.0,0.0
2022-09,2022,9,3,436,DZ,แอลจีเรีย,1E,ทวีปแอฟริกา,0.0,0.0
2022-10,2022,10,4,373,US,สหรัฐอเมริกา,1C,ทวีปอเมริกาเหนือ,25813027.0,364729.0
2022-10,2022,10,4,315,DE,เยอรมนี,1B,ทวีปยุโรป,24972588.0,370365.0
2022-10,2022,10,4,320,GB,สหราชอาณาจักร,1B,ทวีปยุโรป,22769299.0,311680.0
2022-10,2022,10,4,271,MY,มาเลเซีย,1A,ทวีปเอเชีย,28389905.0,385293.0
2022-10,2022,10,4,325,NL,เนเธอร์แลนด์,1B,ทวีปยุโรป,37471152.0,482779.0
2022-10,2022,10,4,327,SE,สวีเดน,1B,ทวีปยุโรป,23974999.0,431105.0
2022-10,2022,10,4,345,RU,รัสเซีย,1B,ทวีปยุโรป,15801324.0,310748.0
2022-10,2022,10,4,306,KR,เกาหลีใต้,1A,ทวีปเอเชีย,20509924.0,348633.0
2022-10,2022,10,4,269,LA,สปป. ลาว,1A,ทวีปเอเชีย,17435156.0,486394.0
2022-10,2022,10,4,288,IL,อิสราเอล,1A,ทวีปเอเชีย,17649448.0,243000.0
2022-10,2022,10,4,371,CA,แคนาดา,1C,ทวีปอเมริกาเหนือ,9975814.0,215105.0
2022-10,2022,10,4,483,AU,ออสเตรเลีย,1F,ทวีปออสเตรเลีย,14501453.0,245733.0
2022-10,2022,10,4,304,JP,ญี่ปุ่น,1A,ทวีปเอเชีย,11473229.0,130178.0
2022-10,2022,10,4,268,KH,กัมพูชา,1A,ทวีปเอเชีย,10927046.0,287727.0
2022-10,2022,10,4,319,FR,ฝรั่งเศส,1B,ทวีปยุโรป,6087853.0,110962.0
2022-10,2022,10,4,273,SG,สิงคโปร์,1A,ทวีปเอเชีย,8328797.0,158260.0
2022-10,2022,10,4,343,PL,โปแลนด์,1B,ทวีปยุโรป,5575516.0,64836.0
2022-10,2022,10,4,302,CN,จีน,1A,ทวีปเอเชีย,13041432.0,152970.0
2022-10,2022,10,4,323,IT,อิตาลี,1B,ทวีปยุโรป,5330635.0,72579.0
2022-10,2022,10,4,272,PH,ฟิลิปปินส์,1A,ทวีปเอเชีย,5472949.0,61671.0
2022-10,2022,10,4,316,DK,เดนมาร์ก,1B,ทวีปยุโรป,3116277.0,44262.0
2022-10,2022,10,4,317,ES,สเปน,1B,ทวีปยุโรป,3978471.0,51080.0
2022-10,2022,10,4,296,SA,ซาอุดีอาระเบีย,1A,ทวีปเอเชีย,4115095.0,73563.0
2022-10,2022,10,4,298,TR,ตุรกี,1A,ทวีปเอเชีย,3183495.0,45410.0
2022-10,2022,10,4,309,TW,ไต้หวัน,1A,ทวีปเอเชีย,3167829.0,54496.0
2022-10,2022,10,4,270,MM,เมียนมา,1A,ทวีปเอเชีย,2504597.0,56354.0
2022-10,2022,10,4,279,IN,อินเดีย,1A,ทวีปเอเชีย,2807912.0,47701.0
2022-10,2022,10,4,497,NZ,นิวซีแลนด์,1F,ทวีปออสเตรเลีย,2381511.0,22804.0
2022-10,2022,10,4,366,NO,นอร์เวย์,1B,ทวีปยุโรป,5422730.0,80686.0
2022-10,2022,10,4,285,AE,สหรัฐอาหรับเอมิเรตส์,1A,ทวีปเอเชีย,3340155.0,33351.0
2022-10,2022,10,4,303,HK,ฮ่องกง,1A,ทวีปเอเชีย,1981375.0,22656.0
2022-10,2022,10,4,322,IE,ไอร์แลนด์,1B,ทวีปยุโรป,1989326.0,29085.0
2022-10,2022,10,4,318,FI,ฟินแลนด์,1B,ทวีปยุโรป,566094.0,4999.0
2022-10,2022,10,4,356,CH,สวิตเซอร์แลนด์,1B,ทวีปยุโรป,2561986.0,21756.0
2022-10,2022,10,4,321,GR,กรีซ,1B,ทวีปยุโรป,1668517.0,28881.0
2022-10,2022,10,4,274,VN,เวียดนาม,1A,ทวีปเอเชีย,2125971.0,35531.0
2022-10,2022,10,4,478,ZA,แอฟริกาใต้,1E,ทวีปแอฟริกา,697292.0,11114.0
2022-10,2022,10,4,307,MN,มองโกเลีย,1A,ทวีปเอเชีย,1758340.0,32901.0
2022-10,2022,10,4,312,AT,ออสเตรีย,1B,ทวีปยุโรป,0.0,0.0
2022-10,2022,10,4,267,ID,อินโดนีเซีย,1A,ทวีปเอเชีย,1465248.0,13405.0
2022-10,2022,10,4,336,CZ,สาธารณรัฐเช็ก,1B,ทวีปยุโรป,546727.0,6953.0
2022-10,2022,10,4,313,BE,เบลเยียม,1B,ทวีปยุโรป,3296022.0,25620.0
2022-10,2022,10,4,291,JO,จอร์แดน,1A,ทวีปเอเชีย,2403484.0,29378.0
2022-10,2022,10,4,437,EG,อียิปต์,1E,ทวีปแอฟริกา,0.0,0.0
2022-10,2022,10,4,287,CY,ไซปรัส,1A,ทวีปเอเชีย,934900.0,11858.0
2022-10,2022,10,4,295,QA,กาตาร์,1A,ทวีปเอเชีย,673905.0,5890.0
2022-10,2022,10,4,326,PT,โปรตุเกส,1B,ทวีปยุโรป,0.0,0.0
2022-10,2022,10,4,363,LV,ลัตเวีย,1B,ทวีปยุโรป,680217.0,12195.0
2022-10,2022,10,4,292,KW,คูเวต,1A,ทวีปเอเชีย,1591759.0,18189.0
2022-10,2022,10,4,409,BR,บราซิล,1D,ทวีปอเมริกาใต้,133795.0,831.0
2022-10,2022,10,4,277,BD,บังกลาเทศ,1A,ทวีปเอเชีย,374123.0,5080.0
2022-10,2022,10,4,351,UA,ยูเครน,1B,ทวีปยุโรป,1262724.0,26748.0
2022-10,2022,10,4,286,BH,บาห์เรน,1A,ทวีปเอเชีย,183630.0,2125.0
2022-10,2022,10,4,266,BN,บรูไน,1A,ทวีปเอเชีย,249073.0,3824.0
2022-10,2022,10,4,337,GE,จอร์เจีย,1A,ทวีปเอเชีย,0.0,0.0
2022-10,2022,10,4,456,MU,มอริเชียส,1E,ทวีปแอฟริกา,257469.0,4198.0
2022-10,2022,10,4,283,PK,ปากีสถาน,1A,ทวีปเอเชีย,1844455.0,17000.0
2022-10,2022,10,4,410,CL,ชิลี,1D,ทวีปอเมริกาใต้,376072.0,3476.0
2022-10,2022,10,4,384,DO,สาธารณรัฐโดมินิกัน,1C,ทวีปอเมริกาเหนือ,843141.0,16008.0
2022-10,2022,10,4,372,MX,เม็กซิโก,1C,ทวีปอเมริกาเหนือ,216029.0,3738.0
2022-10,2022,10,4,332,AZ,อาเซอร์ไบจาน,1A,ทวีปเอเชีย,627553.0,11997.0
2022-10,2022,10,4,365,MT,มอลตา,1B,ทวีปยุโรป,159240.0,1982.0
2022-10,2022,10,4,341,KZ,คาซัคสถาน,1A,ทวีปเอเชีย,1337396.0,25392.0
2022-10,2022,10,4,339,HU,ฮังการี,1B,ทวีปยุโรป,0.0,0.0
2022-10,2022,10,4,281,MV,มัลดีฟส์,1A,ทวีปเอเชีย,22788.0,367.0
2022-10,2022,10,4,420,SR,ซูรินาเม,1D,ทวีปอเมริกาใต้,0.0,0.0
2022-10,2022,10,4,293,LB,เลบานอน,1A,ทวีปเอเชีย,0.0,0.0
2022-10,2022,10,4,294,OM,โอมาน,1A,ทวีปเอเชีย,270785.0,2757.0
2022-10,2022,10,4,344,RO,โรมาเนีย,1B,ทวีปยุโรป,810387.0,12960.0
2022-10,2022,10,4,452,MA,โมร็อกโก,1E,ทวีปแอฟริกา,869043.0,9968.0
2022-10,2022,10,4,463,RE,เรอูนียง,1E,ทวีปแอฟริกา,89494.0,482.0
2022-10,2022,10,4,389,HN,ฮอนดูรัส,1C,ทวีปอเมริกาเหนือ,0.0,0.0
2022-10,2022,10,4,381,CR,คอสตาริกา,1C,ทวีปอเมริกาเหนือ,0.0,0.0
2022-10,2022,10,4,360,IS,ไอซ์แลนด์,1B,ทวีปยุโรป,0.0,0.0
2022-10,2022,10,4,342,MD,มอลโดวา,1B,ทวีปยุโรป,566625.0,11812.0
2022-10,2022,10,4,289,IQ,อิรัก,1A,ทวีปเอเชีย,685036.0,10944.0
2022-10,2022,10,4,486,FJ,ฟิจิ,1F,ทวีปออสเตรเลีย,130872.0,1170.0
2022-10,2022,10,4,308,MO,มาเก๊า,1A,ทวีปเอเชีย,73400.0,553.0
2022-10,2022,10,4,377,BB,บาร์เบโดส,1C,ทวีปอเมริกาเหนือ,0.0,0.0
2022-10,2022,10,4,357,EE,เอสโตเนีย,1B,ทวีปยุโรป,14831.0,324.0
2022-10,2022,10,4,453,MG,มาดากัสการ์,1E,ทวีปแอฟริกา,328888.0,5522.0
2022-10,2022,10,4,489,GU,กวม,1F,ทวีปออสเตรเลีย,211989.0,4176.0
2022-10,2022,10,4,469,SN,เซเนกัล,1E,ทวีปแอฟริกา,0.0,0.0
2022-10,2022,10,4,414,GF,เฟรนช์เกียนา,1D,ทวีปอเมริกาใต้,51119.0,820.0
2022-10,2022,10,4,407,AR,อาร์เจนตินา,1D,ทวีปอเมริกาใต้,179410.0,995.0
2022-10,2022,10,4,498,PF,เฟรนช์โปลีนีเซีย,1F,ทวีปออสเตรเลีย,111186.0,687.0
2022-10,2022,10,4,493,NC,นิวแคลีโดเนีย,1F,ทวีปออสเตรเลีย,26792.0,274.0
2022-10,2022,10,4,276,AF,อัฟกานิสถาน,1A,ทวีปเอเชีย,0.0,0.0
2022-10,2022,10,4,333,BG,บัลแกเรีย,1B,ทวีปยุโรป,0.0,0.0
2022-10,2022,10,4,280,LK,ศรีลังกา,1A,ทวีปเอเชีย,0.0,0.0
2022-10,2022,10,4,563,RS,เซอร์เบีย,1B,ทวีปยุโรป,0.0,0.0
2022-10,2022,10,4,282,NP,เนปาล,1A,ทวีปเอเชีย,0.0,0.0
2022-10,2022,10,4,411,CO,โคลอมเบีย,1D,ทวีปอเมริกาใต้,35588.0,454.0
2022-10,2022,10,4,362,LT,ลิทัวเนีย,1B,ทวีปยุโรป,299070.0,1193.0
2022-10,2022,10,4,331,AM,อาร์เมเนีย,1A,ทวีปเอเชีย,0.0,0.0
2022-10,2022,10,4,447,KE,เคนยา,1E,ทวีปแอฟริกา,202910.0,2405.0
2022-10,2022,10,4,401,TT,ตรินิแดดและโตเบโก,1C,ทวีปอเมริกาเหนือ,197603.0,1703.0
2022-10,2022,10,4,461,NG,ไนจีเรีย,1E,ทวีปแอฟริกา,37999.0,972.0
2022-10,2022,10,4,499,PG,ปาปัวนิวกินี,1F,ทวีปออสเตรเลีย,0.0,0.0
2022-10,2022,10,4,502,SB,โซโลมอน,1F,ทวีปออสเตรเลีย,0.0,0.0
2022-10,2022,10,4,492,MP,เกาะมาเรียนาเหนือ,1F,ทวีปออสเตรเลีย,29074.0,552.0
2022-10,2022,10,4,347,SK,สโลวาเกีย,1B,ทวีปยุโรป,0.0,0.0
2022-10,2022,10,4,422,VE,เวเนซุเอลา,1D,ทวีปอเมริกาใต้,0.0,0.0
2022-10,2022,10,4,421,UY,อุรุกวัย,1D,ทวีปอเมริกาใต้,0.0,0.0
2022-10,2022,10,4,504,TO,ตองกา,1F,ทวีปออสเตรเลีย,0.0,0.0
2022-10,2022,10,4,526,WF,หมู่เกาะวาลลิสและฟุตูนา,1F,ทวีปออสเตรเลีย,0.0,0.0
2022-10,2022,10,4,441,GH,กานา,1E,ทวีปแอฟริกา,0.0,0.0
2022-10,2022,10,4,530,YT,มายอต,1E,ทวีปแอฟริกา,0.0,0.0
2022-10,2022,10,4,506,WS,ซามัวตะวันตก,1F,ทวีปออสเตรเลีย,0.0,0.0
2022-10,2022,10,4,465,SC,เซเชลส์,1E,ทวีปแอฟริกา,0.0,0.0
2022-10,2022,10,4,290,IR,อิหร่าน,1A,ทวีปเอเชีย,0.0,0.0
2022-10,2022,10,4,475,TN,ตูนิเซีย,1E,ทวีปแอฟริกา,0.0,0.0
2022-10,2022,10,4,505,VU,วานูอาตู,1F,ทวีปออสเตรเลีย,19664.0,188.0
2022-10,2022,10,4,330,AL,แอลเบเนีย,1B,ทวีปยุโรป,0.0,0.0
2022-10,2022,10,4,510,AS,อเมริกันซามัวร์,1F,ทวีปออสเตรเลีย,0.0,0.0
2022-10,2022,10,4,346,SI,สโลวีเนีย,1B,ทวีปยุโรป,0.0,0.0
2022-10,2022,10,4,397,PA,ปานามา,1C,ทวีปอเมริกาเหนือ,0.0,0.0
2022-10,2022,10,4,490,KI,คิริบาส,1F,ทวีปออสเตรเลีย,0.0,0.0
2022-10,2022,10,4,457,MW,มาลาวี,1E,ทวีปแอฟริกา,0.0,0.0
2022-10,2022,10,4,501,PW,ปาลัว,1F,ทวีปออสเตรเลีย,0.0,0.0
2022-10,2022,10,4,436,DZ,แอลจีเรีย,1E,ทวีปแอฟริกา,0.0,0.0
2022-11,2022,11,4,373,US,สหรัฐอเมริกา,1C,ทวีปอเมริกาเหนือ,34401697.0,455918.0
2022-11,2022,11,4,315,DE,เยอรมนี,1B,ทวีปยุโรป,56800892.0,614496.0
2022-11,2022,11,4,320,GB,สหราชอาณาจักร,1B,ทวีปยุโรป,21137050.0,287067.0
2022-11,2022,11,4,271,MY,มาเลเซีย,1A,ทวีปเอเชีย,27212661.0,373714.0
2022-11,2022,11,4,325,NL,เนเธอร์แลนด์,1B,ทวีปยุโรป,20854813.0,257074.0
2022-11,2022,11,4,345,RU,รัสเซีย,1B,ทวีปยุโรป,21901664.0,394110.0
2022-11,2022,11,4,306,KR,เกาหลีใต้,1A,ทวีปเอเชีย,20815178.0,308567.0
2022-11,2022,11,4,327,SE,สวีเดน,1B,ทวีปยุโรป,10122721.0,166014.0
2022-11,2022,11,4,269,LA,สปป. ลาว,1A,ทวีปเอเชีย,14580201.0,367259.0
2022-11,2022,11,4,288,IL,อิสราเอล,1A,ทวีปเอเชีย,14497208.0,258160.0
2022-11,2022,11,4,483,AU,ออสเตรเลีย,1F,ทวีปออสเตรเลีย,14883192.0,204486.0
2022-11,2022,11,4,371,CA,แคนาดา,1C,ทวีปอเมริกาเหนือ,8712149.0,168098.0
2022-11,2022,11,4,304,JP,ญี่ปุ่น,1A,ทวีปเอเชีย,15488083.0,179272.0
2022-11,2022,11,4,319,FR,ฝรั่งเศส,1B,ทวีปยุโรป,15313513.0,281310.0
2022-11,2022,11,4,268,KH,กัมพูชา,1A,ทวีปเอเชีย,8815992.0,225134.0
2022-11,2022,11,4,273,SG,สิงคโปร์,1A,ทวีปเอเชีย,10767879.0,203316.0
2022-11,2022,11,4,343,PL,โปแลนด์,1B,ทวีปยุโรป,12071540.0,152994.0
2022-11,2022,11,4,302,CN,จีน,1A,ทวีปเอเชีย,7555072.0,111863.0
2022-11,2022,11,4,323,IT,อิตาลี,1B,ทวีปยุโรป,2122130.0,32714.0
2022-11,2022,11,4,316,DK,เดนมาร์ก,1B,ทวีปยุโรป,10692216.0,164082.0
2022-11,2022,11,4,272,PH,ฟิลิปปินส์,1A,ทวีปเอเชีย,4735962.0,48507.0
2022-11,2022,11,4,317,ES,สเปน,1B,ทวีปยุโรป,4181808.0,51458.0
2022-11,2022,11,4,309,TW,ไต้หวัน,1A,ทวีปเอเชีย,4904082.0,89786.0
2022-11,2022,11,4,270,MM,เมียนมา,1A,ทวีปเอเชีย,3952387.0,88725.0
2022-11,2022,11,4,296,SA,ซาอุดีอาระเบีย,1A,ทวีปเอเชีย,461232.0,6313.0
2022-11,2022,11,4,298,TR,ตุรกี,1A,ทวีปเอเชีย,881504.0,11177.0
2022-11,2022,11,4,279,IN,อินเดีย,1A,ทวีปเอเชีย,4381634.0,77058.0
2022-11,2022,11,4,497,NZ,นิวซีแลนด์,1F,ทวีปออสเตรเลีย,5968776.0,44283.0
2022-11,2022,11,4,285,AE,สหรัฐอาหรับเอมิเรตส์,1A,ทวีปเอเชีย,4981899.0,57573.0
2022-11,2022,11,4,366,NO,นอร์เวย์,1B,ทวีปยุโรป,1614684.0,22836.0
2022-11,2022,11,4,303,HK,ฮ่องกง,1A,ทวีปเอเชีย,1886549.0,25611.0
2022-11,2022,11,4,322,IE,ไอร์แลนด์,1B,ทวีปยุโรป,2903488.0,30194.0
2022-11,2022,11,4,318,FI,ฟินแลนด์,1B,ทวีปยุโรป,1492024.0,23225.0
2022-11,2022,11,4,356,CH,สวิตเซอร์แลนด์,1B,ทวีปยุโรป,1276220.0,23246.0
2022-11,2022,11,4,321,GR,กรีซ,1B,ทวีปยุโรป,1066381.0,15506.0
2022-11,2022,11,4,478,ZA,แอฟริกาใต้,1E,ทวีปแอฟริกา,2779742.0,29104.0
2022-11,2022,11,4,274,VN,เวียดนาม,1A,ทวีปเอเชีย,1199155.0,26488.0
2022-11,2022,11,4,312,AT,ออสเตรีย,1B,ทวีปยุโรป,1715718.0,31920.0
2022-11,2022,11,4,307,MN,มองโกเลีย,1A,ทวีปเอเชีย,0.0,0.0
2022-11,2022,11,4,267,ID,อินโดนีเซีย,1A,ทวีปเอเชีย,1049316.0,7434.0
2022-11,2022,11,4,336,CZ,สาธารณรัฐเช็ก,1B,ทวีปยุโรป,705984.0,7274.0
2022-11,2022,11,4,313,BE,เบลเยียม,1B,ทวีปยุโรป,7180.0,95.0
2022-11,2022,11,4,437,EG,อียิปต์,1E,ทวีปแอฟริกา,2111586.0,38716.0
2022-11,2022,11,4,291,JO,จอร์แดน,1A,ทวีปเอเชีย,0.0,0.0
2022-11,2022,11,4,287,CY,ไซปรัส,1A,ทวีปเอเชีย,386625.0,4028.0
2022-11,2022,11,4,295,QA,กาตาร์,1A,ทวีปเอเชีย,642823.0,9870.0
2022-11,2022,11,4,326,PT,โปรตุเกส,1B,ทวีปยุโรป,0.0,0.0
2022-11,2022,11,4,286,BH,บาห์เรน,1A,ทวีปเอเชีย,1643083.0,21908.0
2022-11,2022,11,4,292,KW,คูเวต,1A,ทวีปเอเชีย,714151.0,11001.0
2022-11,2022,11,4,363,LV,ลัตเวีย,1B,ทวีปยุโรป,0.0,0.0
2022-11,2022,11,4,372,MX,เม็กซิโก,1C,ทวีปอเมริกาเหนือ,2424311.0,30523.0
2022-11,2022,11,4,409,BR,บราซิล,1D,ทวีปอเมริกาใต้,144997.0,1032.0
2022-11,2022,11,4,277,BD,บังกลาเทศ,1A,ทวีปเอเชีย,309550.0,2021.0
2022-11,2022,11,4,351,UA,ยูเครน,1B,ทวีปยุโรป,640199.0,9305.0
2022-11,2022,11,4,266,BN,บรูไน,1A,ทวีปเอเชีย,746542.0,15545.0
2022-11,2022,11,4,337,GE,จอร์เจีย,1A,ทวีปเอเชีย,577781.0,8544.0
2022-11,2022,11,4,456,MU,มอริเชียส,1E,ทวีปแอฟริกา,0.0,0.0
2022-11,2022,11,4,283,PK,ปากีสถาน,1A,ทวีปเอเชีย,0.0,0.0
2022-11,2022,11,4,410,CL,ชิลี,1D,ทวีปอเมริกาใต้,0.0,0.0
2022-11,2022,11,4,341,KZ,คาซัคสถาน,1A,ทวีปเอเชีย,809851.0,16320.0
2022-11,2022,11,4,420,SR,ซูรินาเม,1D,ทวีปอเมริกาใต้,966399.0,16391.0
2022-11,2022,11,4,384,DO,สาธารณรัฐโดมินิกัน,1C,ทวีปอเมริกาเหนือ,0.0,0.0
2022-11,2022,11,4,332,AZ,อาเซอร์ไบจาน,1A,ทวีปเอเชีย,0.0,0.0
2022-11,2022,11,4,365,MT,มอลตา,1B,ทวีปยุโรป,97750.0,658.0
2022-11,2022,11,4,339,HU,ฮังการี,1B,ทวีปยุโรป,0.0,0.0
2022-11,2022,11,4,281,MV,มัลดีฟส์,1A,ทวีปเอเชีย,111935.0,2272.0
2022-11,2022,11,4,344,RO,โรมาเนีย,1B,ทวีปยุโรป,448623.0,6830.0
2022-11,2022,11,4,293,LB,เลบานอน,1A,ทวีปเอเชีย,99814.0,732.0
2022-11,2022,11,4,294,OM,โอมาน,1A,ทวีปเอเชีย,0.0,0.0
2022-11,2022,11,4,452,MA,โมร็อกโก,1E,ทวีปแอฟริกา,0.0,0.0
2022-11,2022,11,4,357,EE,เอสโตเนีย,1B,ทวีปยุโรป,895994.0,5910.0
2022-11,2022,11,4,342,MD,มอลโดวา,1B,ทวีปยุโรป,491697.0,9433.0
2022-11,2022,11,4,463,RE,เรอูนียง,1E,ทวีปแอฟริกา,105870.0,1973.0
2022-11,2022,11,4,389,HN,ฮอนดูรัส,1C,ทวีปอเมริกาเหนือ,0.0,0.0
2022-11,2022,11,4,486,FJ,ฟิจิ,1F,ทวีปออสเตรเลีย,295472.0,4873.0
2022-11,2022,11,4,360,IS,ไอซ์แลนด์,1B,ทวีปยุโรป,113036.0,1069.0
2022-11,2022,11,4,381,CR,คอสตาริกา,1C,ทวีปอเมริกาเหนือ,0.0,0.0
2022-11,2022,11,4,377,BB,บาร์เบโดส,1C,ทวีปอเมริกาเหนือ,318868.0,4932.0
2022-11,2022,11,4,289,IQ,อิรัก,1A,ทวีปเอเชีย,0.0,0.0
2022-11,2022,11,4,308,MO,มาเก๊า,1A,ทวีปเอเชีย,0.0,0.0
2022-11,2022,11,4,453,MG,มาดากัสการ์,1E,ทวีปแอฟริกา,0.0,0.0
2022-11,2022,11,4,489,GU,กวม,1F,ทวีปออสเตรเลีย,77875.0,1049.0
2022-11,2022,11,4,469,SN,เซเนกัล,1E,ทวีปแอฟริกา,0.0,0.0
2022-11,2022,11,4,414,GF,เฟรนช์เกียนา,1D,ทวีปอเมริกาใต้,0.0,0.0
2022-11,2022,11,4,346,SI,สโลวีเนีย,1B,ทวีปยุโรป,801505.0,5523.0
2022-11,2022,11,4,493,NC,นิวแคลีโดเนีย,1F,ทวีปออสเตรเลีย,81364.0,612.0
2022-11,2022,11,4,407,AR,อาร์เจนตินา,1D,ทวีปอเมริกาใต้,0.0,0.0
2022-11,2022,11,4,498,PF,เฟรนช์โปลีนีเซีย,1F,ทวีปออสเตรเลีย,0.0,0.0
2022-11,2022,11,4,280,LK,ศรีลังกา,1A,ทวีปเอเชีย,193550.0,1913.0
2022-11,2022,11,4,276,AF,อัฟกานิสถาน,1A,ทวีปเอเชีย,0.0,0.0
2022-11,2022,11,4,333,BG,บัลแกเรีย,1B,ทวีปยุโรป,0.0,0.0
2022-11,2022,11,4,563,RS,เซอร์เบีย,1B,ทวีปยุโรป,0.0,0.0
2022-11,2022,11,4,282,NP,เนปาล,1A,ทวีปเอเชีย,0.0,0.0
2022-11,2022,11,4,411,CO,โคลอมเบีย,1D,ทวีปอเมริกาใต้,0.0,0.0
2022-11,2022,11,4,362,LT,ลิทัวเนีย,1B,ทวีปยุโรป,138.0,7.0
2022-11,2022,11,4,331,AM,อาร์เมเนีย,1A,ทวีปเอเชีย,0.0,0.0
2022-11,2022,11,4,447,KE,เคนยา,1E,ทวีปแอฟริกา,70942.0,1000.0
2022-11,2022,11,4,461,NG,ไนจีเรีย,1E,ทวีปแอฟริกา,36415.0,800.0
2022-11,2022,11,4,401,TT,ตรินิแดดและโตเบโก,1C,ทวีปอเมริกาเหนือ,0.0,0.0
2022-11,2022,11,4,499,PG,ปาปัวนิวกินี,1F,ทวีปออสเตรเลีย,18381.0,492.0
2022-11,2022,11,4,502,SB,โซโลมอน,1F,ทวีปออสเตรเลีย,0.0,0.0
2022-11,2022,11,4,492,MP,เกาะมาเรียนาเหนือ,1F,ทวีปออสเตรเลีย,0.0,0.0
2022-11,2022,11,4,347,SK,สโลวาเกีย,1B,ทวีปยุโรป,85.0,2.0
2022-11,2022,11,4,422,VE,เวเนซุเอลา,1D,ทวีปอเมริกาใต้,0.0,0.0
2022-11,2022,11,4,421,UY,อุรุกวัย,1D,ทวีปอเมริกาใต้,0.0,0.0
2022-11,2022,11,4,504,TO,ตองกา,1F,ทวีปออสเตรเลีย,0.0,0.0
2022-11,2022,11,4,526,WF,หมู่เกาะวาลลิสและฟุตูนา,1F,ทวีปออสเตรเลีย,0.0,0.0
2022-11,2022,11,4,441,GH,กานา,1E,ทวีปแอฟริกา,0.0,0.0
2022-11,2022,11,4,530,YT,มายอต,1E,ทวีปแอฟริกา,0.0,0.0
2022-11,2022,11,4,506,WS,ซามัวตะวันตก,1F,ทวีปออสเตรเลีย,0.0,0.0
2022-11,2022,11,4,465,SC,เซเชลส์,1E,ทวีปแอฟริกา,0.0,0.0
2022-11,2022,11,4,290,IR,อิหร่าน,1A,ทวีปเอเชีย,0.0,0.0
2022-11,2022,11,4,397,PA,ปานามา,1C,ทวีปอเมริกาเหนือ,30111.0,250.0
2022-11,2022,11,4,475,TN,ตูนิเซีย,1E,ทวีปแอฟริกา,0.0,0.0
2022-11,2022,11,4,505,VU,วานูอาตู,1F,ทวีปออสเตรเลีย,0.0,0.0
2022-11,2022,11,4,330,AL,แอลเบเนีย,1B,ทวีปยุโรป,0.0,0.0
2022-11,2022,11,4,510,AS,อเมริกันซามัวร์,1F,ทวีปออสเตรเลีย,0.0,0.0
2022-11,2022,11,4,490,KI,คิริบาส,1F,ทวีปออสเตรเลีย,0.0,0.0
2022-11,2022,11,4,457,MW,มาลาวี,1E,ทวีปแอฟริกา,0.0,0.0
2022-11,2022,11,4,501,PW,ปาลัว,1F,ทวีปออสเตรเลีย,0.0,0.0
2022-11,2022,11,4,436,DZ,แอลจีเรีย,1E,ทวีปแอฟริกา,0.0,0.0
2022-12,2022,12,4,373,US,สหรัฐอเมริกา,1C,ทวีปอเมริกาเหนือ,48229128.0,617668.0
2022-12,2022,12,4,315,DE,เยอรมนี,1B,ทวีปยุโรป,37134321.0,407539.0
2022-12,2022,12,4,271,MY,มาเลเซีย,1A,ทวีปเอเชีย,38547648.0,503750.0
2022-12,2022,12,4,320,GB,สหราชอาณาจักร,1B,ทวีปยุโรป,26318338.0,438072.0
2022-12,2022,12,4,325,NL,เนเธอร์แลนด์,1B,ทวีปยุโรป,13222921.0,186567.0
2022-12,2022,12,4,306,KR,เกาหลีใต้,1A,ทวีปเอเชีย,35002168.0,589591.0
2022-12,2022,12,4,345,RU,รัสเซีย,1B,ทวีปยุโรป,23008680.0,420083.0
2022-12,2022,12,4,327,SE,สวีเดน,1B,ทวีปยุโรป,11492448.0,182057.0
2022-12,2022,12,4,269,LA,สปป. ลาว,1A,ทวีปเอเชีย,14236510.0,423285.0
2022-12,2022,12,4,288,IL,อิสราเอล,1A,ทวีปเอเชีย,20418722.0,481952.0
2022-12,2022,12,4,483,AU,ออสเตรเลีย,1F,ทวีปออสเตรเลีย,13996109.0,259551.0
2022-12,2022,12,4,371,CA,แคนาดา,1C,ทวีปอเมริกาเหนือ,13712970.0,273958.0
2022-12,2022,12,4,304,JP,ญี่ปุ่น,1A,ทวีปเอเชีย,6252312.0,59040.0
2022-12,2022,12,4,319,FR,ฝรั่งเศส,1B,ทวีปยุโรป,8518229.0,161218.0
2022-12,2022,12,4,268,KH,กัมพูชา,1A,ทวีปเอเชีย,9816351.0,269810.0
2022-12,2022,12,4,273,SG,สิงคโปร์,1A,ทวีปเอเชีย,8013085.0,147867.0
2022-12,2022,12,4,343,PL,โปแลนด์,1B,ทวีปยุโรป,5231016.0,67402.0
2022-12,2022,12,4,302,CN,จีน,1A,ทวีปเอเชีย,12116846.0,140477.0
2022-12,2022,12,4,323,IT,อิตาลี,1B,ทวีปยุโรป,441539.0,5894.0
2022-12,2022,12,4,316,DK,เดนมาร์ก,1B,ทวีปยุโรป,6667941.0,112194.0
2022-12,2022,12,4,272,PH,ฟิลิปปินส์,1A,ทวีปเอเชีย,3477305.0,33588.0
2022-12,2022,12,4,317,ES,สเปน,1B,ทวีปยุโรป,938467.0,16961.0
2022-12,2022,12,4,309,TW,ไต้หวัน,1A,ทวีปเอเชีย,3549527.0,68188.0
2022-12,2022,12,4,270,MM,เมียนมา,1A,ทวีปเอเชีย,4469700.0,93482.0
2022-12,2022,12,4,279,IN,อินเดีย,1A,ทวีปเอเชีย,7033981.0,115069.0
2022-12,2022,12,4,298,TR,ตุรกี,1A,ทวีปเอเชีย,2752194.0,46873.0
2022-12,2022,12,4,296,SA,ซาอุดีอาระเบีย,1A,ทวีปเอเชีย,130824.0,2160.0
2022-12,2022,12,4,497,NZ,นิวซีแลนด์,1F,ทวีปออสเตรเลีย,2220083.0,31403.0
2022-12,2022,12,4,285,AE,สหรัฐอาหรับเอมิเรตส์,1A,ทวีปเอเชีย,3940321.0,41974.0
2022-12,2022,12,4,366,NO,นอร์เวย์,1B,ทวีปยุโรป,1680376.0,23568.0
2022-12,2022,12,4,303,HK,ฮ่องกง,1A,ทวีปเอเชีย,2575399.0,24036.0
2022-12,2022,12,4,322,IE,ไอร์แลนด์,1B,ทวีปยุโรป,3804506.0,53453.0
2022-12,2022,12,4,318,FI,ฟินแลนด์,1B,ทวีปยุโรป,2957628.0,41478.0
2022-12,2022,12,4,356,CH,สวิตเซอร์แลนด์,1B,ทวีปยุโรป,2138407.0,28086.0
2022-12,2022,12,4,321,GR,กรีซ,1B,ทวีปยุโรป,2288704.0,40933.0
2022-12,2022,12,4,274,VN,เวียดนาม,1A,ทวีปเอเชีย,2096315.0,36366.0
2022-12,2022,12,4,478,ZA,แอฟริกาใต้,1E,ทวีปแอฟริกา,1269175.0,13900.0
2022-12,2022,12,4,312,AT,ออสเตรีย,1B,ทวีปยุโรป,1124243.0,22392.0
2022-12,2022,12,4,307,MN,มองโกเลีย,1A,ทวีปเอเชีย,0.0,0.0
2022-12,2022,12,4,267,ID,อินโดนีเซีย,1A,ทวีปเอเชีย,280049.0,1874.0
2022-12,2022,12,4,336,CZ,สาธารณรัฐเช็ก,1B,ทวีปยุโรป,455763.0,6184.0
2022-12,2022,12,4,313,BE,เบลเยียม,1B,ทวีปยุโรป,325385.0,2800.0
2022-12,2022,12,4,437,EG,อียิปต์,1E,ทวีปแอฟริกา,544194.0,8213.0
2022-12,2022,12,4,291,JO,จอร์แดน,1A,ทวีปเอเชีย,0.0,0.0
2022-12,2022,12,4,295,QA,กาตาร์,1A,ทวีปเอเชีย,737864.0,10537.0
2022-12,2022,12,4,287,CY,ไซปรัส,1A,ทวีปเอเชีย,0.0,0.0
2022-12,2022,12,4,326,PT,โปรตุเกส,1B,ทวีปยุโรป,1662394.0,32945.0
2022-12,2022,12,4,277,BD,บังกลาเทศ,1A,ทวีปเอเชีย,2292320.0,19476.0
2022-12,2022,12,4,283,PK,ปากีสถาน,1A,ทวีปเอเชีย,2839020.0,29717.0
2022-12,2022,12,4,292,KW,คูเวต,1A,ทวีปเอเชีย,777563.0,12462.0
2022-12,2022,12,4,363,LV,ลัตเวีย,1B,ทวีปยุโรป,589227.0,7859.0
2022-12,2022,12,4,286,BH,บาห์เรน,1A,ทวีปเอเชีย,226531.0,3459.0
2022-12,2022,12,4,372,MX,เม็กซิโก,1C,ทวีปอเมริกาเหนือ,0.0,0.0
2022-12,2022,12,4,409,BR,บราซิล,1D,ทวีปอเมริกาใต้,0.0,0.0
2022-12,2022,12,4,337,GE,จอร์เจีย,1A,ทวีปเอเชีย,645185.0,8803.0
2022-12,2022,12,4,351,UA,ยูเครน,1B,ทวีปยุโรป,0.0,0.0
2022-12,2022,12,4,266,BN,บรูไน,1A,ทวีปเอเชีย,74881.0,725.0
2022-12,2022,12,4,341,KZ,คาซัคสถาน,1A,ทวีปเอเชีย,1247960.0,20400.0
2022-12,2022,12,4,456,MU,มอริเชียส,1E,ทวีปแอฟริกา,156596.0,1041.0
2022-12,2022,12,4,384,DO,สาธารณรัฐโดมินิกัน,1C,ทวีปอเมริกาเหนือ,403383.0,6839.0
2022-12,2022,12,4,410,CL,ชิลี,1D,ทวีปอเมริกาใต้,28953.0,141.0
2022-12,2022,12,4,332,AZ,อาเซอร์ไบจาน,1A,ทวีปเอเชีย,471825.0,5849.0
2022-12,2022,12,4,420,SR,ซูรินาเม,1D,ทวีปอเมริกาใต้,0.0,0.0
2022-12,2022,12,4,365,MT,มอลตา,1B,ทวีปยุโรป,170930.0,2305.0
2022-12,2022,12,4,281,MV,มัลดีฟส์,1A,ทวีปเอเชีย,352125.0,7234.0
2022-12,2022,12,4,344,RO,โรมาเนีย,1B,ทวีปยุโรป,518207.0,4055.0
2022-12,2022,12,4,339,HU,ฮังการี,1B,ทวีปยุโรป,0.0,0.0
2022-12,2022,12,4,293,LB,เลบานอน,1A,ทวีปเอเชีย,48925.0,588.0
2022-12,2022,12,4,289,IQ,อิรัก,1A,ทวีปเอเชีย,977385.0,13920.0
2022-12,2022,12,4,294,OM,โอมาน,1A,ทวีปเอเชีย,214.0,15.0
2022-12,2022,12,4,452,MA,โมร็อกโก,1E,ทวีปแอฟริกา,0.0,0.0
2022-12,2022,12,4,357,EE,เอสโตเนีย,1B,ทวีปยุโรป,0.0,0.0
2022-12,2022,12,4,389,HN,ฮอนดูรัส,1C,ทวีปอเมริกาเหนือ,211848.0,3939.0
2022-12,2022,12,4,463,RE,เรอูนียง,1E,ทวีปแอฟริกา,85786.0,1000.0
2022-12,2022,12,4,486,FJ,ฟิจิ,1F,ทวีปออสเตรเลีย,302039.0,6500.0
2022-12,2022,12,4,342,MD,มอลโดวา,1B,ทวีปยุโรป,0.0,0.0
2022-12,2022,12,4,360,IS,ไอซ์แลนด์,1B,ทวีปยุโรป,87814.0,1818.0
2022-12,2022,12,4,381,CR,คอสตาริกา,1C,ทวีปอเมริกาเหนือ,0.0,0.0
2022-12,2022,12,4,377,BB,บาร์เบโดส,1C,ทวีปอเมริกาเหนือ,0.0,0.0
2022-12,2022,12,4,308,MO,มาเก๊า,1A,ทวีปเอเชีย,131797.0,1306.0
2022-12,2022,12,4,498,PF,เฟรนช์โปลีนีเซีย,1F,ทวีปออสเตรเลีย,424642.0,7056.0
2022-12,2022,12,4,453,MG,มาดากัสการ์,1E,ทวีปแอฟริกา,0.0,0.0
2022-12,2022,12,4,489,GU,กวม,1F,ทวีปออสเตรเลีย,14298.0,120.0
2022-12,2022,12,4,493,NC,นิวแคลีโดเนีย,1F,ทวีปออสเตรเลีย,205050.0,1955.0
2022-12,2022,12,4,563,RS,เซอร์เบีย,1B,ทวีปยุโรป,481601.0,9455.0
2022-12,2022,12,4,469,SN,เซเนกัล,1E,ทวีปแอฟริกา,0.0,0.0
2022-12,2022,12,4,414,GF,เฟรนช์เกียนา,1D,ทวีปอเมริกาใต้,43887.0,786.0
2022-12,2022,12,4,346,SI,สโลวีเนีย,1B,ทวีปยุโรป,0.0,0.0
2022-12,2022,12,4,407,AR,อาร์เจนตินา,1D,ทวีปอเมริกาใต้,0.0,0.0
2022-12,2022,12,4,280,LK,ศรีลังกา,1A,ทวีปเอเชีย,0.0,0.0
2022-12,2022,12,4,276,AF,อัฟกานิสถาน,1A,ทวีปเอเชีย,0.0,0.0
2022-12,2022,12,4,333,BG,บัลแกเรีย,1B,ทวีปยุโรป,0.0,0.0
2022-12,2022,12,4,282,NP,เนปาล,1A,ทวีปเอเชีย,0.0,0.0
2022-12,2022,12,4,411,CO,โคลอมเบีย,1D,ทวีปอเมริกาใต้,0.0,0.0
2022-12,2022,12,4,447,KE,เคนยา,1E,ทวีปแอฟริกา,17500.0,205.0
2022-12,2022,12,4,362,LT,ลิทัวเนีย,1B,ทวีปยุโรป,0.0,0.0
2022-12,2022,12,4,461,NG,ไนจีเรีย,1E,ทวีปแอฟริกา,73634.0,1900.0
2022-12,2022,12,4,331,AM,อาร์เมเนีย,1A,ทวีปเอเชีย,0.0,0.0
2022-12,2022,12,4,330,AL,แอลเบเนีย,1B,ทวีปยุโรป,321300.0,441.0
2022-12,2022,12,4,504,TO,ตองกา,1F,ทวีปออสเตรเลีย,164817.0,1620.0
2022-12,2022,12,4,401,TT,ตรินิแดดและโตเบโก,1C,ทวีปอเมริกาเหนือ,0.0,0.0
2022-12,2022,12,4,499,PG,ปาปัวนิวกินี,1F,ทวีปออสเตรเลีย,0.0,0.0
2022-12,2022,12,4,510,AS,อเมริกันซามัวร์,1F,ทวีปออสเตรเลีย,202952.0,4258.0
2022-12,2022,12,4,492,MP,เกาะมาเรียนาเหนือ,1F,ทวีปออสเตรเลีย,21232.0,442.0
2022-12,2022,12,4,502,SB,โซโลมอน,1F,ทวีปออสเตรเลีย,0.0,0.0
2022-12,2022,12,4,347,SK,สโลวาเกีย,1B,ทวีปยุโรป,0.0,0.0
2022-12,2022,12,4,422,VE,เวเนซุเอลา,1D,ทวีปอเมริกาใต้,0.0,0.0
2022-12,2022,12,4,421,UY,อุรุกวัย,1D,ทวีปอเมริกาใต้,0.0,0.0
2022-12,2022,12,4,530,YT,มายอต,1E,ทวีปแอฟริกา,77178.0,586.0
2022-12,2022,12,4,506,WS,ซามัวตะวันตก,1F,ทวีปออสเตรเลีย,67789.0,665.0
2022-12,2022,12,4,526,WF,หมู่เกาะวาลลิสและฟุตูนา,1F,ทวีปออสเตรเลีย,0.0,0.0
2022-12,2022,12,4,441,GH,กานา,1E,ทวีปแอฟริกา,0.0,0.0
2022-12,2022,12,4,465,SC,เซเชลส์,1E,ทวีปแอฟริกา,0.0,0.0
2022-12,2022,12,4,290,IR,อิหร่าน,1A,ทวีปเอเชีย,0.0,0.0
2022-12,2022,12,4,397,PA,ปานามา,1C,ทวีปอเมริกาเหนือ,0.0,0.0
2022-12,2022,12,4,475,TN,ตูนิเซีย,1E,ทวีปแอฟริกา,0.0,0.0
2022-12,2022,12,4,505,VU,วานูอาตู,1F,ทวีปออสเตรเลีย,0.0,0.0
2022-12,2022,12,4,490,KI,คิริบาส,1F,ทวีปออสเตรเลีย,0.0,0.0
2022-12,2022,12,4,457,MW,มาลาวี,1E,ทวีปแอฟริกา,0.0,0.0
2022-12,2022,12,4,501,PW,ปาลัว,1F,ทวีปออสเตรเลีย,0.0,0.0
2022-12,2022,12,4,436,DZ,แอลจีเรีย,1E,ทวีปแอฟริกา,0.0,0.0
2022-12,2022,12,4,419,PY,ปารากวัย,1D,ทวีปอเมริกาใต้,143.0,2.0
2023-01,2023,1,1,320,GB,สหราชอาณาจักร,1B,ทวีปยุโรป,37965285.0,563748.0
2023-01,2023,1,1,271,MY,มาเลเซีย,1A,ทวีปเอเชีย,26090197.0,323567.0
2023-01,2023,1,1,315,DE,เยอรมนี,1B,ทวีปยุโรป,23983595.0,312109.0
2023-01,2023,1,1,306,KR,เกาหลีใต้,1A,ทวีปเอเชีย,21778901.0,358669.0
2023-01,2023,1,1,483,AU,ออสเตรเลีย,1F,ทวีปออสเตรเลีย,17654370.0,298476.0
2023-01,2023,1,1,327,SE,สวีเดน,1B,ทวีปยุโรป,17620011.0,303063.0
2023-01,2023,1,1,371,CA,แคนาดา,1C,ทวีปอเมริกาเหนือ,16072672.0,313509.0
2023-01,2023,1,1,373,US,สหรัฐอเมริกา,1C,ทวีปอเมริกาเหนือ,15294728.0,196119.0
2023-01,2023,1,1,345,RU,รัสเซีย,1B,ทวีปยุโรป,15030570.0,241267.0
2023-01,2023,1,1,269,LA,สปป. ลาว,1A,ทวีปเอเชีย,14178014.0,476062.0
2023-01,2023,1,1,325,NL,เนเธอร์แลนด์,1B,ทวีปยุโรป,12036314.0,146660.0
2023-01,2023,1,1,268,KH,กัมพูชา,1A,ทวีปเอเชีย,10906662.0,285639.0
2023-01,2023,1,1,273,SG,สิงคโปร์,1A,ทวีปเอเชีย,10464975.0,197256.0
2023-01,2023,1,1,317,ES,สเปน,1B,ทวีปยุโรป,8774333.0,92398.0
2023-01,2023,1,1,319,FR,ฝรั่งเศส,1B,ทวีปยุโรป,6638968.0,124630.0
2023-01,2023,1,1,270,MM,เมียนมา,1A,ทวีปเอเชีย,6075354.0,136254.0
2023-01,2023,1,1,304,JP,ญี่ปุ่น,1A,ทวีปเอเชีย,5905829.0,82711.0
2023-01,2023,1,1,298,TR,ตุรกี,1A,ทวีปเอเชีย,5644675.0,68544.0
2023-01,2023,1,1,288,IL,อิสราเอล,1A,ทวีปเอเชีย,5308296.0,138291.0
2023-01,2023,1,1,497,NZ,นิวซีแลนด์,1F,ทวีปออสเตรเลีย,4994441.0,38529.0
2023-01,2023,1,1,296,SA,ซาอุดีอาระเบีย,1A,ทวีปเอเชีย,4124268.0,76728.0
2023-01,2023,1,1,323,IT,อิตาลี,1B,ทวีปยุโรป,4036284.0,71260.0
2023-01,2023,1,1,285,AE,สหรัฐอาหรับเอมิเรตส์,1A,ทวีปเอเชีย,3428685.0,37757.0
2023-01,2023,1,1,279,IN,อินเดีย,1A,ทวีปเอเชีย,3319306.0,58957.0
2023-01,2023,1,1,316,DK,เดนมาร์ก,1B,ทวีปยุโรป,3249315.0,44322.0
2023-01,2023,1,1,302,CN,จีน,1A,ทวีปเอเชีย,2462366.0,43235.0
2023-01,2023,1,1,274,VN,เวียดนาม,1A,ทวีปเอเชีย,2169756.0,38018.0
2023-01,2023,1,1,356,CH,สวิตเซอร์แลนด์,1B,ทวีปยุโรป,2036915.0,36974.0
2023-01,2023,1,1,309,TW,ไต้หวัน,1A,ทวีปเอเชีย,1895049.0,30840.0
2023-01,2023,1,1,366,NO,นอร์เวย์,1B,ทวีปยุโรป,1866140.0,18086.0
2023-01,2023,1,1,303,HK,ฮ่องกง,1A,ทวีปเอเชีย,1801989.0,22004.0
2023-01,2023,1,1,343,PL,โปแลนด์,1B,ทวีปยุโรป,1373373.0,23529.0
2023-01,2023,1,1,321,GR,กรีซ,1B,ทวีปยุโรป,1331155.0,16024.0
2023-01,2023,1,1,322,IE,ไอร์แลนด์,1B,ทวีปยุโรป,1270962.0,9984.0
2023-01,2023,1,1,266,BN,บรูไน,1A,ทวีปเอเชีย,1220823.0,26378.0
2023-01,2023,1,1,351,UA,ยูเครน,1B,ทวีปยุโรป,1174204.0,23315.0
2023-01,2023,1,1,478,ZA,แอฟริกาใต้,1E,ทวีปแอฟริกา,1050989.0,13464.0
2023-01,2023,1,1,291,JO,จอร์แดน,1A,ทวีปเอเชีย,1043344.0,10074.0
2023-01,2023,1,1,337,GE,จอร์เจีย,1A,ทวีปเอเชีย,904314.0,18425.0
2023-01,2023,1,1,318,FI,ฟินแลนด์,1B,ทวีปยุโรป,741496.0,15964.0
2023-01,2023,1,1,365,MT,มอลตา,1B,ทวีปยุโรป,693765.0,17010.0
2023-01,2023,1,1,293,LB,เลบานอน,1A,ทวีปเอเชีย,543416.0,8567.0
2023-01,2023,1,1,287,CY,ไซปรัส,1A,ทวีปเอเชีย,543381.0,10662.0
2023-01,2023,1,1,452,MA,โมร็อกโก,1E,ทวีปแอฟริกา,490930.0,3114.0
2023-01,2023,1,1,336,CZ,สาธารณรัฐเช็ก,1B,ทวีปยุโรป,399350.0,5001.0
2023-01,2023,1,1,463,RE,เรอูนียง,1E,ทวีปแอฟริกา,378184.0,4882.0
2023-01,2023,1,1,410,CL,ชิลี,1D,ทวีปอเมริกาใต้,355726.0,3354.0
2023-01,2023,1,1,486,FJ,ฟิจิ,1F,ทวีปออสเตรเลีย,351054.0,3471.0
2023-01,2023,1,1,272,PH,ฟิลิปปินส์,1A,ทวีปเอเชีย,325800.0,3960.0
2023-01,2023,1,1,312,AT,ออสเตรีย,1B,ทวีปยุโรป,318575.0,5796.0
2023-01,2023,1,1,292,KW,คูเวต,1A,ทวีปเอเชีย,313168.0,6113.0
2023-01,2023,1,1,281,MV,มัลดีฟส์,1A,ทวีปเอเชีย,309492.0,1983.0
2023-01,2023,1,1,313,BE,เบลเยียม,1B,ทวีปยุโรป,308349.0,4379.0
2023-01,2023,1,1,456,MU,มอริเชียส,1E,ทวีปแอฟริกา,269374.0,4675.0
2023-01,2023,1,1,280,LK,ศรีลังกา,1A,ทวีปเอเชีย,260907.0,2894.0
2023-01,2023,1,1,411,CO,โคลอมเบีย,1D,ทวีปอเมริกาใต้,255198.0,2700.0
2023-01,2023,1,1,289,IQ,อิรัก,1A,ทวีปเอเชีย,251326.0,4230.0
2023-01,2023,1,1,277,BD,บังกลาเทศ,1A,ทวีปเอเชีย,248428.0,1615.0
2023-01,2023,1,1,437,EG,อียิปต์,1E,ทวีปแอฟริกา,218687.0,5489.0
2023-01,2023,1,1,333,BG,บัลแกเรีย,1B,ทวีปยุโรป,190768.0,2607.0
2023-01,2023,1,1,267,ID,อินโดนีเซีย,1A,ทวีปเอเชีย,179950.0,417.0
2023-01,2023,1,1,493,NC,นิวแคลีโดเนีย,1F,ทวีปออสเตรเลีย,134710.0,1058.0
2023-01,2023,1,1,294,OM,โอมาน,1A,ทวีปเอเชีย,121198.0,2255.0
2023-01,2023,1,1,308,MO,มาเก๊า,1A,ทวีปเอเชีย,121020.0,1334.0
2023-01,2023,1,1,502,SB,โซโลมอน,1F,ทวีปออสเตรเลีย,97225.0,840.0
2023-01,2023,1,1,499,PG,ปาปัวนิวกินี,1F,ทวีปออสเตรเลีย,62039.0,1188.0
2023-01,2023,1,1,357,EE,เอสโตเนีย,1B,ทวีปยุโรป,60250.0,600.0
2023-01,2023,1,1,326,PT,โปรตุเกส,1B,ทวีปยุโรป,57520.0,343.0
2023-01,2023,1,1,526,WF,หมู่เกาะวาลลิสและฟุตูนา,1F,ทวีปออสเตรเลีย,53210.0,671.0
2023-01,2023,1,1,295,QA,กาตาร์,1A,ทวีปเอเชีย,50134.0,611.0
2023-01,2023,1,1,286,BH,บาห์เรน,1A,ทวีปเอเชีย,36701.0,698.0
2023-01,2023,1,1,362,LT,ลิทัวเนีย,1B,ทวีปยุโรป,23650.0,205.0
2023-01,2023,1,1,453,MG,มาดากัสการ์,1E,ทวีปแอฟริกา,23442.0,396.0
2023-01,2023,1,1,461,NG,ไนจีเรีย,1E,ทวีปแอฟริกา,17288.0,1550.0
2023-01,2023,1,1,465,SC,เซเชลส์,1E,ทวีปแอฟริกา,14210.0,126.0
2023-01,2023,1,1,489,GU,กวม,1F,ทวีปออสเตรเลีย,8122.0,144.0
2023-02,2023,2,1,315,DE,เยอรมนี,1B,ทวีปยุโรป,41291214.0,407751.0
2023-02,2023,2,1,271,MY,มาเลเซีย,1A,ทวีปเอเชีย,37009606.0,493902.0
2023-02,2023,2,1,320,GB,สหราชอาณาจักร,1B,ทวีปยุโรป,24054501.0,368783.0
2023-02,2023,2,1,325,NL,เนเธอร์แลนด์,1B,ทวีปยุโรป,46729393.0,593282.0
2023-02,2023,2,1,306,KR,เกาหลีใต้,1A,ทวีปเอเชีย,17358276.0,329374.0
2023-02,2023,2,1,373,US,สหรัฐอเมริกา,1C,ทวีปอเมริกาเหนือ,20143797.0,283550.0
2023-02,2023,2,1,371,CA,แคนาดา,1C,ทวีปอเมริกาเหนือ,19355371.0,329791.0
2023-02,2023,2,1,269,LA,สปป. ลาว,1A,ทวีปเอเชีย,19659324.0,628032.0
2023-02,2023,2,1,345,RU,รัสเซีย,1B,ทวีปยุโรป,14954279.0,316359.0
2023-02,2023,2,1,483,AU,ออสเตรเลีย,1F,ทวีปออสเตรเลีย,11514454.0,192724.0
2023-02,2023,2,1,327,SE,สวีเดน,1B,ทวีปยุโรป,11063565.0,243246.0
2023-02,2023,2,1,268,KH,กัมพูชา,1A,ทวีปเอเชีย,14243729.0,357881.0
2023-02,2023,2,1,273,SG,สิงคโปร์,1A,ทวีปเอเชีย,9711669.0,196032.0
2023-02,2023,2,1,304,JP,ญี่ปุ่น,1A,ทวีปเอเชีย,10624231.0,114193.0
2023-02,2023,2,1,319,FR,ฝรั่งเศส,1B,ทวีปยุโรป,9057420.0,183359.0
2023-02,2023,2,1,317,ES,สเปน,1B,ทวีปยุโรป,4653547.0,80021.0
2023-02,2023,2,1,298,TR,ตุรกี,1A,ทวีปเอเชีย,6530966.0,87444.0
2023-02,2023,2,1,296,SA,ซาอุดีอาระเบีย,1A,ทวีปเอเชีย,6931926.0,152953.0
2023-02,2023,2,1,270,MM,เมียนมา,1A,ทวีปเอเชีย,4926805.0,111226.0
2023-02,2023,2,1,288,IL,อิสราเอล,1A,ทวีปเอเชีย,5376228.0,119154.0
2023-02,2023,2,1,323,IT,อิตาลี,1B,ทวีปยุโรป,6081064.0,98395.0
2023-02,2023,2,1,302,CN,จีน,1A,ทวีปเอเชีย,7175617.0,150278.0
2023-02,2023,2,1,279,IN,อินเดีย,1A,ทวีปเอเชีย,5368341.0,86281.0
2023-02,2023,2,1,285,AE,สหรัฐอาหรับเอมิเรตส์,1A,ทวีปเอเชีย,4112006.0,38941.0
2023-02,2023,2,1,497,NZ,นิวซีแลนด์,1F,ทวีปออสเตรเลีย,2506199.0,27435.0
2023-02,2023,2,1,322,IE,ไอร์แลนด์,1B,ทวีปยุโรป,5385555.0,51916.0
2023-02,2023,2,1,274,VN,เวียดนาม,1A,ทวีปเอเชีย,4257821.0,67656.0
2023-02,2023,2,1,316,DK,เดนมาร์ก,1B,ทวีปยุโรป,2665731.0,37340.0
2023-02,2023,2,1,366,NO,นอร์เวย์,1B,ทวีปยุโรป,3775336.0,59219.0
2023-02,2023,2,1,309,TW,ไต้หวัน,1A,ทวีปเอเชีย,3633450.0,48851.0
2023-02,2023,2,1,272,PH,ฟิลิปปินส์,1A,ทวีปเอเชีย,4566930.0,58938.0
2023-02,2023,2,1,303,HK,ฮ่องกง,1A,ทวีปเอเชีย,2275720.0,37045.0
2023-02,2023,2,1,321,GR,กรีซ,1B,ทวีปยุโรป,2712351.0,69829.0
2023-02,2023,2,1,318,FI,ฟินแลนด์,1B,ทวีปยุโรป,2447725.0,43029.0
2023-02,2023,2,1,343,PL,โปแลนด์,1B,ทวีปยุโรป,1427977.0,31313.0
2023-02,2023,2,1,372,MX,เม็กซิโก,1C,ทวีปอเมริกาเหนือ,2438438.0,38991.0
2023-02,2023,2,1,356,CH,สวิตเซอร์แลนด์,1B,ทวีปยุโรป,205387.0,2324.0
2023-02,2023,2,1,478,ZA,แอฟริกาใต้,1E,ทวีปแอฟริกา,1118106.0,14973.0
2023-02,2023,2,1,336,CZ,สาธารณรัฐเช็ก,1B,ทวีปยุโรป,1742527.0,24091.0
2023-02,2023,2,1,291,JO,จอร์แดน,1A,ทวีปเอเชีย,1047706.0,15914.0
2023-02,2023,2,1,287,CY,ไซปรัส,1A,ทวีปเอเชีย,1438876.0,26545.0
2023-02,2023,2,1,267,ID,อินโดนีเซีย,1A,ทวีปเอเชีย,1724086.0,22318.0
2023-02,2023,2,1,312,AT,ออสเตรีย,1B,ทวีปยุโรป,1510631.0,33588.0
2023-02,2023,2,1,351,UA,ยูเครน,1B,ทวีปยุโรป,627030.0,4675.0
2023-02,2023,2,1,456,MU,มอริเชียส,1E,ทวีปแอฟริกา,1409493.0,21258.0
2023-02,2023,2,1,266,BN,บรูไน,1A,ทวีปเอเชีย,374422.0,4191.0
2023-02,2023,2,1,292,KW,คูเวต,1A,ทวีปเอเชีย,1220080.0,10882.0
2023-02,2023,2,1,437,EG,อียิปต์,1E,ทวีปแอฟริกา,1314475.0,28299.0
2023-02,2023,2,1,409,BR,บราซิล,1D,ทวีปอเมริกาใต้,1529916.0,17270.0
2023-02,2023,2,1,337,GE,จอร์เจีย,1A,ทวีปเอเชีย,447637.0,7010.0
2023-02,2023,2,1,326,PT,โปรตุเกส,1B,ทวีปยุโรป,1284097.0,30480.0
2023-02,2023,2,1,293,LB,เลบานอน,1A,ทวีปเอเชีย,615202.0,6748.0
2023-02,2023,2,1,389,HN,ฮอนดูรัส,1C,ทวีปอเมริกาเหนือ,703148.0,17526.0
2023-02,2023,2,1,365,MT,มอลตา,1B,ทวีปยุโรป,0.0,0.0
2023-02,2023,2,1,363,LV,ลัตเวีย,1B,ทวีปยุโรป,603089.0,12195.0
2023-02,2023,2,1,452,MA,โมร็อกโก,1E,ทวีปแอฟริกา,0.0,0.0
2023-02,2023,2,1,281,MV,มัลดีฟส์,1A,ทวีปเอเชีย,135916.0,2574.0
2023-02,2023,2,1,277,BD,บังกลาเทศ,1A,ทวีปเอเชีย,184868.0,3342.0
2023-02,2023,2,1,463,RE,เรอูนียง,1E,ทวีปแอฟริกา,42304.0,319.0
2023-02,2023,2,1,294,OM,โอมาน,1A,ทวีปเอเชีย,260420.0,2491.0
2023-02,2023,2,1,410,CL,ชิลี,1D,ทวีปอเมริกาใต้,0.0,0.0
2023-02,2023,2,1,486,FJ,ฟิจิ,1F,ทวีปออสเตรเลีย,0.0,0.0
2023-02,2023,2,1,313,BE,เบลเยียม,1B,ทวีปยุโรป,24249.0,88.0
2023-02,2023,2,1,280,LK,ศรีลังกา,1A,ทวีปเอเชีย,294.0,4.0
2023-02,2023,2,1,411,CO,โคลอมเบีย,1D,ทวีปอเมริกาใต้,0.0,0.0
2023-02,2023,2,1,289,IQ,อิรัก,1A,ทวีปเอเชีย,0.0,0.0
2023-02,2023,2,1,286,BH,บาห์เรน,1A,ทวีปเอเชีย,184445.0,2376.0
2023-02,2023,2,1,453,MG,มาดากัสการ์,1E,ทวีปแอฟริกา,186573.0,3788.0
2023-02,2023,2,1,307,MN,มองโกเลีย,1A,ทวีปเอเชีย,197054.0,1734.0
2023-02,2023,2,1,333,BG,บัลแกเรีย,1B,ทวีปยุโรป,0.0,0.0
2023-02,2023,2,1,493,NC,นิวแคลีโดเนีย,1F,ทวีปออสเตรเลีย,3850.0,79.0
2023-02,2023,2,1,308,MO,มาเก๊า,1A,ทวีปเอเชีย,0.0,0.0
2023-02,2023,2,1,461,NG,ไนจีเรีย,1E,ทวีปแอฟริกา,87028.0,1086.0
2023-02,2023,2,1,502,SB,โซโลมอน,1F,ทวีปออสเตรเลีย,0.0,0.0
2023-02,2023,2,1,360,IS,ไอซ์แลนด์,1B,ทวีปยุโรป,92365.0,1617.0
2023-02,2023,2,1,401,TT,ตรินิแดดและโตเบโก,1C,ทวีปอเมริกาเหนือ,86826.0,845.0
2023-02,2023,2,1,357,EE,เอสโตเนีย,1B,ทวีปยุโรป,26398.0,481.0
2023-02,2023,2,1,527,MK,มาซิโดเนีย,1B,ทวีปยุโรป,69383.0,518.0
2023-02,2023,2,1,420,SR,ซูรินาเม,1D,ทวีปอเมริกาใต้,68766.0,855.0
2023-02,2023,2,1,603,AX,หมู่เกาะโอลันด์,1G,ประเทศอื่น,68359.0,900.0
2023-02,2023,2,1,421,UY,อุรุกวัย,1D,ทวีปอเมริกาใต้,67562.0,696.0
2023-02,2023,2,1,499,PG,ปาปัวนิวกินี,1F,ทวีปออสเตรเลีย,0.0,0.0
2023-02,2023,2,1,526,WF,หมู่เกาะวาลลิสและฟุตูนา,1F,ทวีปออสเตรเลีย,0.0,0.0
2023-02,2023,2,1,295,QA,กาตาร์,1A,ทวีปเอเชีย,0.0,0.0
2023-02,2023,2,1,498,PF,เฟรนช์โปลีนีเซีย,1F,ทวีปออสเตรเลีย,37124.0,324.0
2023-02,2023,2,1,505,VU,วานูอาตู,1F,ทวีปออสเตรเลีย,25353.0,255.0
2023-02,2023,2,1,362,LT,ลิทัวเนีย,1B,ทวีปยุโรป,0.0,0.0
2023-02,2023,2,1,465,SC,เซเชลส์,1E,ทวีปแอฟริกา,0.0,0.0
2023-02,2023,2,1,489,GU,กวม,1F,ทวีปออสเตรเลีย,0.0,0.0
2023-02,2023,2,1,407,AR,อาร์เจนตินา,1D,ทวีปอเมริกาใต้,4442.0,12.0
2023-02,2023,2,1,381,CR,คอสตาริกา,1C,ทวีปอเมริกาเหนือ,163.0,4.0
2023-03,2023,3,1,315,DE,เยอรมนี,1B,ทวีปยุโรป,57917617.0,677038.0
2023-03,2023,3,1,325,NL,เนเธอร์แลนด์,1B,ทวีปยุโรป,60248826.0,681627.0
2023-03,2023,3,1,271,MY,มาเลเซีย,1A,ทวีปเอเชีย,34526589.0,459305.0
2023-03,2023,3,1,320,GB,สหราชอาณาจักร,1B,ทวีปยุโรป,26558063.0,407423.0
2023-03,2023,3,1,345,RU,รัสเซีย,1B,ทวีปยุโรป,30855196.0,644573.0
2023-03,2023,3,1,306,KR,เกาหลีใต้,1A,ทวีปเอเชีย,18809053.0,317280.0
2023-03,2023,3,1,373,US,สหรัฐอเมริกา,1C,ทวีปอเมริกาเหนือ,21172621.0,391788.0
2023-03,2023,3,1,269,LA,สปป. ลาว,1A,ทวีปเอเชีย,16619151.0,387539.0
2023-03,2023,3,1,371,CA,แคนาดา,1C,ทวีปอเมริกาเหนือ,12935301.0,242602.0
2023-03,2023,3,1,327,SE,สวีเดน,1B,ทวีปยุโรป,19635383.0,314947.0
2023-03,2023,3,1,483,AU,ออสเตรเลีย,1F,ทวีปออสเตรเลีย,12204787.0,178991.0
2023-03,2023,3,1,268,KH,กัมพูชา,1A,ทวีปเอเชีย,16099482.0,384228.0
2023-03,2023,3,1,304,JP,ญี่ปุ่น,1A,ทวีปเอเชีย,13098000.0,167183.0
2023-03,2023,3,1,319,FR,ฝรั่งเศส,1B,ทวีปยุโรป,13628398.0,261096.0
2023-03,2023,3,1,273,SG,สิงคโปร์,1A,ทวีปเอเชีย,6242923.0,114475.0
2023-03,2023,3,1,302,CN,จีน,1A,ทวีปเอเชีย,9968226.0,183647.0
2023-03,2023,3,1,288,IL,อิสราเอล,1A,ทวีปเอเชีย,8622176.0,198590.0
2023-03,2023,3,1,298,TR,ตุรกี,1A,ทวีปเอเชีย,6901248.0,94863.0
2023-03,2023,3,1,270,MM,เมียนมา,1A,ทวีปเอเชีย,5711562.0,123213.0
2023-03,2023,3,1,317,ES,สเปน,1B,ทวีปยุโรป,2035586.0,21752.0
2023-03,2023,3,1,323,IT,อิตาลี,1B,ทวีปยุโรป,3806765.0,75857.0
2023-03,2023,3,1,279,IN,อินเดีย,1A,ทวีปเอเชีย,3968032.0,72017.0
2023-03,2023,3,1,296,SA,ซาอุดีอาระเบีย,1A,ทวีปเอเชีย,1318915.0,17142.0
2023-03,2023,3,1,272,PH,ฟิลิปปินส์,1A,ทวีปเอเชีย,7308388.0,89119.0
2023-03,2023,3,1,316,DK,เดนมาร์ก,1B,ทวีปยุโรป,5778551.0,89264.0
2023-03,2023,3,1,497,NZ,นิวซีแลนด์,1F,ทวีปออสเตรเลีย,3776546.0,57179.0
2023-03,2023,3,1,285,AE,สหรัฐอาหรับเอมิเรตส์,1A,ทวีปเอเชีย,3101399.0,29676.0
2023-03,2023,3,1,322,IE,ไอร์แลนด์,1B,ทวีปยุโรป,2784452.0,30388.0
2023-03,2023,3,1,274,VN,เวียดนาม,1A,ทวีปเอเชีย,2866195.0,30026.0
2023-03,2023,3,1,303,HK,ฮ่องกง,1A,ทวีปเอเชีย,3990286.0,60619.0
2023-03,2023,3,1,366,NO,นอร์เวย์,1B,ทวีปยุโรป,2059256.0,18156.0
2023-03,2023,3,1,309,TW,ไต้หวัน,1A,ทวีปเอเชีย,1264137.0,23557.0
2023-03,2023,3,1,372,MX,เม็กซิโก,1C,ทวีปอเมริกาเหนือ,3642969.0,55910.0
2023-03,2023,3,1,321,GR,กรีซ,1B,ทวีปยุโรป,1590708.0,25415.0
2023-03,2023,3,1,318,FI,ฟินแลนด์,1B,ทวีปยุโรป,1957700.0,34256.0
2023-03,2023,3,1,336,CZ,สาธารณรัฐเช็ก,1B,ทวีปยุโรป,2059364.0,32042.0
2023-03,2023,3,1,343,PL,โปแลนด์,1B,ทวีปยุโรป,1266555.0,25934.0
2023-03,2023,3,1,267,ID,อินโดนีเซีย,1A,ทวีปเอเชีย,1584143.0,23777.0
2023-03,2023,3,1,356,CH,สวิตเซอร์แลนด์,1B,ทวีปยุโรป,928796.0,12118.0
2023-03,2023,3,1,456,MU,มอริเชียส,1E,ทวีปแอฟริกา,1353611.0,15330.0
2023-03,2023,3,1,437,EG,อียิปต์,1E,ทวีปแอฟริกา,1483039.0,14283.0
2023-03,2023,3,1,312,AT,ออสเตรีย,1B,ทวีปยุโรป,1048213.0,21929.0
2023-03,2023,3,1,351,UA,ยูเครน,1B,ทวีปยุโรป,900243.0,13122.0
2023-03,2023,3,1,478,ZA,แอฟริกาใต้,1E,ทวีปแอฟริกา,340853.0,4205.0
2023-03,2023,3,1,277,BD,บังกลาเทศ,1A,ทวีปเอเชีย,2023111.0,15060.0
2023-03,2023,3,1,365,MT,มอลตา,1B,ทวีปยุโรป,1659634.0,37921.0
2023-03,2023,3,1,266,BN,บรูไน,1A,ทวีปเอเชีย,629388.0,12634.0
2023-03,2023,3,1,291,JO,จอร์แดน,1A,ทวีปเอเชีย,0.0,0.0
2023-03,2023,3,1,289,IQ,อิรัก,1A,ทวีปเอเชีย,1833679.0,24480.0
2023-03,2023,3,1,287,CY,ไซปรัส,1A,ทวีปเอเชีย,34.0,23.0
2023-03,2023,3,1,307,MN,มองโกเลีย,1A,ทวีปเอเชีย,1490770.0,26367.0
2023-03,2023,3,1,409,BR,บราซิล,1D,ทวีปอเมริกาใต้,149547.0,1213.0
2023-03,2023,3,1,292,KW,คูเวต,1A,ทวีปเอเชีย,117960.0,887.0
2023-03,2023,3,1,411,CO,โคลอมเบีย,1D,ทวีปอเมริกาใต้,1343859.0,17280.0
2023-03,2023,3,1,363,LV,ลัตเวีย,1B,ทวีปยุโรป,917083.0,12382.0
2023-03,2023,3,1,337,GE,จอร์เจีย,1A,ทวีปเอเชีย,95498.0,1020.0
2023-03,2023,3,1,357,EE,เอสโตเนีย,1B,ทวีปยุโรป,1274657.0,7781.0
2023-03,2023,3,1,326,PT,โปรตุเกส,1B,ทวีปยุโรป,0.0,0.0
2023-03,2023,3,1,293,LB,เลบานอน,1A,ทวีปเอเชีย,61375.0,1146.0
2023-03,2023,3,1,452,MA,โมร็อกโก,1E,ทวีปแอฟริกา,694924.0,9324.0
2023-03,2023,3,1,286,BH,บาห์เรน,1A,ทวีปเอเชีย,819143.0,15439.0
2023-03,2023,3,1,463,RE,เรอูนียง,1E,ทวีปแอฟริกา,574646.0,5628.0
2023-03,2023,3,1,344,RO,โรมาเนีย,1B,ทวีปยุโรป,920552.0,12661.0
2023-03,2023,3,1,389,HN,ฮอนดูรัส,1C,ทวีปอเมริกาเหนือ,0.0,0.0
2023-03,2023,3,1,294,OM,โอมาน,1A,ทวีปเอเชีย,264942.0,5189.0
2023-03,2023,3,1,331,AM,อาร์เมเนีย,1A,ทวีปเอเชีย,593641.0,11534.0
2023-03,2023,3,1,281,MV,มัลดีฟส์,1A,ทวีปเอเชีย,147627.0,4907.0
2023-03,2023,3,1,410,CL,ชิลี,1D,ทวีปอเมริกาใต้,157980.0,1433.0
2023-03,2023,3,1,339,HU,ฮังการี,1B,ทวีปยุโรป,425709.0,4197.0
2023-03,2023,3,1,486,FJ,ฟิจิ,1F,ทวีปออสเตรเลีย,0.0,0.0
2023-03,2023,3,1,313,BE,เบลเยียม,1B,ทวีปยุโรป,62.0,1.0
2023-03,2023,3,1,280,LK,ศรีลังกา,1A,ทวีปเอเชีย,0.0,0.0
2023-03,2023,3,1,397,PA,ปานามา,1C,ทวีปอเมริกาเหนือ,252491.0,1980.0
2023-03,2023,3,1,381,CR,คอสตาริกา,1C,ทวีปอเมริกาเหนือ,247916.0,5299.0
2023-03,2023,3,1,360,IS,ไอซ์แลนด์,1B,ทวีปยุโรป,125900.0,1050.0
2023-03,2023,3,1,453,MG,มาดากัสการ์,1E,ทวีปแอฟริกา,0.0,0.0
2023-03,2023,3,1,493,NC,นิวแคลีโดเนีย,1F,ทวีปออสเตรเลีย,57726.0,529.0
2023-03,2023,3,1,333,BG,บัลแกเรีย,1B,ทวีปยุโรป,0.0,0.0
2023-03,2023,3,1,308,MO,มาเก๊า,1A,ทวีปเอเชีย,51200.0,461.0
2023-03,2023,3,1,447,KE,เคนยา,1E,ทวีปแอฟริกา,163079.0,2024.0
2023-03,2023,3,1,499,PG,ปาปัวนิวกินี,1F,ทวีปออสเตรเลีย,86525.0,1934.0
2023-03,2023,3,1,461,NG,ไนจีเรีย,1E,ทวีปแอฟริกา,30688.0,600.0
2023-03,2023,3,1,295,QA,กาตาร์,1A,ทวีปเอเชีย,58886.0,543.0
2023-03,2023,3,1,502,SB,โซโลมอน,1F,ทวีปออสเตรเลีย,0.0,0.0
2023-03,2023,3,1,401,TT,ตรินิแดดและโตเบโก,1C,ทวีปอเมริกาเหนือ,0.0,0.0
2023-03,2023,3,1,492,MP,เกาะมาเรียนาเหนือ,1F,ทวีปออสเตรเลีย,83981.0,1080.0
2023-03,2023,3,1,527,MK,มาซิโดเนีย,1B,ทวีปยุโรป,0.0,0.0
2023-03,2023,3,1,420,SR,ซูรินาเม,1D,ทวีปอเมริกาใต้,0.0,0.0
2023-03,2023,3,1,603,AX,หมู่เกาะโอลันด์,1G,ประเทศอื่น,0.0,0.0
2023-03,2023,3,1,421,UY,อุรุกวัย,1D,ทวีปอเมริกาใต้,0.0,0.0
2023-03,2023,3,1,506,WS,ซามัวตะวันตก,1F,ทวีปออสเตรเลีย,56884.0,559.0
2023-03,2023,3,1,526,WF,หมู่เกาะวาลลิสและฟุตูนา,1F,ทวีปออสเตรเลีย,0.0,0.0
2023-03,2023,3,1,498,PF,เฟรนช์โปลีนีเซีย,1F,ทวีปออสเตรเลีย,0.0,0.0
2023-03,2023,3,1,505,VU,วานูอาตู,1F,ทวีปออสเตรเลีย,0.0,0.0
2023-03,2023,3,1,362,LT,ลิทัวเนีย,1B,ทวีปยุโรป,0.0,0.0
2023-03,2023,3,1,501,PW,ปาลัว,1F,ทวีปออสเตรเลีย,16473.0,139.0
2023-03,2023,3,1,465,SC,เซเชลส์,1E,ทวีปแอฟริกา,0.0,0.0
2023-03,2023,3,1,346,SI,สโลวีเนีย,1B,ทวีปยุโรป,9624.0,91.0
2023-03,2023,3,1,489,GU,กวม,1F,ทวีปออสเตรเลีย,0.0,0.0
2023-03,2023,3,1,407,AR,อาร์เจนตินา,1D,ทวีปอเมริกาใต้,0.0,0.0
2023-04,2023,4,2,315,DE,เยอรมนี,1B,ทวีปยุโรป,47736346.0,649041.0
2023-04,2023,4,2,325,NL,เนเธอร์แลนด์,1B,ทวีปยุโรป,26459678.0,372636.0
2023-04,2023,4,2,320,GB,สหราชอาณาจักร,1B,ทวีปยุโรป,40026814.0,590914.0
2023-04,2023,4,2,271,MY,มาเลเซีย,1A,ทวีปเอเชีย,22746973.0,287574.0
2023-04,2023,4,2,373,US,สหรัฐอเมริกา,1C,ทวีปอเมริกาเหนือ,49098801.0,639564.0
2023-04,2023,4,2,306,KR,เกาหลีใต้,1A,ทวีปเอเชีย,24557792.0,422907.0
2023-04,2023,4,2,345,RU,รัสเซีย,1B,ทวีปยุโรป,16323076.0,280378.0
2023-04,2023,4,2,327,SE,สวีเดน,1B,ทวีปยุโรป,20926275.0,353236.0
2023-04,2023,4,2,269,LA,สปป. ลาว,1A,ทวีปเอเชีย,8590093.0,197246.0
2023-04,2023,4,2,371,CA,แคนาดา,1C,ทวีปอเมริกาเหนือ,8456427.0,158792.0
2023-04,2023,4,2,268,KH,กัมพูชา,1A,ทวีปเอเชีย,10393627.0,248781.0
2023-04,2023,4,2,483,AU,ออสเตรเลีย,1F,ทวีปออสเตรเลีย,9557722.0,163932.0
2023-04,2023,4,2,319,FR,ฝรั่งเศส,1B,ทวีปยุโรป,13148543.0,230425.0
2023-04,2023,4,2,273,SG,สิงคโปร์,1A,ทวีปเอเชีย,9267962.0,159449.0
2023-04,2023,4,2,304,JP,ญี่ปุ่น,1A,ทวีปเอเชีย,3891043.0,67447.0
2023-04,2023,4,2,288,IL,อิสราเอล,1A,ทวีปเอเชีย,13335827.0,294459.0
2023-04,2023,4,2,302,CN,จีน,1A,ทวีปเอเชีย,11723188.0,209544.0
2023-04,2023,4,2,270,MM,เมียนมา,1A,ทวีปเอเชีย,3855977.0,93849.0
2023-04,2023,4,2,296,SA,ซาอุดีอาระเบีย,1A,ทวีปเอเชีย,7907560.0,163573.0
2023-04,2023,4,2,317,ES,สเปน,1B,ทวีปยุโรป,4718619.0,83598.0
2023-04,2023,4,2,298,TR,ตุรกี,1A,ทวีปเอเชีย,604373.0,10596.0
2023-04,2023,4,2,323,IT,อิตาลี,1B,ทวีปยุโรป,5436485.0,81181.0
2023-04,2023,4,2,279,IN,อินเดีย,1A,ทวีปเอเชีย,6610147.0,103945.0
2023-04,2023,4,2,316,DK,เดนมาร์ก,1B,ทวีปยุโรป,5895562.0,80860.0
2023-04,2023,4,2,285,AE,สหรัฐอาหรับเอมิเรตส์,1A,ทวีปเอเชีย,5704688.0,56439.0
2023-04,2023,4,2,272,PH,ฟิลิปปินส์,1A,ทวีปเอเชีย,3640368.0,46343.0
2023-04,2023,4,2,497,NZ,นิวซีแลนด์,1F,ทวีปออสเตรเลีย,2197081.0,24092.0
2023-04,2023,4,2,303,HK,ฮ่องกง,1A,ทวีปเอเชีย,2764604.0,43254.0
2023-04,2023,4,2,274,VN,เวียดนาม,1A,ทวีปเอเชีย,1086931.0,16392.0
2023-04,2023,4,2,309,TW,ไต้หวัน,1A,ทวีปเอเชีย,3290633.0,61597.0
2023-04,2023,4,2,322,IE,ไอร์แลนด์,1B,ทวีปยุโรป,405585.0,6343.0
2023-04,2023,4,2,366,NO,นอร์เวย์,1B,ทวีปยุโรป,2083048.0,35049.0
2023-04,2023,4,2,318,FI,ฟินแลนด์,1B,ทวีปยุโรป,2975844.0,26843.0
2023-04,2023,4,2,372,MX,เม็กซิโก,1C,ทวีปอเมริกาเหนือ,1486510.0,18231.0
2023-04,2023,4,2,343,PL,โปแลนด์,1B,ทวีปยุโรป,2361190.0,42298.0
2023-04,2023,4,2,321,GR,กรีซ,1B,ทวีปยุโรป,356714.0,4851.0
2023-04,2023,4,2,312,AT,ออสเตรีย,1B,ทวีปยุโรป,2934954.0,62418.0
2023-04,2023,4,2,336,CZ,สาธารณรัฐเช็ก,1B,ทวีปยุโรป,695394.0,7800.0
2023-04,2023,4,2,478,ZA,แอฟริกาใต้,1E,ทวีปแอฟริกา,1878500.0,28473.0
2023-04,2023,4,2,267,ID,อินโดนีเซีย,1A,ทวีปเอเชีย,231917.0,1878.0
2023-04,2023,4,2,307,MN,มองโกเลีย,1A,ทวีปเอเชีย,1758102.0,30323.0
2023-04,2023,4,2,356,CH,สวิตเซอร์แลนด์,1B,ทวีปยุโรป,204798.0,3051.0
2023-04,2023,4,2,456,MU,มอริเชียส,1E,ทวีปแอฟริกา,0.0,0.0
2023-04,2023,4,2,437,EG,อียิปต์,1E,ทวีปแอฟริกา,0.0,0.0
2023-04,2023,4,2,351,UA,ยูเครน,1B,ทวีปยุโรป,307451.0,3375.0
2023-04,2023,4,2,277,BD,บังกลาเทศ,1A,ทวีปเอเชีย,397811.0,4182.0
2023-04,2023,4,2,365,MT,มอลตา,1B,ทวีปยุโรป,495701.0,7348.0
2023-04,2023,4,2,287,CY,ไซปรัส,1A,ทวีปเอเชีย,687916.0,13024.0
2023-04,2023,4,2,409,BR,บราซิล,1D,ทวีปอเมริกาใต้,981601.0,17264.0
2023-04,2023,4,2,289,IQ,อิรัก,1A,ทวีปเอเชีย,523790.0,11142.0
2023-04,2023,4,2,291,JO,จอร์แดน,1A,ทวีปเอเชีย,489730.0,6245.0
2023-04,2023,4,2,266,BN,บรูไน,1A,ทวีปเอเชีย,0.0,0.0
2023-04,2023,4,2,326,PT,โปรตุเกส,1B,ทวีปยุโรป,804518.0,19440.0
2023-04,2023,4,2,292,KW,คูเวต,1A,ทวีปเอเชีย,427032.0,3068.0
2023-04,2023,4,2,451,LY,ลิเบีย,1E,ทวีปแอฟริกา,1788605.0,12901.0
2023-04,2023,4,2,344,RO,โรมาเนีย,1B,ทวีปยุโรป,859750.0,6492.0
2023-04,2023,4,2,293,LB,เลบานอน,1A,ทวีปเอเชีย,467767.0,10124.0
2023-04,2023,4,2,411,CO,โคลอมเบีย,1D,ทวีปอเมริกาใต้,0.0,0.0
2023-04,2023,4,2,363,LV,ลัตเวีย,1B,ทวีปยุโรป,0.0,0.0
2023-04,2023,4,2,357,EE,เอสโตเนีย,1B,ทวีปยุโรป,89345.0,1104.0
2023-04,2023,4,2,337,GE,จอร์เจีย,1A,ทวีปเอเชีย,0.0,0.0
2023-04,2023,4,2,389,HN,ฮอนดูรัส,1C,ทวีปอเมริกาเหนือ,662840.0,14545.0
2023-04,2023,4,2,286,BH,บาห์เรน,1A,ทวีปเอเชีย,271535.0,3754.0
2023-04,2023,4,2,452,MA,โมร็อกโก,1E,ทวีปแอฟริกา,0.0,0.0
2023-04,2023,4,2,463,RE,เรอูนียง,1E,ทวีปแอฟริกา,59594.0,1112.0
2023-04,2023,4,2,313,BE,เบลเยียม,1B,ทวีปยุโรป,334213.0,1908.0
2023-04,2023,4,2,294,OM,โอมาน,1A,ทวีปเอเชีย,0.0,0.0
2023-04,2023,4,2,281,MV,มัลดีฟส์,1A,ทวีปเอเชีย,7939.0,36.0
2023-04,2023,4,2,280,LK,ศรีลังกา,1A,ทวีปเอเชีย,338009.0,3710.0
2023-04,2023,4,2,331,AM,อาร์เมเนีย,1A,ทวีปเอเชีย,34.0,1.0
2023-04,2023,4,2,498,PF,เฟรนช์โปลีนีเซีย,1F,ทวีปออสเตรเลีย,490285.0,9146.0
2023-04,2023,4,2,410,CL,ชิลี,1D,ทวีปอเมริกาใต้,0.0,0.0
2023-04,2023,4,2,420,SR,ซูรินาเม,1D,ทวีปอเมริกาใต้,412181.0,7668.0
2023-04,2023,4,2,486,FJ,ฟิจิ,1F,ทวีปออสเตรเลีย,93399.0,900.0
2023-04,2023,4,2,339,HU,ฮังการี,1B,ทวีปยุโรป,0.0,0.0
2023-04,2023,4,2,295,QA,กาตาร์,1A,ทวีปเอเชีย,301180.0,2126.0
2023-04,2023,4,2,401,TT,ตรินิแดดและโตเบโก,1C,ทวีปอเมริกาเหนือ,303256.0,2799.0
2023-04,2023,4,2,493,NC,นิวแคลีโดเนีย,1F,ทวีปออสเตรเลีย,105412.0,870.0
2023-04,2023,4,2,397,PA,ปานามา,1C,ทวีปอเมริกาเหนือ,0.0,0.0
2023-04,2023,4,2,308,MO,มาเก๊า,1A,ทวีปเอเชีย,76000.0,605.0
2023-04,2023,4,2,381,CR,คอสตาริกา,1C,ทวีปอเมริกาเหนือ,0.0,0.0
2023-04,2023,4,2,360,IS,ไอซ์แลนด์,1B,ทวีปยุโรป,68.0,1.0
2023-04,2023,4,2,453,MG,มาดากัสการ์,1E,ทวีปแอฟริกา,0.0,0.0
2023-04,2023,4,2,461,NG,ไนจีเรีย,1E,ทวีปแอฟริกา,66604.0,1260.0
2023-04,2023,4,2,333,BG,บัลแกเรีย,1B,ทวีปยุโรป,0.0,0.0
2023-04,2023,4,2,332,AZ,อาเซอร์ไบจาน,1A,ทวีปเอเชีย,188495.0,3645.0
2023-04,2023,4,2,447,KE,เคนยา,1E,ทวีปแอฟริกา,0.0,0.0
2023-04,2023,4,2,499,PG,ปาปัวนิวกินี,1F,ทวีปออสเตรเลีย,0.0,0.0
2023-04,2023,4,2,290,IR,อิหร่าน,1A,ทวีปเอเชีย,147608.0,2118.0
2023-04,2023,4,2,492,MP,เกาะมาเรียนาเหนือ,1F,ทวีปออสเตรเลีย,30261.0,662.0
2023-04,2023,4,2,502,SB,โซโลมอน,1F,ทวีปออสเตรเลีย,0.0,0.0
2023-04,2023,4,2,527,MK,มาซิโดเนีย,1B,ทวีปยุโรป,0.0,0.0
2023-04,2023,4,2,603,AX,หมู่เกาะโอลันด์,1G,ประเทศอื่น,0.0,0.0
2023-04,2023,4,2,421,UY,อุรุกวัย,1D,ทวีปอเมริกาใต้,0.0,0.0
2023-04,2023,4,2,506,WS,ซามัวตะวันตก,1F,ทวีปออสเตรเลีย,0.0,0.0
2023-04,2023,4,2,526,WF,หมู่เกาะวาลลิสและฟุตูนา,1F,ทวีปออสเตรเลีย,0.0,0.0
2023-04,2023,4,2,282,NP,เนปาล,1A,ทวีปเอเชีย,43172.0,122.0
2023-04,2023,4,2,505,VU,วานูอาตู,1F,ทวีปออสเตรเลีย,0.0,0.0
2023-04,2023,4,2,362,LT,ลิทัวเนีย,1B,ทวีปยุโรป,0.0,0.0
2023-04,2023,4,2,501,PW,ปาลัว,1F,ทวีปออสเตรเลีย,0.0,0.0
2023-04,2023,4,2,465,SC,เซเชลส์,1E,ทวีปแอฟริกา,0.0,0.0
2023-04,2023,4,2,346,SI,สโลวีเนีย,1B,ทวีปยุโรป,0.0,0.0
2023-04,2023,4,2,489,GU,กวม,1F,ทวีปออสเตรเลีย,0.0,0.0
2023-04,2023,4,2,407,AR,อาร์เจนตินา,1D,ทวีปอเมริกาใต้,0.0,0.0
2023-05,2023,5,2,315,DE,เยอรมนี,1B,ทวีปยุโรป,56844869.0,701312.0
2023-05,2023,5,2,373,US,สหรัฐอเมริกา,1C,ทวีปอเมริกาเหนือ,94871071.0,1222287.0
2023-05,2023,5,2,325,NL,เนเธอร์แลนด์,1B,ทวีปยุโรป,44673030.0,534525.0
2023-05,2023,5,2,271,MY,มาเลเซีย,1A,ทวีปเอเชีย,32925508.0,433602.0
2023-05,2023,5,2,320,GB,สหราชอาณาจักร,1B,ทวีปยุโรป,24250492.0,373384.0
2023-05,2023,5,2,306,KR,เกาหลีใต้,1A,ทวีปเอเชีย,29906350.0,515026.0
2023-05,2023,5,2,345,RU,รัสเซีย,1B,ทวีปยุโรป,10438518.0,151711.0
2023-05,2023,5,2,327,SE,สวีเดน,1B,ทวีปยุโรป,15810342.0,293726.0
2023-05,2023,5,2,371,CA,แคนาดา,1C,ทวีปอเมริกาเหนือ,26472628.0,500538.0
2023-05,2023,5,2,269,LA,สปป. ลาว,1A,ทวีปเอเชีย,21126554.0,722853.0
2023-05,2023,5,2,268,KH,กัมพูชา,1A,ทวีปเอเชีย,14858289.0,341423.0
2023-05,2023,5,2,483,AU,ออสเตรเลีย,1F,ทวีปออสเตรเลีย,12349585.0,201751.0
2023-05,2023,5,2,319,FR,ฝรั่งเศส,1B,ทวีปยุโรป,17008612.0,323769.0
2023-05,2023,5,2,304,JP,ญี่ปุ่น,1A,ทวีปเอเชีย,12611731.0,195459.0
2023-05,2023,5,2,273,SG,สิงคโปร์,1A,ทวีปเอเชีย,9197122.0,163439.0
2023-05,2023,5,2,302,CN,จีน,1A,ทวีปเอเชีย,11066013.0,162566.0
2023-05,2023,5,2,288,IL,อิสราเอล,1A,ทวีปเอเชีย,9140926.0,191008.0
2023-05,2023,5,2,323,IT,อิตาลี,1B,ทวีปยุโรป,12142379.0,237278.0
2023-05,2023,5,2,317,ES,สเปน,1B,ทวีปยุโรป,9525199.0,153880.0
2023-05,2023,5,2,298,TR,ตุรกี,1A,ทวีปเอเชีย,7321206.0,111281.0
2023-05,2023,5,2,279,IN,อินเดีย,1A,ทวีปเอเชีย,7085224.0,121471.0
2023-05,2023,5,2,270,MM,เมียนมา,1A,ทวีปเอเชีย,5478135.0,119807.0
2023-05,2023,5,2,285,AE,สหรัฐอาหรับเอมิเรตส์,1A,ทวีปเอเชีย,8932965.0,104799.0
2023-05,2023,5,2,272,PH,ฟิลิปปินส์,1A,ทวีปเอเชีย,6155615.0,71938.0
2023-05,2023,5,2,316,DK,เดนมาร์ก,1B,ทวีปยุโรป,4025953.0,68919.0
2023-05,2023,5,2,296,SA,ซาอุดีอาระเบีย,1A,ทวีปเอเชีย,811783.0,23452.0
2023-05,2023,5,2,497,NZ,นิวซีแลนด์,1F,ทวีปออสเตรเลีย,4084640.0,41490.0
2023-05,2023,5,2,366,NO,นอร์เวย์,1B,ทวีปยุโรป,6723679.0,71200.0
2023-05,2023,5,2,309,TW,ไต้หวัน,1A,ทวีปเอเชีย,4695319.0,86107.0
2023-05,2023,5,2,303,HK,ฮ่องกง,1A,ทวีปเอเชีย,3823779.0,67151.0
2023-05,2023,5,2,274,VN,เวียดนาม,1A,ทวีปเอเชีย,3101436.0,28817.0
2023-05,2023,5,2,322,IE,ไอร์แลนด์,1B,ทวีปยุโรป,1348942.0,15844.0
2023-05,2023,5,2,372,MX,เม็กซิโก,1C,ทวีปอเมริกาเหนือ,2260179.0,27035.0
2023-05,2023,5,2,318,FI,ฟินแลนด์,1B,ทวีปยุโรป,526434.0,5467.0
2023-05,2023,5,2,343,PL,โปแลนด์,1B,ทวีปยุโรป,1983835.0,23089.0
2023-05,2023,5,2,312,AT,ออสเตรีย,1B,ทวีปยุโรป,2596606.0,51220.0
2023-05,2023,5,2,321,GR,กรีซ,1B,ทวีปยุโรป,2266967.0,26828.0
2023-05,2023,5,2,478,ZA,แอฟริกาใต้,1E,ทวีปแอฟริกา,3456013.0,41356.0
2023-05,2023,5,2,356,CH,สวิตเซอร์แลนด์,1B,ทวีปยุโรป,4102701.0,43519.0
2023-05,2023,5,2,267,ID,อินโดนีเซีย,1A,ทวีปเอเชีย,2815598.0,37131.0
2023-05,2023,5,2,336,CZ,สาธารณรัฐเช็ก,1B,ทวีปยุโรป,989767.0,18843.0
2023-05,2023,5,2,277,BD,บังกลาเทศ,1A,ทวีปเอเชีย,1645085.0,12072.0
2023-05,2023,5,2,456,MU,มอริเชียส,1E,ทวีปแอฟริกา,1367493.0,24100.0
2023-05,2023,5,2,351,UA,ยูเครน,1B,ทวีปยุโรป,872220.0,14772.0
2023-05,2023,5,2,307,MN,มองโกเลีย,1A,ทวีปเอเชีย,105135.0,933.0
2023-05,2023,5,2,326,PT,โปรตุเกส,1B,ทวีปยุโรป,1387282.0,30480.0
2023-05,2023,5,2,437,EG,อียิปต์,1E,ทวีปแอฟริกา,510482.0,5124.0
2023-05,2023,5,2,409,BR,บราซิล,1D,ทวีปอเมริกาใต้,469204.0,3822.0
2023-05,2023,5,2,266,BN,บรูไน,1A,ทวีปเอเชีย,852806.0,16583.0
2023-05,2023,5,2,365,MT,มอลตา,1B,ทวีปยุโรป,190897.0,2857.0
2023-05,2023,5,2,287,CY,ไซปรัส,1A,ทวีปเอเชีย,6551.0,46.0
2023-05,2023,5,2,337,GE,จอร์เจีย,1A,ทวีปเอเชีย,1205853.0,16271.0
2023-05,2023,5,2,289,IQ,อิรัก,1A,ทวีปเอเชีย,0.0,0.0
2023-05,2023,5,2,292,KW,คูเวต,1A,ทวีปเอเชีย,526681.0,8669.0
2023-05,2023,5,2,291,JO,จอร์แดน,1A,ทวีปเอเชีย,0.0,0.0
2023-05,2023,5,2,451,LY,ลิเบีย,1E,ทวีปแอฟริกา,0.0,0.0
2023-05,2023,5,2,344,RO,โรมาเนีย,1B,ทวีปยุโรป,0.0,0.0
2023-05,2023,5,2,389,HN,ฮอนดูรัส,1C,ทวีปอเมริกาเหนือ,388827.0,7495.0
2023-05,2023,5,2,411,CO,โคลอมเบีย,1D,ทวีปอเมริกาใต้,135446.0,1500.0
2023-05,2023,5,2,293,LB,เลบานอน,1A,ทวีปเอเชีย,0.0,0.0
2023-05,2023,5,2,339,HU,ฮังการี,1B,ทวีปยุโรป,1224300.0,11778.0
2023-05,2023,5,2,363,LV,ลัตเวีย,1B,ทวีปยุโรป,0.0,0.0
2023-05,2023,5,2,286,BH,บาห์เรน,1A,ทวีปเอเชีย,205316.0,4213.0
2023-05,2023,5,2,357,EE,เอสโตเนีย,1B,ทวีปยุโรป,49097.0,480.0
2023-05,2023,5,2,452,MA,โมร็อกโก,1E,ทวีปแอฟริกา,202128.0,2239.0
2023-05,2023,5,2,463,RE,เรอูนียง,1E,ทวีปแอฟริกา,272478.0,3052.0
2023-05,2023,5,2,332,AZ,อาเซอร์ไบจาน,1A,ทวีปเอเชีย,725592.0,15897.0
2023-05,2023,5,2,281,MV,มัลดีฟส์,1A,ทวีปเอเชีย,288226.0,6467.0
2023-05,2023,5,2,410,CL,ชิลี,1D,ทวีปอเมริกาใต้,264212.0,3001.0
2023-05,2023,5,2,295,QA,กาตาร์,1A,ทวีปเอเชีย,354303.0,4288.0
2023-05,2023,5,2,313,BE,เบลเยียม,1B,ทวีปยุโรป,89432.0,250.0
2023-05,2023,5,2,333,BG,บัลแกเรีย,1B,ทวีปยุโรป,503982.0,6091.0
2023-05,2023,5,2,486,FJ,ฟิจิ,1F,ทวีปออสเตรเลีย,221763.0,5000.0
2023-05,2023,5,2,294,OM,โอมาน,1A,ทวีปเอเชีย,0.0,0.0
2023-05,2023,5,2,280,LK,ศรีลังกา,1A,ทวีปเอเชีย,0.0,0.0
2023-05,2023,5,2,331,AM,อาร์เมเนีย,1A,ทวีปเอเชีย,0.0,0.0
2023-05,2023,5,2,384,DO,สาธารณรัฐโดมินิกัน,1C,ทวีปอเมริกาเหนือ,562575.0,8605.0
2023-05,2023,5,2,498,PF,เฟรนช์โปลีนีเซีย,1F,ทวีปออสเตรเลีย,0.0,0.0
2023-05,2023,5,2,420,SR,ซูรินาเม,1D,ทวีปอเมริกาใต้,0.0,0.0
2023-05,2023,5,2,447,KE,เคนยา,1E,ทวีปแอฟริกา,244452.0,2943.0
2023-05,2023,5,2,401,TT,ตรินิแดดและโตเบโก,1C,ทวีปอเมริกาเหนือ,0.0,0.0
2023-05,2023,5,2,308,MO,มาเก๊า,1A,ทวีปเอเชีย,126275.0,2162.0
2023-05,2023,5,2,493,NC,นิวแคลีโดเนีย,1F,ทวีปออสเตรเลีย,4196.0,40.0
2023-05,2023,5,2,461,NG,ไนจีเรีย,1E,ทวีปแอฟริกา,59364.0,1315.0
2023-05,2023,5,2,397,PA,ปานามา,1C,ทวีปอเมริกาเหนือ,0.0,0.0
2023-05,2023,5,2,346,SI,สโลวีเนีย,1B,ทวีปยุโรป,240187.0,1440.0
2023-05,2023,5,2,381,CR,คอสตาริกา,1C,ทวีปอเมริกาเหนือ,0.0,0.0
2023-05,2023,5,2,360,IS,ไอซ์แลนด์,1B,ทวีปยุโรป,0.0,0.0
2023-05,2023,5,2,453,MG,มาดากัสการ์,1E,ทวีปแอฟริกา,0.0,0.0
2023-05,2023,5,2,283,PK,ปากีสถาน,1A,ทวีปเอเชีย,207208.0,3058.0
2023-05,2023,5,2,499,PG,ปาปัวนิวกินี,1F,ทวีปออสเตรเลีย,0.0,0.0
2023-05,2023,5,2,290,IR,อิหร่าน,1A,ทวีปเอเชีย,0.0,0.0
2023-05,2023,5,2,502,SB,โซโลมอน,1F,ทวีปออสเตรเลีย,28897.0,270.0
2023-05,2023,5,2,489,GU,กวม,1F,ทวีปออสเตรเลีย,115046.0,1234.0
2023-05,2023,5,2,492,MP,เกาะมาเรียนาเหนือ,1F,ทวีปออสเตรเลีย,0.0,0.0
2023-05,2023,5,2,526,WF,หมู่เกาะวาลลิสและฟุตูนา,1F,ทวีปออสเตรเลีย,55696.0,703.0
2023-05,2023,5,2,362,LT,ลิทัวเนีย,1B,ทวีปยุโรป,85178.0,749.0
2023-05,2023,5,2,441,GH,กานา,1E,ทวีปแอฟริกา,108478.0,718.0
2023-05,2023,5,2,469,SN,เซเนกัล,1E,ทวีปแอฟริกา,71902.0,855.0
2023-05,2023,5,2,527,MK,มาซิโดเนีย,1B,ทวีปยุโรป,0.0,0.0
2023-05,2023,5,2,603,AX,หมู่เกาะโอลันด์,1G,ประเทศอื่น,0.0,0.0
2023-05,2023,5,2,421,UY,อุรุกวัย,1D,ทวีปอเมริกาใต้,0.0,0.0
2023-05,2023,5,2,506,WS,ซามัวตะวันตก,1F,ทวีปออสเตรเลีย,0.0,0.0
2023-05,2023,5,2,505,VU,วานูอาตู,1F,ทวีปออสเตรเลีย,24627.0,241.0
2023-05,2023,5,2,414,GF,เฟรนช์เกียนา,1D,ทวีปอเมริกาใต้,49742.0,897.0
2023-05,2023,5,2,282,NP,เนปาล,1A,ทวีปเอเชีย,0.0,0.0
2023-05,2023,5,2,501,PW,ปาลัว,1F,ทวีปออสเตรเลีย,0.0,0.0
2023-05,2023,5,2,465,SC,เซเชลส์,1E,ทวีปแอฟริกา,0.0,0.0
2023-05,2023,5,2,407,AR,อาร์เจนตินา,1D,ทวีปอเมริกาใต้,0.0,0.0
2023-06,2023,6,2,373,US,สหรัฐอเมริกา,1C,ทวีปอเมริกาเหนือ,113135289.0,1361248.0
2023-06,2023,6,2,315,DE,เยอรมนี,1B,ทวีปยุโรป,59084847.0,633789.0
2023-06,2023,6,2,325,NL,เนเธอร์แลนด์,1B,ทวีปยุโรป,44574514.0,596461.0
2023-06,2023,6,2,320,GB,สหราชอาณาจักร,1B,ทวีปยุโรป,50448020.0,684281.0
2023-06,2023,6,2,271,MY,มาเลเซีย,1A,ทวีปเอเชีย,38114658.0,489032.0
2023-06,2023,6,2,306,KR,เกาหลีใต้,1A,ทวีปเอเชีย,21346935.0,336514.0
2023-06,2023,6,2,371,CA,แคนาดา,1C,ทวีปอเมริกาเหนือ,39721244.0,694025.0
2023-06,2023,6,2,345,RU,รัสเซีย,1B,ทวีปยุโรป,24308424.0,472362.0
2023-06,2023,6,2,327,SE,สวีเดน,1B,ทวีปยุโรป,18307987.0,367706.0
2023-06,2023,6,2,269,LA,สปป. ลาว,1A,ทวีปเอเชีย,13373597.0,418623.0
2023-06,2023,6,2,483,AU,ออสเตรเลีย,1F,ทวีปออสเตรเลีย,19294217.0,295370.0
2023-06,2023,6,2,268,KH,กัมพูชา,1A,ทวีปเอเชีย,9231041.0,235088.0
2023-06,2023,6,2,319,FR,ฝรั่งเศส,1B,ทวีปยุโรป,8371845.0,153882.0
2023-06,2023,6,2,304,JP,ญี่ปุ่น,1A,ทวีปเอเชีย,14841934.0,187729.0
2023-06,2023,6,2,302,CN,จีน,1A,ทวีปเอเชีย,16097141.0,258806.0
2023-06,2023,6,2,273,SG,สิงคโปร์,1A,ทวีปเอเชีย,10015345.0,192945.0
2023-06,2023,6,2,288,IL,อิสราเอล,1A,ทวีปเอเชีย,5043679.0,96520.0
2023-06,2023,6,2,323,IT,อิตาลี,1B,ทวีปยุโรป,4066649.0,52550.0
2023-06,2023,6,2,279,IN,อินเดีย,1A,ทวีปเอเชีย,7821041.0,141778.0
2023-06,2023,6,2,317,ES,สเปน,1B,ทวีปยุโรป,3819906.0,77695.0
2023-06,2023,6,2,298,TR,ตุรกี,1A,ทวีปเอเชีย,3441100.0,53704.0
2023-06,2023,6,2,270,MM,เมียนมา,1A,ทวีปเอเชีย,4389163.0,116623.0
2023-06,2023,6,2,285,AE,สหรัฐอาหรับเอมิเรตส์,1A,ทวีปเอเชีย,3709691.0,36494.0
2023-06,2023,6,2,272,PH,ฟิลิปปินส์,1A,ทวีปเอเชีย,6805815.0,69162.0
2023-06,2023,6,2,316,DK,เดนมาร์ก,1B,ทวีปยุโรป,6941440.0,92641.0
2023-06,2023,6,2,366,NO,นอร์เวย์,1B,ทวีปยุโรป,7570907.0,72338.0
2023-06,2023,6,2,296,SA,ซาอุดีอาระเบีย,1A,ทวีปเอเชีย,2333492.0,32179.0
2023-06,2023,6,2,497,NZ,นิวซีแลนด์,1F,ทวีปออสเตรเลีย,2750819.0,24171.0
2023-06,2023,6,2,309,TW,ไต้หวัน,1A,ทวีปเอเชีย,3564885.0,64447.0
2023-06,2023,6,2,303,HK,ฮ่องกง,1A,ทวีปเอเชีย,3100784.0,46864.0
2023-06,2023,6,2,274,VN,เวียดนาม,1A,ทวีปเอเชีย,3661075.0,18279.0
2023-06,2023,6,2,372,MX,เม็กซิโก,1C,ทวีปอเมริกาเหนือ,4794738.0,71337.0
2023-06,2023,6,2,343,PL,โปแลนด์,1B,ทวีปยุโรป,4330677.0,63410.0
2023-06,2023,6,2,321,GR,กรีซ,1B,ทวีปยุโรป,4242398.0,88402.0
2023-06,2023,6,2,322,IE,ไอร์แลนด์,1B,ทวีปยุโรป,534409.0,6864.0
2023-06,2023,6,2,318,FI,ฟินแลนด์,1B,ทวีปยุโรป,2370745.0,40673.0
2023-06,2023,6,2,478,ZA,แอฟริกาใต้,1E,ทวีปแอฟริกา,2380330.0,24738.0
2023-06,2023,6,2,356,CH,สวิตเซอร์แลนด์,1B,ทวีปยุโรป,1998439.0,17230.0
2023-06,2023,6,2,312,AT,ออสเตรีย,1B,ทวีปยุโรป,373009.0,7285.0
2023-06,2023,6,2,267,ID,อินโดนีเซีย,1A,ทวีปเอเชีย,1225656.0,18921.0
2023-06,2023,6,2,336,CZ,สาธารณรัฐเช็ก,1B,ทวีปยุโรป,1566887.0,23963.0
2023-06,2023,6,2,307,MN,มองโกเลีย,1A,ทวีปเอเชีย,1874957.0,37909.0
2023-06,2023,6,2,291,JO,จอร์แดน,1A,ทวีปเอเชีย,2512434.0,42133.0
2023-06,2023,6,2,456,MU,มอริเชียส,1E,ทวีปแอฟริกา,336479.0,5724.0
2023-06,2023,6,2,277,BD,บังกลาเทศ,1A,ทวีปเอเชีย,0.0,0.0
2023-06,2023,6,2,437,EG,อียิปต์,1E,ทวีปแอฟริกา,804904.0,16914.0
2023-06,2023,6,2,351,UA,ยูเครน,1B,ทวีปยุโรป,0.0,0.0
2023-06,2023,6,2,266,BN,บรูไน,1A,ทวีปเอเชีย,690414.0,15395.0
2023-06,2023,6,2,326,PT,โปรตุเกส,1B,ทวีปยุโรป,143225.0,1566.0
2023-06,2023,6,2,409,BR,บราซิล,1D,ทวีปอเมริกาใต้,281370.0,4812.0
2023-06,2023,6,2,292,KW,คูเวต,1A,ทวีปเอเชีย,515900.0,6330.0
2023-06,2023,6,2,365,MT,มอลตา,1B,ทวีปยุโรป,42108.0,288.0
2023-06,2023,6,2,287,CY,ไซปรัส,1A,ทวีปเอเชีย,146953.0,1305.0
2023-06,2023,6,2,289,IQ,อิรัก,1A,ทวีปเอเชีย,67328.0,1530.0
2023-06,2023,6,2,337,GE,จอร์เจีย,1A,ทวีปเอเชีย,67.0,0.0
2023-06,2023,6,2,389,HN,ฮอนดูรัส,1C,ทวีปอเมริกาเหนือ,637480.0,14496.0
2023-06,2023,6,2,332,AZ,อาเซอร์ไบจาน,1A,ทวีปเอเชีย,1251004.0,22338.0
2023-06,2023,6,2,363,LV,ลัตเวีย,1B,ทวีปยุโรป,601226.0,8075.0
2023-06,2023,6,2,286,BH,บาห์เรน,1A,ทวีปเอเชีย,421662.0,4240.0
2023-06,2023,6,2,451,LY,ลิเบีย,1E,ทวีปแอฟริกา,0.0,0.0
2023-06,2023,6,2,344,RO,โรมาเนีย,1B,ทวีปยุโรป,34.0,6.0
2023-06,2023,6,2,293,LB,เลบานอน,1A,ทวีปเอเชีย,83238.0,816.0
2023-06,2023,6,2,411,CO,โคลอมเบีย,1D,ทวีปอเมริกาใต้,0.0,0.0
2023-06,2023,6,2,339,HU,ฮังการี,1B,ทวีปยุโรป,0.0,0.0
2023-06,2023,6,2,463,RE,เรอูนียง,1E,ทวีปแอฟริกา,266745.0,1424.0
2023-06,2023,6,2,357,EE,เอสโตเนีย,1B,ทวีปยุโรป,61412.0,1111.0
2023-06,2023,6,2,452,MA,โมร็อกโก,1E,ทวีปแอฟริกา,0.0,0.0
2023-06,2023,6,2,295,QA,กาตาร์,1A,ทวีปเอเชีย,507084.0,6130.0
2023-06,2023,6,2,281,MV,มัลดีฟส์,1A,ทวีปเอเชีย,285576.0,6386.0
2023-06,2023,6,2,360,IS,ไอซ์แลนด์,1B,ทวีปยุโรป,830319.0,8474.0
2023-06,2023,6,2,410,CL,ชิลี,1D,ทวีปอเมริกาใต้,207325.0,1798.0
2023-06,2023,6,2,294,OM,โอมาน,1A,ทวีปเอเชีย,240778.0,2451.0
2023-06,2023,6,2,381,CR,คอสตาริกา,1C,ทวีปอเมริกาเหนือ,637813.0,10615.0
2023-06,2023,6,2,486,FJ,ฟิจิ,1F,ทวีปออสเตรเลีย,172343.0,1620.0
2023-06,2023,6,2,333,BG,บัลแกเรีย,1B,ทวีปยุโรป,117664.0,756.0
2023-06,2023,6,2,280,LK,ศรีลังกา,1A,ทวีปเอเชีย,198507.0,2687.0
2023-06,2023,6,2,313,BE,เบลเยียม,1B,ทวีปยุโรป,1021.0,32.0
2023-06,2023,6,2,498,PF,เฟรนช์โปลีนีเซีย,1F,ทวีปออสเตรเลีย,93064.0,581.0
2023-06,2023,6,2,331,AM,อาร์เมเนีย,1A,ทวีปเอเชีย,0.0,0.0
2023-06,2023,6,2,384,DO,สาธารณรัฐโดมินิกัน,1C,ทวีปอเมริกาเหนือ,0.0,0.0
2023-06,2023,6,2,308,MO,มาเก๊า,1A,ทวีปเอเชีย,134350.0,1226.0
2023-06,2023,6,2,420,SR,ซูรินาเม,1D,ทวีปอเมริกาใต้,0.0,0.0
2023-06,2023,6,2,453,MG,มาดากัสการ์,1E,ทวีปแอฟริกา,208273.0,3935.0
2023-06,2023,6,2,447,KE,เคนยา,1E,ทวีปแอฟริกา,0.0,0.0
2023-06,2023,6,2,493,NC,นิวแคลีโดเนีย,1F,ทวีปออสเตรเลีย,88134.0,660.0
2023-06,2023,6,2,401,TT,ตรินิแดดและโตเบโก,1C,ทวีปอเมริกาเหนือ,0.0,0.0
2023-06,2023,6,2,377,BB,บาร์เบโดส,1C,ทวีปอเมริกาเหนือ,299766.0,6228.0
2023-06,2023,6,2,461,NG,ไนจีเรีย,1E,ทวีปแอฟริกา,0.0,0.0
2023-06,2023,6,2,397,PA,ปานามา,1C,ทวีปอเมริกาเหนือ,0.0,0.0
2023-06,2023,6,2,346,SI,สโลวีเนีย,1B,ทวีปยุโรป,0.0,0.0
2023-06,2023,6,2,283,PK,ปากีสถาน,1A,ทวีปเอเชีย,0.0,0.0
2023-06,2023,6,2,563,RS,เซอร์เบีย,1B,ทวีปยุโรป,198079.0,1958.0
2023-06,2023,6,2,499,PG,ปาปัวนิวกินี,1F,ทวีปออสเตรเลีย,0.0,0.0
2023-06,2023,6,2,290,IR,อิหร่าน,1A,ทวีปเอเชีย,0.0,0.0
2023-06,2023,6,2,502,SB,โซโลมอน,1F,ทวีปออสเตรเลีย,0.0,0.0
2023-06,2023,6,2,489,GU,กวม,1F,ทวีปออสเตรเลีย,0.0,0.0
2023-06,2023,6,2,492,MP,เกาะมาเรียนาเหนือ,1F,ทวีปออสเตรเลีย,0.0,0.0
2023-06,2023,6,2,526,WF,หมู่เกาะวาลลิสและฟุตูนา,1F,ทวีปออสเตรเลีย,0.0,0.0
2023-06,2023,6,2,362,LT,ลิทัวเนีย,1B,ทวีปยุโรป,0.0,0.0
2023-06,2023,6,2,441,GH,กานา,1E,ทวีปแอฟริกา,0.0,0.0
2023-06,2023,6,2,504,TO,ตองกา,1F,ทวีปออสเตรเลีย,86633.0,810.0
2023-06,2023,6,2,469,SN,เซเนกัล,1E,ทวีปแอฟริกา,0.0,0.0
2023-06,2023,6,2,527,MK,มาซิโดเนีย,1B,ทวีปยุโรป,0.0,0.0
2023-06,2023,6,2,603,AX,หมู่เกาะโอลันด์,1G,ประเทศอื่น,0.0,0.0
2023-06,2023,6,2,421,UY,อุรุกวัย,1D,ทวีปอเมริกาใต้,0.0,0.0
2023-06,2023,6,2,475,TN,ตูนิเซีย,1E,ทวีปแอฟริกา,64823.0,801.0
2023-06,2023,6,2,342,MD,มอลโดวา,1B,ทวีปยุโรป,56935.0,882.0
2023-06,2023,6,2,506,WS,ซามัวตะวันตก,1F,ทวีปออสเตรเลีย,0.0,0.0
2023-06,2023,6,2,505,VU,วานูอาตู,1F,ทวีปออสเตรเลีย,150.0,6.0
2023-06,2023,6,2,414,GF,เฟรนช์เกียนา,1D,ทวีปอเมริกาใต้,0.0,0.0
2023-06,2023,6,2,282,NP,เนปาล,1A,ทวีปเอเชีย,0.0,0.0
2023-06,2023,6,2,387,GP,กวาเดอลูป,1C,ทวีปอเมริกาเหนือ,40624.0,198.0
2023-06,2023,6,2,501,PW,ปาลัว,1F,ทวีปออสเตรเลีย,0.0,0.0
2023-06,2023,6,2,465,SC,เซเชลส์,1E,ทวีปแอฟริกา,0.0,0.0
2023-06,2023,6,2,407,AR,อาร์เจนตินา,1D,ทวีปอเมริกาใต้,0.0,0.0
2023-06,2023,6,2,324,LU,ลักเซมเบิร์ก,1B,ทวีปยุโรป,547.0,24.0
2023-07,2023,7,3,373,US,สหรัฐอเมริกา,1C,ทวีปอเมริกาเหนือ,161996912.0,2188197.0
2023-07,2023,7,3,315,DE,เยอรมนี,1B,ทวีปยุโรป,55983403.0,761240.0
2023-07,2023,7,3,325,NL,เนเธอร์แลนด์,1B,ทวีปยุโรป,42567870.0,682666.0
2023-07,2023,7,3,320,GB,สหราชอาณาจักร,1B,ทวีปยุโรป,45906065.0,674443.0
2023-07,2023,7,3,271,MY,มาเลเซีย,1A,ทวีปเอเชีย,37289943.0,478668.0
2023-07,2023,7,3,306,KR,เกาหลีใต้,1A,ทวีปเอเชีย,37425666.0,512364.0
2023-07,2023,7,3,371,CA,แคนาดา,1C,ทวีปอเมริกาเหนือ,35549679.0,569621.0
2023-07,2023,7,3,345,RU,รัสเซีย,1B,ทวีปยุโรป,30310837.0,643973.0
2023-07,2023,7,3,327,SE,สวีเดน,1B,ทวีปยุโรป,26349764.0,424395.0
2023-07,2023,7,3,483,AU,ออสเตรเลีย,1F,ทวีปออสเตรเลีย,22945895.0,305421.0
2023-07,2023,7,3,269,LA,สปป. ลาว,1A,ทวีปเอเชีย,8619360.0,239939.0
2023-07,2023,7,3,268,KH,กัมพูชา,1A,ทวีปเอเชีย,9229870.0,228439.0
2023-07,2023,7,3,319,FR,ฝรั่งเศส,1B,ทวีปยุโรป,12221730.0,236201.0
2023-07,2023,7,3,302,CN,จีน,1A,ทวีปเอเชีย,15053149.0,198752.0
2023-07,2023,7,3,304,JP,ญี่ปุ่น,1A,ทวีปเอเชีย,9197921.0,118372.0
2023-07,2023,7,3,273,SG,สิงคโปร์,1A,ทวีปเอเชีย,8287058.0,141119.0
2023-07,2023,7,3,288,IL,อิสราเอล,1A,ทวีปเอเชีย,6896989.0,120773.0
2023-07,2023,7,3,279,IN,อินเดีย,1A,ทวีปเอเชีย,13582814.0,212922.0
2023-07,2023,7,3,323,IT,อิตาลี,1B,ทวีปยุโรป,8968153.0,167076.0
2023-07,2023,7,3,317,ES,สเปน,1B,ทวีปยุโรป,4877301.0,80311.0
2023-07,2023,7,3,298,TR,ตุรกี,1A,ทวีปเอเชีย,3250959.0,39699.0
2023-07,2023,7,3,285,AE,สหรัฐอาหรับเอมิเรตส์,1A,ทวีปเอเชีย,3669091.0,34085.0
2023-07,2023,7,3,272,PH,ฟิลิปปินส์,1A,ทวีปเอเชีย,3535342.0,34033.0
2023-07,2023,7,3,270,MM,เมียนมา,1A,ทวีปเอเชีย,1814439.0,53940.0
2023-07,2023,7,3,316,DK,เดนมาร์ก,1B,ทวีปยุโรป,3395421.0,57817.0
2023-07,2023,7,3,296,SA,ซาอุดีอาระเบีย,1A,ทวีปเอเชีย,5600729.0,97819.0
2023-07,2023,7,3,372,MX,เม็กซิโก,1C,ทวีปอเมริกาเหนือ,12748033.0,179006.0
2023-07,2023,7,3,366,NO,นอร์เวย์,1B,ทวีปยุโรป,2765035.0,44777.0
2023-07,2023,7,3,497,NZ,นิวซีแลนด์,1F,ทวีปออสเตรเลีย,4871452.0,55575.0
2023-07,2023,7,3,309,TW,ไต้หวัน,1A,ทวีปเอเชีย,4598974.0,101574.0
2023-07,2023,7,3,274,VN,เวียดนาม,1A,ทวีปเอเชีย,4786034.0,59137.0
2023-07,2023,7,3,303,HK,ฮ่องกง,1A,ทวีปเอเชีย,4148517.0,69080.0
2023-07,2023,7,3,321,GR,กรีซ,1B,ทวีปยุโรป,1699000.0,26894.0
2023-07,2023,7,3,343,PL,โปแลนด์,1B,ทวีปยุโรป,406465.0,6730.0
2023-07,2023,7,3,322,IE,ไอร์แลนด์,1B,ทวีปยุโรป,1350972.0,14648.0
2023-07,2023,7,3,356,CH,สวิตเซอร์แลนด์,1B,ทวีปยุโรป,2308988.0,34444.0
2023-07,2023,7,3,318,FI,ฟินแลนด์,1B,ทวีปยุโรป,486129.0,4416.0
2023-07,2023,7,3,478,ZA,แอฟริกาใต้,1E,ทวีปแอฟริกา,844156.0,12182.0
2023-07,2023,7,3,336,CZ,สาธารณรัฐเช็ก,1B,ทวีปยุโรป,3419693.0,48218.0
2023-07,2023,7,3,267,ID,อินโดนีเซีย,1A,ทวีปเอเชีย,2718095.0,36730.0
2023-07,2023,7,3,312,AT,ออสเตรีย,1B,ทวีปยุโรป,292219.0,6510.0
2023-07,2023,7,3,409,BR,บราซิล,1D,ทวีปอเมริกาใต้,3081645.0,42980.0
2023-07,2023,7,3,307,MN,มองโกเลีย,1A,ทวีปเอเชีย,851402.0,12605.0
2023-07,2023,7,3,291,JO,จอร์แดน,1A,ทวีปเอเชีย,659737.0,5362.0
2023-07,2023,7,3,351,UA,ยูเครน,1B,ทวีปยุโรป,1848286.0,40905.0
2023-07,2023,7,3,437,EG,อียิปต์,1E,ทวีปแอฟริกา,1283623.0,18534.0
2023-07,2023,7,3,277,BD,บังกลาเทศ,1A,ทวีปเอเชีย,273420.0,3960.0
2023-07,2023,7,3,456,MU,มอริเชียส,1E,ทวีปแอฟริกา,0.0,0.0
2023-07,2023,7,3,292,KW,คูเวต,1A,ทวีปเอเชีย,725345.0,13086.0
2023-07,2023,7,3,266,BN,บรูไน,1A,ทวีปเอเชีย,20723.0,207.0
2023-07,2023,7,3,326,PT,โปรตุเกส,1B,ทวีปยุโรป,7379.0,92.0
2023-07,2023,7,3,287,CY,ไซปรัส,1A,ทวีปเอเชีย,595165.0,9774.0
2023-07,2023,7,3,363,LV,ลัตเวีย,1B,ทวีปยุโรป,1232733.0,17186.0
2023-07,2023,7,3,337,GE,จอร์เจีย,1A,ทวีปเอเชีย,670342.0,9942.0
2023-07,2023,7,3,365,MT,มอลตา,1B,ทวีปยุโรป,232284.0,3217.0
2023-07,2023,7,3,339,HU,ฮังการี,1B,ทวีปยุโรป,1502295.0,12713.0
2023-07,2023,7,3,332,AZ,อาเซอร์ไบจาน,1A,ทวีปเอเชีย,631497.0,11169.0
2023-07,2023,7,3,344,RO,โรมาเนีย,1B,ทวีปยุโรป,902717.0,15588.0
2023-07,2023,7,3,289,IQ,อิรัก,1A,ทวีปเอเชีย,0.0,0.0
2023-07,2023,7,3,389,HN,ฮอนดูรัส,1C,ทวีปอเมริกาเหนือ,0.0,0.0
2023-07,2023,7,3,463,RE,เรอูนียง,1E,ทวีปแอฟริกา,733548.0,7596.0
2023-07,2023,7,3,293,LB,เลบานอน,1A,ทวีปเอเชีย,490517.0,5273.0
2023-07,2023,7,3,286,BH,บาห์เรน,1A,ทวีปเอเชีย,73498.0,552.0
2023-07,2023,7,3,451,LY,ลิเบีย,1E,ทวีปแอฟริกา,0.0,0.0
2023-07,2023,7,3,333,BG,บัลแกเรีย,1B,ทวีปยุโรป,968320.0,15446.0
2023-07,2023,7,3,411,CO,โคลอมเบีย,1D,ทวีปอเมริกาใต้,0.0,0.0
2023-07,2023,7,3,357,EE,เอสโตเนีย,1B,ทวีปยุโรป,0.0,0.0
2023-07,2023,7,3,295,QA,กาตาร์,1A,ทวีปเอเชีย,191128.0,2730.0
2023-07,2023,7,3,452,MA,โมร็อกโก,1E,ทวีปแอฟริกา,0.0,0.0
2023-07,2023,7,3,283,PK,ปากีสถาน,1A,ทวีปเอเชีย,1063032.0,9426.0
2023-07,2023,7,3,410,CL,ชิลี,1D,ทวีปอเมริกาใต้,259252.0,1918.0
2023-07,2023,7,3,281,MV,มัลดีฟส์,1A,ทวีปเอเชีย,31753.0,576.0
2023-07,2023,7,3,384,DO,สาธารณรัฐโดมินิกัน,1C,ทวีปอเมริกาเหนือ,591366.0,8852.0
2023-07,2023,7,3,486,FJ,ฟิจิ,1F,ทวีปออสเตรเลีย,247193.0,2484.0
2023-07,2023,7,3,360,IS,ไอซ์แลนด์,1B,ทวีปยุโรป,0.0,0.0
2023-07,2023,7,3,294,OM,โอมาน,1A,ทวีปเอเชีย,0.0,0.0
2023-07,2023,7,3,381,CR,คอสตาริกา,1C,ทวีปอเมริกาเหนือ,0.0,0.0
2023-07,2023,7,3,563,RS,เซอร์เบีย,1B,ทวีปยุโรป,652414.0,12464.0
2023-07,2023,7,3,498,PF,เฟรนช์โปลีนีเซีย,1F,ทวีปออสเตรเลีย,196045.0,1537.0
2023-07,2023,7,3,280,LK,ศรีลังกา,1A,ทวีปเอเชีย,35.0,1.0
2023-07,2023,7,3,401,TT,ตรินิแดดและโตเบโก,1C,ทวีปอเมริกาเหนือ,401845.0,3274.0
2023-07,2023,7,3,313,BE,เบลเยียม,1B,ทวีปยุโรป,48.0,1.0
2023-07,2023,7,3,308,MO,มาเก๊า,1A,ทวีปเอเชีย,85900.0,558.0
2023-07,2023,7,3,331,AM,อาร์เมเนีย,1A,ทวีปเอเชีย,0.0,0.0
2023-07,2023,7,3,447,KE,เคนยา,1E,ทวีปแอฟริกา,173295.0,1728.0
2023-07,2023,7,3,420,SR,ซูรินาเม,1D,ทวีปอเมริกาใต้,85185.0,1796.0
2023-07,2023,7,3,504,TO,ตองกา,1F,ทวีปออสเตรเลีย,446551.0,8826.0
2023-07,2023,7,3,330,AL,แอลเบเนีย,1B,ทวีปยุโรป,467000.0,432.0
2023-07,2023,7,3,493,NC,นิวแคลีโดเนีย,1F,ทวีปออสเตรเลีย,54373.0,450.0
2023-07,2023,7,3,453,MG,มาดากัสการ์,1E,ทวีปแอฟริกา,0.0,0.0
2023-07,2023,7,3,461,NG,ไนจีเรีย,1E,ทวีปแอฟริกา,43154.0,820.0
2023-07,2023,7,3,377,BB,บาร์เบโดส,1C,ทวีปอเมริกาเหนือ,0.0,0.0
2023-07,2023,7,3,397,PA,ปานามา,1C,ทวีปอเมริกาเหนือ,0.0,0.0
2023-07,2023,7,3,346,SI,สโลวีเนีย,1B,ทวีปยุโรป,0.0,0.0
2023-07,2023,7,3,492,MP,เกาะมาเรียนาเหนือ,1F,ทวีปออสเตรเลีย,82026.0,1766.0
2023-07,2023,7,3,499,PG,ปาปัวนิวกินี,1F,ทวีปออสเตรเลีย,0.0,0.0
2023-07,2023,7,3,290,IR,อิหร่าน,1A,ทวีปเอเชีย,0.0,0.0
2023-07,2023,7,3,347,SK,สโลวาเกีย,1B,ทวีปยุโรป,129874.0,1642.0
2023-07,2023,7,3,502,SB,โซโลมอน,1F,ทวีปออสเตรเลีย,0.0,0.0
2023-07,2023,7,3,489,GU,กวม,1F,ทวีปออสเตรเลีย,0.0,0.0
2023-07,2023,7,3,526,WF,หมู่เกาะวาลลิสและฟุตูนา,1F,ทวีปออสเตรเลีย,0.0,0.0
2023-07,2023,7,3,362,LT,ลิทัวเนีย,1B,ทวีปยุโรป,0.0,0.0
2023-07,2023,7,3,441,GH,กานา,1E,ทวีปแอฟริกา,0.0,0.0
2023-07,2023,7,3,469,SN,เซเนกัล,1E,ทวีปแอฟริกา,0.0,0.0
2023-07,2023,7,3,527,MK,มาซิโดเนีย,1B,ทวีปยุโรป,0.0,0.0
2023-07,2023,7,3,603,AX,หมู่เกาะโอลันด์,1G,ประเทศอื่น,0.0,0.0
2023-07,2023,7,3,421,UY,อุรุกวัย,1D,ทวีปอเมริกาใต้,0.0,0.0
2023-07,2023,7,3,475,TN,ตูนิเซีย,1E,ทวีปแอฟริกา,0.0,0.0
2023-07,2023,7,3,342,MD,มอลโดวา,1B,ทวีปยุโรป,0.0,0.0
2023-07,2023,7,3,506,WS,ซามัวตะวันตก,1F,ทวีปออสเตรเลีย,0.0,0.0
2023-07,2023,7,3,505,VU,วานูอาตู,1F,ทวีปออสเตรเลีย,0.0,0.0
2023-07,2023,7,3,414,GF,เฟรนช์เกียนา,1D,ทวีปอเมริกาใต้,0.0,0.0
2023-07,2023,7,3,282,NP,เนปาล,1A,ทวีปเอเชีย,0.0,0.0
2023-07,2023,7,3,387,GP,กวาเดอลูป,1C,ทวีปอเมริกาเหนือ,0.0,0.0
2023-07,2023,7,3,501,PW,ปาลัว,1F,ทวีปออสเตรเลีย,0.0,0.0
2023-07,2023,7,3,465,SC,เซเชลส์,1E,ทวีปแอฟริกา,0.0,0.0
2023-07,2023,7,3,510,AS,อเมริกันซามัวร์,1F,ทวีปออสเตรเลีย,4447.0,26.0
2023-07,2023,7,3,407,AR,อาร์เจนตินา,1D,ทวีปอเมริกาใต้,0.0,0.0
2023-07,2023,7,3,458,MZ,โมซัมบิก,1E,ทวีปแอฟริกา,4143.0,72.0
2023-07,2023,7,3,358,FO,หมู่เกาะแฟโร (เดนมาร์ก),1B,ทวีปยุโรป,762.0,59.0
2023-07,2023,7,3,324,LU,ลักเซมเบิร์ก,1B,ทวีปยุโรป,0.0,0.0
2023-08,2023,8,3,373,US,สหรัฐอเมริกา,1C,ทวีปอเมริกาเหนือ,210344759.0,2706893.0
2023-08,2023,8,3,315,DE,เยอรมนี,1B,ทวีปยุโรป,38617970.0,497644.0
2023-08,2023,8,3,325,NL,เนเธอร์แลนด์,1B,ทวีปยุโรป,54265348.0,752871.0
2023-08,2023,8,3,320,GB,สหราชอาณาจักร,1B,ทวีปยุโรป,40028276.0,633238.0
2023-08,2023,8,3,271,MY,มาเลเซีย,1A,ทวีปเอเชีย,37180262.0,487279.0
2023-08,2023,8,3,371,CA,แคนาดา,1C,ทวีปอเมริกาเหนือ,46984723.0,761800.0
2023-08,2023,8,3,306,KR,เกาหลีใต้,1A,ทวีปเอเชีย,32256628.0,452552.0
2023-08,2023,8,3,345,RU,รัสเซีย,1B,ทวีปยุโรป,29606809.0,618954.0
2023-08,2023,8,3,327,SE,สวีเดน,1B,ทวีปยุโรป,20821373.0,347751.0
2023-08,2023,8,3,483,AU,ออสเตรเลีย,1F,ทวีปออสเตรเลีย,22078906.0,354266.0
2023-08,2023,8,3,269,LA,สปป. ลาว,1A,ทวีปเอเชีย,11348030.0,279167.0
2023-08,2023,8,3,268,KH,กัมพูชา,1A,ทวีปเอเชีย,13432766.0,308273.0
2023-08,2023,8,3,319,FR,ฝรั่งเศส,1B,ทวีปยุโรป,8374466.0,153170.0
2023-08,2023,8,3,302,CN,จีน,1A,ทวีปเอเชีย,11606485.0,178866.0
2023-08,2023,8,3,304,JP,ญี่ปุ่น,1A,ทวีปเอเชีย,8520401.0,110584.0
2023-08,2023,8,3,273,SG,สิงคโปร์,1A,ทวีปเอเชีย,8661297.0,147243.0
2023-08,2023,8,3,288,IL,อิสราเอล,1A,ทวีปเอเชีย,6115185.0,137952.0
2023-08,2023,8,3,279,IN,อินเดีย,1A,ทวีปเอเชีย,10968454.0,166723.0
2023-08,2023,8,3,323,IT,อิตาลี,1B,ทวีปยุโรป,9968068.0,201277.0
2023-08,2023,8,3,317,ES,สเปน,1B,ทวีปยุโรป,6101543.0,89360.0
2023-08,2023,8,3,272,PH,ฟิลิปปินส์,1A,ทวีปเอเชีย,6567755.0,79979.0
2023-08,2023,8,3,298,TR,ตุรกี,1A,ทวีปเอเชีย,4319937.0,59211.0
2023-08,2023,8,3,285,AE,สหรัฐอาหรับเอมิเรตส์,1A,ทวีปเอเชีย,4418989.0,43415.0
2023-08,2023,8,3,316,DK,เดนมาร์ก,1B,ทวีปยุโรป,4625581.0,85191.0
2023-08,2023,8,3,270,MM,เมียนมา,1A,ทวีปเอเชีย,4109676.0,91160.0
2023-08,2023,8,3,366,NO,นอร์เวย์,1B,ทวีปยุโรป,8230879.0,93862.0
2023-08,2023,8,3,296,SA,ซาอุดีอาระเบีย,1A,ทวีปเอเชีย,4713419.0,64990.0
2023-08,2023,8,3,372,MX,เม็กซิโก,1C,ทวีปอเมริกาเหนือ,5887762.0,75402.0
2023-08,2023,8,3,497,NZ,นิวซีแลนด์,1F,ทวีปออสเตรเลีย,3900942.0,52997.0
2023-08,2023,8,3,309,TW,ไต้หวัน,1A,ทวีปเอเชีย,5403823.0,89187.0
2023-08,2023,8,3,274,VN,เวียดนาม,1A,ทวีปเอเชีย,3209544.0,33478.0
2023-08,2023,8,3,303,HK,ฮ่องกง,1A,ทวีปเอเชีย,2953263.0,50219.0
2023-08,2023,8,3,321,GR,กรีซ,1B,ทวีปยุโรป,1923746.0,42911.0
2023-08,2023,8,3,343,PL,โปแลนด์,1B,ทวีปยุโรป,2217154.0,27535.0
2023-08,2023,8,3,322,IE,ไอร์แลนด์,1B,ทวีปยุโรป,1958249.0,20318.0
2023-08,2023,8,3,318,FI,ฟินแลนด์,1B,ทวีปยุโรป,2502947.0,46939.0
2023-08,2023,8,3,478,ZA,แอฟริกาใต้,1E,ทวีปแอฟริกา,2627053.0,29611.0
2023-08,2023,8,3,356,CH,สวิตเซอร์แลนด์,1B,ทวีปยุโรป,850882.0,9606.0
2023-08,2023,8,3,267,ID,อินโดนีเซีย,1A,ทวีปเอเชีย,2086429.0,30485.0
2023-08,2023,8,3,336,CZ,สาธารณรัฐเช็ก,1B,ทวีปยุโรป,1172216.0,20422.0
2023-08,2023,8,3,312,AT,ออสเตรีย,1B,ทวีปยุโรป,2083542.0,43009.0
2023-08,2023,8,3,409,BR,บราซิล,1D,ทวีปอเมริกาใต้,645719.0,6723.0
2023-08,2023,8,3,307,MN,มองโกเลีย,1A,ทวีปเอเชีย,0.0,0.0
2023-08,2023,8,3,351,UA,ยูเครน,1B,ทวีปยุโรป,334024.0,3028.0
2023-08,2023,8,3,291,JO,จอร์แดน,1A,ทวีปเอเชีย,0.0,0.0
2023-08,2023,8,3,437,EG,อียิปต์,1E,ทวีปแอฟริกา,0.0,0.0
2023-08,2023,8,3,277,BD,บังกลาเทศ,1A,ทวีปเอเชีย,307750.0,999.0
2023-08,2023,8,3,456,MU,มอริเชียส,1E,ทวีปแอฟริกา,0.0,0.0
2023-08,2023,8,3,266,BN,บรูไน,1A,ทวีปเอเชีย,706987.0,13375.0
2023-08,2023,8,3,363,LV,ลัตเวีย,1B,ทวีปยุโรป,1132762.0,19292.0
2023-08,2023,8,3,292,KW,คูเวต,1A,ทวีปเอเชีย,558863.0,4235.0
2023-08,2023,8,3,339,HU,ฮังการี,1B,ทวีปยุโรป,1118440.0,7433.0
2023-08,2023,8,3,287,CY,ไซปรัส,1A,ทวีปเอเชีย,791264.0,14070.0
2023-08,2023,8,3,337,GE,จอร์เจีย,1A,ทวีปเอเชีย,872062.0,13925.0
2023-08,2023,8,3,289,IQ,อิรัก,1A,ทวีปเอเชีย,1373759.0,17532.0
2023-08,2023,8,3,326,PT,โปรตุเกส,1B,ทวีปยุโรป,322302.0,4715.0
2023-08,2023,8,3,332,AZ,อาเซอร์ไบจาน,1A,ทวีปเอเชีย,847433.0,13522.0
2023-08,2023,8,3,365,MT,มอลตา,1B,ทวีปยุโรป,271611.0,3273.0
2023-08,2023,8,3,463,RE,เรอูนียง,1E,ทวีปแอฟริกา,944318.0,11629.0
2023-08,2023,8,3,344,RO,โรมาเนีย,1B,ทวีปยุโรป,433483.0,6956.0
2023-08,2023,8,3,293,LB,เลบานอน,1A,ทวีปเอเชีย,773303.0,11059.0
2023-08,2023,8,3,333,BG,บัลแกเรีย,1B,ทวีปยุโรป,741250.0,11071.0
2023-08,2023,8,3,286,BH,บาห์เรน,1A,ทวีปเอเชีย,482430.0,9099.0
2023-08,2023,8,3,389,HN,ฮอนดูรัส,1C,ทวีปอเมริกาเหนือ,0.0,0.0
2023-08,2023,8,3,451,LY,ลิเบีย,1E,ทวีปแอฟริกา,0.0,0.0
2023-08,2023,8,3,411,CO,โคลอมเบีย,1D,ทวีปอเมริกาใต้,0.0,0.0
2023-08,2023,8,3,410,CL,ชิลี,1D,ทวีปอเมริกาใต้,479956.0,3764.0
2023-08,2023,8,3,357,EE,เอสโตเนีย,1B,ทวีปยุโรป,30759.0,504.0
2023-08,2023,8,3,295,QA,กาตาร์,1A,ทวีปเอเชีย,112936.0,2004.0
2023-08,2023,8,3,452,MA,โมร็อกโก,1E,ทวีปแอฟริกา,145039.0,1056.0
2023-08,2023,8,3,360,IS,ไอซ์แลนด์,1B,ทวีปยุโรป,410553.0,5067.0
2023-08,2023,8,3,486,FJ,ฟิจิ,1F,ทวีปออสเตรเลีย,291519.0,6600.0
2023-08,2023,8,3,283,PK,ปากีสถาน,1A,ทวีปเอเชีย,0.0,0.0
2023-08,2023,8,3,281,MV,มัลดีฟส์,1A,ทวีปเอเชีย,59340.0,1060.0
2023-08,2023,8,3,384,DO,สาธารณรัฐโดมินิกัน,1C,ทวีปอเมริกาเหนือ,0.0,0.0
2023-08,2023,8,3,294,OM,โอมาน,1A,ทวีปเอเชีย,213285.0,4069.0
2023-08,2023,8,3,401,TT,ตรินิแดดและโตเบโก,1C,ทวีปอเมริกาเหนือ,145361.0,1364.0
2023-08,2023,8,3,381,CR,คอสตาริกา,1C,ทวีปอเมริกาเหนือ,0.0,0.0
2023-08,2023,8,3,563,RS,เซอร์เบีย,1B,ทวีปยุโรป,0.0,0.0
2023-08,2023,8,3,498,PF,เฟรนช์โปลีนีเซีย,1F,ทวีปออสเตรเลีย,0.0,0.0
2023-08,2023,8,3,331,AM,อาร์เมเนีย,1A,ทวีปเอเชีย,212601.0,4380.0
2023-08,2023,8,3,280,LK,ศรีลังกา,1A,ทวีปเอเชีย,0.0,0.0
2023-08,2023,8,3,313,BE,เบลเยียม,1B,ทวีปยุโรป,0.0,0.0
2023-08,2023,8,3,453,MG,มาดากัสการ์,1E,ทวีปแอฟริกา,217687.0,4223.0
2023-08,2023,8,3,377,BB,บาร์เบโดส,1C,ทวีปอเมริกาเหนือ,305662.0,6555.0
2023-08,2023,8,3,308,MO,มาเก๊า,1A,ทวีปเอเชีย,8653.0,81.0
2023-08,2023,8,3,447,KE,เคนยา,1E,ทวีปแอฟริกา,0.0,0.0
2023-08,2023,8,3,420,SR,ซูรินาเม,1D,ทวีปอเมริกาใต้,0.0,0.0
2023-08,2023,8,3,342,MD,มอลโดวา,1B,ทวีปยุโรป,508909.0,11713.0
2023-08,2023,8,3,504,TO,ตองกา,1F,ทวีปออสเตรเลีย,0.0,0.0
2023-08,2023,8,3,493,NC,นิวแคลีโดเนีย,1F,ทวีปออสเตรเลีย,84567.0,829.0
2023-08,2023,8,3,461,NG,ไนจีเรีย,1E,ทวีปแอฟริกา,219965.0,4160.0
2023-08,2023,8,3,395,MQ,มาร์ตินีก,1C,ทวีปอเมริกาเหนือ,492534.0,9215.0
2023-08,2023,8,3,330,AL,แอลเบเนีย,1B,ทวีปยุโรป,0.0,0.0
2023-08,2023,8,3,397,PA,ปานามา,1C,ทวีปอเมริกาเหนือ,125713.0,924.0
2023-08,2023,8,3,346,SI,สโลวีเนีย,1B,ทวีปยุโรป,0.0,0.0
2023-08,2023,8,3,492,MP,เกาะมาเรียนาเหนือ,1F,ทวีปออสเตรเลีย,0.0,0.0
2023-08,2023,8,3,489,GU,กวม,1F,ทวีปออสเตรเลีย,63197.0,1027.0
2023-08,2023,8,3,499,PG,ปาปัวนิวกินี,1F,ทวีปออสเตรเลีย,0.0,0.0
2023-08,2023,8,3,290,IR,อิหร่าน,1A,ทวีปเอเชีย,0.0,0.0
2023-08,2023,8,3,526,WF,หมู่เกาะวาลลิสและฟุตูนา,1F,ทวีปออสเตรเลีย,35676.0,384.0
2023-08,2023,8,3,347,SK,สโลวาเกีย,1B,ทวีปยุโรป,0.0,0.0
2023-08,2023,8,3,502,SB,โซโลมอน,1F,ทวีปออสเตรเลีย,0.0,0.0
2023-08,2023,8,3,362,LT,ลิทัวเนีย,1B,ทวีปยุโรป,0.0,0.0
2023-08,2023,8,3,441,GH,กานา,1E,ทวีปแอฟริกา,0.0,0.0
2023-08,2023,8,3,505,VU,วานูอาตู,1F,ทวีปออสเตรเลีย,25840.0,249.0
2023-08,2023,8,3,469,SN,เซเนกัล,1E,ทวีปแอฟริกา,0.0,0.0
2023-08,2023,8,3,527,MK,มาซิโดเนีย,1B,ทวีปยุโรป,0.0,0.0
2023-08,2023,8,3,603,AX,หมู่เกาะโอลันด์,1G,ประเทศอื่น,0.0,0.0
2023-08,2023,8,3,421,UY,อุรุกวัย,1D,ทวีปอเมริกาใต้,0.0,0.0
2023-08,2023,8,3,475,TN,ตูนิเซีย,1E,ทวีปแอฟริกา,0.0,0.0
2023-08,2023,8,3,506,WS,ซามัวตะวันตก,1F,ทวีปออสเตรเลีย,0.0,0.0
2023-08,2023,8,3,414,GF,เฟรนช์เกียนา,1D,ทวีปอเมริกาใต้,0.0,0.0
2023-08,2023,8,3,282,NP,เนปาล,1A,ทวีปเอเชีย,0.0,0.0
2023-08,2023,8,3,387,GP,กวาเดอลูป,1C,ทวีปอเมริกาเหนือ,0.0,0.0
2023-08,2023,8,3,501,PW,ปาลัว,1F,ทวีปออสเตรเลีย,0.0,0.0
2023-08,2023,8,3,465,SC,เซเชลส์,1E,ทวีปแอฟริกา,0.0,0.0
2023-08,2023,8,3,510,AS,อเมริกันซามัวร์,1F,ทวีปออสเตรเลีย,0.0,0.0
2023-08,2023,8,3,407,AR,อาร์เจนตินา,1D,ทวีปอเมริกาใต้,0.0,0.0
2023-08,2023,8,3,458,MZ,โมซัมบิก,1E,ทวีปแอฟริกา,0.0,0.0
2023-08,2023,8,3,358,FO,หมู่เกาะแฟโร (เดนมาร์ก),1B,ทวีปยุโรป,0.0,0.0
2023-08,2023,8,3,324,LU,ลักเซมเบิร์ก,1B,ทวีปยุโรป,0.0,0.0
2023-09,2023,9,3,373,US,สหรัฐอเมริกา,1C,ทวีปอเมริกาเหนือ,191335678.0,2482829.0
2023-09,2023,9,3,315,DE,เยอรมนี,1B,ทวีปยุโรป,57623915.0,677662.0
2023-09,2023,9,3,325,NL,เนเธอร์แลนด์,1B,ทวีปยุโรป,62541427.0,814926.0
2023-09,2023,9,3,320,GB,สหราชอาณาจักร,1B,ทวีปยุโรป,44304119.0,671262.0
2023-09,2023,9,3,271,MY,มาเลเซีย,1A,ทวีปเอเชีย,32462306.0,438686.0
2023-09,2023,9,3,371,CA,แคนาดา,1C,ทวีปอเมริกาเหนือ,47404029.0,692438.0
2023-09,2023,9,3,306,KR,เกาหลีใต้,1A,ทวีปเอเชีย,28049667.0,368391.0
2023-09,2023,9,3,345,RU,รัสเซีย,1B,ทวีปยุโรป,27207207.0,549009.0
2023-09,2023,9,3,327,SE,สวีเดน,1B,ทวีปยุโรป,18491118.0,328783.0
2023-09,2023,9,3,483,AU,ออสเตรเลีย,1F,ทวีปออสเตรเลีย,23687892.0,300035.0
2023-09,2023,9,3,269,LA,สปป. ลาว,1A,ทวีปเอเชีย,12068209.0,364148.0
2023-09,2023,9,3,268,KH,กัมพูชา,1A,ทวีปเอเชีย,11882935.0,290500.0
2023-09,2023,9,3,302,CN,จีน,1A,ทวีปเอเชีย,16988718.0,210065.0
2023-09,2023,9,3,319,FR,ฝรั่งเศส,1B,ทวีปยุโรป,9642373.0,165118.0
2023-09,2023,9,3,304,JP,ญี่ปุ่น,1A,ทวีปเอเชีย,13388526.0,172047.0
2023-09,2023,9,3,273,SG,สิงคโปร์,1A,ทวีปเอเชีย,10376284.0,183958.0
2023-09,2023,9,3,288,IL,อิสราเอล,1A,ทวีปเอเชีย,7547530.0,177888.0
2023-09,2023,9,3,279,IN,อินเดีย,1A,ทวีปเอเชีย,8588938.0,115820.0
2023-09,2023,9,3,323,IT,อิตาลี,1B,ทวีปยุโรป,5949863.0,78282.0
2023-09,2023,9,3,317,ES,สเปน,1B,ทวีปยุโรป,4267528.0,78405.0
2023-09,2023,9,3,372,MX,เม็กซิโก,1C,ทวีปอเมริกาเหนือ,12300414.0,158082.0
2023-09,2023,9,3,366,NO,นอร์เวย์,1B,ทวีปยุโรป,10408131.0,127101.0
2023-09,2023,9,3,272,PH,ฟิลิปปินส์,1A,ทวีปเอเชีย,5133804.0,53812.0
2023-09,2023,9,3,285,AE,สหรัฐอาหรับเอมิเรตส์,1A,ทวีปเอเชีย,5511679.0,51955.0
2023-09,2023,9,3,296,SA,ซาอุดีอาระเบีย,1A,ทวีปเอเชีย,8383512.0,138929.0
2023-09,2023,9,3,316,DK,เดนมาร์ก,1B,ทวีปยุโรป,5447063.0,90034.0
2023-09,2023,9,3,270,MM,เมียนมา,1A,ทวีปเอเชีย,4738059.0,106742.0
2023-09,2023,9,3,298,TR,ตุรกี,1A,ทวีปเอเชีย,748221.0,9216.0
2023-09,2023,9,3,497,NZ,นิวซีแลนด์,1F,ทวีปออสเตรเลีย,6155624.0,59168.0
2023-09,2023,9,3,309,TW,ไต้หวัน,1A,ทวีปเอเชีย,4340582.0,76542.0
2023-09,2023,9,3,274,VN,เวียดนาม,1A,ทวีปเอเชีย,4144564.0,44821.0
2023-09,2023,9,3,303,HK,ฮ่องกง,1A,ทวีปเอเชีย,3652636.0,57123.0
2023-09,2023,9,3,343,PL,โปแลนด์,1B,ทวีปยุโรป,9738459.0,112323.0
2023-09,2023,9,3,321,GR,กรีซ,1B,ทวีปยุโรป,2375076.0,35260.0
2023-09,2023,9,3,322,IE,ไอร์แลนด์,1B,ทวีปยุโรป,1712240.0,25770.0
2023-09,2023,9,3,478,ZA,แอฟริกาใต้,1E,ทวีปแอฟริกา,1471025.0,16213.0
2023-09,2023,9,3,318,FI,ฟินแลนด์,1B,ทวีปยุโรป,1118296.0,13574.0
2023-09,2023,9,3,267,ID,อินโดนีเซีย,1A,ทวีปเอเชีย,1243940.0,12385.0
2023-09,2023,9,3,356,CH,สวิตเซอร์แลนด์,1B,ทวีปยุโรป,939231.0,12627.0
2023-09,2023,9,3,336,CZ,สาธารณรัฐเช็ก,1B,ทวีปยุโรป,1483440.0,19950.0
2023-09,2023,9,3,312,AT,ออสเตรีย,1B,ทวีปยุโรป,2220297.0,47484.0
2023-09,2023,9,3,307,MN,มองโกเลีย,1A,ทวีปเอเชีย,3299359.0,62841.0
2023-09,2023,9,3,409,BR,บราซิล,1D,ทวีปอเมริกาใต้,648440.0,9399.0
2023-09,2023,9,3,351,UA,ยูเครน,1B,ทวีปยุโรป,1517431.0,21708.0
2023-09,2023,9,3,291,JO,จอร์แดน,1A,ทวีปเอเชีย,1418701.0,15637.0
2023-09,2023,9,3,437,EG,อียิปต์,1E,ทวีปแอฟริกา,1311618.0,23962.0
2023-09,2023,9,3,456,MU,มอริเชียส,1E,ทวีปแอฟริกา,1742980.0,26119.0
2023-09,2023,9,3,292,KW,คูเวต,1A,ทวีปเอเชีย,1407511.0,11976.0
2023-09,2023,9,3,277,BD,บังกลาเทศ,1A,ทวีปเอเชีย,436965.0,3628.0
2023-09,2023,9,3,337,GE,จอร์เจีย,1A,ทวีปเอเชีย,1192448.0,20916.0
2023-09,2023,9,3,451,LY,ลิเบีย,1E,ทวีปแอฟริกา,3538910.0,23199.0
2023-09,2023,9,3,363,LV,ลัตเวีย,1B,ทวีปยุโรป,664832.0,9044.0
2023-09,2023,9,3,287,CY,ไซปรัส,1A,ทวีปเอเชีย,817026.0,9835.0
2023-09,2023,9,3,326,PT,โปรตุเกส,1B,ทวีปยุโรป,826287.0,19440.0
2023-09,2023,9,3,266,BN,บรูไน,1A,ทวีปเอเชีย,332846.0,6544.0
2023-09,2023,9,3,339,HU,ฮังการี,1B,ทวีปยุโรป,404616.0,3513.0
2023-09,2023,9,3,332,AZ,อาเซอร์ไบจาน,1A,ทวีปเอเชีย,638070.0,13235.0
2023-09,2023,9,3,289,IQ,อิรัก,1A,ทวีปเอเชีย,0.0,83.0
2023-09,2023,9,3,365,MT,มอลตา,1B,ทวีปยุโรป,88426.0,828.0
2023-09,2023,9,3,463,RE,เรอูนียง,1E,ทวีปแอฟริกา,132266.0,1508.0
2023-09,2023,9,3,344,RO,โรมาเนีย,1B,ทวีปยุโรป,218951.0,1646.0
2023-09,2023,9,3,293,LB,เลบานอน,1A,ทวีปเอเชีย,0.0,0.0
2023-09,2023,9,3,283,PK,ปากีสถาน,1A,ทวีปเอเชีย,1410584.0,12351.0
2023-09,2023,9,3,357,EE,เอสโตเนีย,1B,ทวีปยุโรป,1074547.0,6785.0
2023-09,2023,9,3,286,BH,บาห์เรน,1A,ทวีปเอเชีย,67999.0,1077.0
2023-09,2023,9,3,333,BG,บัลแกเรีย,1B,ทวีปยุโรป,0.0,0.0
2023-09,2023,9,3,389,HN,ฮอนดูรัส,1C,ทวีปอเมริกาเหนือ,0.0,0.0
2023-09,2023,9,3,295,QA,กาตาร์,1A,ทวีปเอเชีย,723952.0,12474.0
2023-09,2023,9,3,410,CL,ชิลี,1D,ทวีปอเมริกาใต้,14023.0,72.0
2023-09,2023,9,3,411,CO,โคลอมเบีย,1D,ทวีปอเมริกาใต้,0.0,0.0
2023-09,2023,9,3,452,MA,โมร็อกโก,1E,ทวีปแอฟริกา,0.0,0.0
2023-09,2023,9,3,486,FJ,ฟิจิ,1F,ทวีปออสเตรเลีย,139110.0,2404.0
2023-09,2023,9,3,360,IS,ไอซ์แลนด์,1B,ทวีปยุโรป,17253.0,255.0
2023-09,2023,9,3,362,LT,ลิทัวเนีย,1B,ทวีปยุโรป,1323183.0,10338.0
2023-09,2023,9,3,281,MV,มัลดีฟส์,1A,ทวีปเอเชีย,32506.0,214.0
2023-09,2023,9,3,294,OM,โอมาน,1A,ทวีปเอเชีย,172666.0,2100.0
2023-09,2023,9,3,384,DO,สาธารณรัฐโดมินิกัน,1C,ทวีปอเมริกาเหนือ,0.0,0.0
2023-09,2023,9,3,280,LK,ศรีลังกา,1A,ทวีปเอเชีย,289735.0,2814.0
2023-09,2023,9,3,381,CR,คอสตาริกา,1C,ทวีปอเมริกาเหนือ,58000.0,1202.0
2023-09,2023,9,3,401,TT,ตรินิแดดและโตเบโก,1C,ทวีปอเมริกาเหนือ,0.0,0.0
2023-09,2023,9,3,313,BE,เบลเยียม,1B,ทวีปยุโรป,155923.0,1350.0
2023-09,2023,9,3,407,AR,อาร์เจนตินา,1D,ทวีปอเมริกาใต้,889232.0,9773.0
2023-09,2023,9,3,498,PF,เฟรนช์โปลีนีเซีย,1F,ทวีปออสเตรเลีย,74377.0,527.0
2023-09,2023,9,3,563,RS,เซอร์เบีย,1B,ทวีปยุโรป,0.0,0.0
2023-09,2023,9,3,420,SR,ซูรินาเม,1D,ทวีปอเมริกาใต้,275115.0,5970.0
2023-09,2023,9,3,331,AM,อาร์เมเนีย,1A,ทวีปเอเชีย,0.0,0.0
2023-09,2023,9,3,397,PA,ปานามา,1C,ทวีปอเมริกาเหนือ,293394.0,2112.0
2023-09,2023,9,3,493,NC,นิวแคลีโดเนีย,1F,ทวีปออสเตรเลีย,131329.0,889.0
2023-09,2023,9,3,453,MG,มาดากัสการ์,1E,ทวีปแอฟริกา,0.0,0.0
2023-09,2023,9,3,504,TO,ตองกา,1F,ทวีปออสเตรเลีย,96028.0,886.0
2023-09,2023,9,3,308,MO,มาเก๊า,1A,ทวีปเอเชีย,3484.0,2.0
2023-09,2023,9,3,377,BB,บาร์เบโดส,1C,ทวีปอเมริกาเหนือ,0.0,0.0
2023-09,2023,9,3,461,NG,ไนจีเรีย,1E,ทวีปแอฟริกา,62788.0,1080.0
2023-09,2023,9,3,447,KE,เคนยา,1E,ทวีปแอฟริกา,0.0,0.0
2023-09,2023,9,3,342,MD,มอลโดวา,1B,ทวีปยุโรป,0.0,0.0
2023-09,2023,9,3,395,MQ,มาร์ตินีก,1C,ทวีปอเมริกาเหนือ,0.0,0.0
2023-09,2023,9,3,330,AL,แอลเบเนีย,1B,ทวีปยุโรป,0.0,0.0
2023-09,2023,9,3,346,SI,สโลวีเนีย,1B,ทวีปยุโรป,0.0,0.0
2023-09,2023,9,3,492,MP,เกาะมาเรียนาเหนือ,1F,ทวีปออสเตรเลีย,0.0,0.0
2023-09,2023,9,3,489,GU,กวม,1F,ทวีปออสเตรเลีย,6852.0,115.0
2023-09,2023,9,3,506,WS,ซามัวตะวันตก,1F,ทวีปออสเตรเลีย,129482.0,1080.0
2023-09,2023,9,3,502,SB,โซโลมอน,1F,ทวีปออสเตรเลีย,59788.0,540.0
2023-09,2023,9,3,469,SN,เซเนกัล,1E,ทวีปแอฟริกา,111759.0,1306.0
2023-09,2023,9,3,417,PE,เปรู,1D,ทวีปอเมริกาใต้,162865.0,1417.0
2023-09,2023,9,3,499,PG,ปาปัวนิวกินี,1F,ทวีปออสเตรเลีย,0.0,0.0
2023-09,2023,9,3,290,IR,อิหร่าน,1A,ทวีปเอเชีย,0.0,0.0
2023-09,2023,9,3,526,WF,หมู่เกาะวาลลิสและฟุตูนา,1F,ทวีปออสเตรเลีย,0.0,0.0
2023-09,2023,9,3,347,SK,สโลวาเกีย,1B,ทวีปยุโรป,0.0,0.0
2023-09,2023,9,3,441,GH,กานา,1E,ทวีปแอฟริกา,0.0,0.0
2023-09,2023,9,3,505,VU,วานูอาตู,1F,ทวีปออสเตรเลีย,0.0,0.0
2023-09,2023,9,3,527,MK,มาซิโดเนีย,1B,ทวีปยุโรป,0.0,0.0
2023-09,2023,9,3,603,AX,หมู่เกาะโอลันด์,1G,ประเทศอื่น,0.0,0.0
2023-09,2023,9,3,421,UY,อุรุกวัย,1D,ทวีปอเมริกาใต้,0.0,0.0
2023-09,2023,9,3,475,TN,ตูนิเซีย,1E,ทวีปแอฟริกา,0.0,0.0
2023-09,2023,9,3,414,GF,เฟรนช์เกียนา,1D,ทวีปอเมริกาใต้,0.0,0.0
2023-09,2023,9,3,282,NP,เนปาล,1A,ทวีปเอเชีย,0.0,0.0
2023-09,2023,9,3,387,GP,กวาเดอลูป,1C,ทวีปอเมริกาเหนือ,0.0,0.0
2023-09,2023,9,3,501,PW,ปาลัว,1F,ทวีปออสเตรเลีย,0.0,0.0
2023-09,2023,9,3,510,AS,อเมริกันซามัวร์,1F,ทวีปออสเตรเลีย,10800.0,87.0
2023-09,2023,9,3,465,SC,เซเชลส์,1E,ทวีปแอฟริกา,0.0,0.0
2023-09,2023,9,3,458,MZ,โมซัมบิก,1E,ทวีปแอฟริกา,0.0,0.0
2023-09,2023,9,3,334,BY,เบลารุส,1B,ทวีปยุโรป,1593.0,13.0
2023-09,2023,9,3,358,FO,หมู่เกาะแฟโร (เดนมาร์ก),1B,ทวีปยุโรป,0.0,0.0
2023-09,2023,9,3,324,LU,ลักเซมเบิร์ก,1B,ทวีปยุโรป,0.0,0.0
2023-09,2023,9,3,476,TZ,แทนซาเนีย,1E,ทวีปแอฟริกา,384.0,10.0
2023-10,2023,10,4,373,US,สหรัฐอเมริกา,1C,ทวีปอเมริกาเหนือ,218720401.0,2834160.0
2023-10,2023,10,4,315,DE,เยอรมนี,1B,ทวีปยุโรป,53806101.0,748173.0
2023-10,2023,10,4,325,NL,เนเธอร์แลนด์,1B,ทวีปยุโรป,44384859.0,661764.0
2023-10,2023,10,4,320,GB,สหราชอาณาจักร,1B,ทวีปยุโรป,47696290.0,735026.0
2023-10,2023,10,4,271,MY,มาเลเซีย,1A,ทวีปเอเชีย,43266176.0,542607.0
2023-10,2023,10,4,371,CA,แคนาดา,1C,ทวีปอเมริกาเหนือ,26587187.0,464793.0
2023-10,2023,10,4,306,KR,เกาหลีใต้,1A,ทวีปเอเชีย,18062857.0,239619.0
2023-10,2023,10,4,345,RU,รัสเซีย,1B,ทวีปยุโรป,27916907.0,613034.0
2023-10,2023,10,4,327,SE,สวีเดน,1B,ทวีปยุโรป,26318244.0,417660.0
2023-10,2023,10,4,483,AU,ออสเตรเลีย,1F,ทวีปออสเตรเลีย,31687522.0,391905.0
2023-10,2023,10,4,269,LA,สปป. ลาว,1A,ทวีปเอเชีย,14806778.0,333347.0
2023-10,2023,10,4,268,KH,กัมพูชา,1A,ทวีปเอเชีย,9612011.0,227850.0
2023-10,2023,10,4,302,CN,จีน,1A,ทวีปเอเชีย,12569247.0,157453.0
2023-10,2023,10,4,319,FR,ฝรั่งเศส,1B,ทวีปยุโรป,10378658.0,181464.0
2023-10,2023,10,4,304,JP,ญี่ปุ่น,1A,ทวีปเอเชีย,9802707.0,113937.0
2023-10,2023,10,4,273,SG,สิงคโปร์,1A,ทวีปเอเชีย,9094307.0,156470.0
2023-10,2023,10,4,288,IL,อิสราเอล,1A,ทวีปเอเชีย,9712566.0,139319.0
2023-10,2023,10,4,323,IT,อิตาลี,1B,ทวีปยุโรป,13165221.0,227734.0
2023-10,2023,10,4,279,IN,อินเดีย,1A,ทวีปเอเชีย,3377173.0,42970.0
2023-10,2023,10,4,317,ES,สเปน,1B,ทวีปยุโรป,6543027.0,93396.0
2023-10,2023,10,4,366,NO,นอร์เวย์,1B,ทวีปยุโรป,6475501.0,79579.0
2023-10,2023,10,4,272,PH,ฟิลิปปินส์,1A,ทวีปเอเชีย,7317363.0,72337.0
2023-10,2023,10,4,316,DK,เดนมาร์ก,1B,ทวีปยุโรป,8701618.0,117216.0
2023-10,2023,10,4,285,AE,สหรัฐอาหรับเอมิเรตส์,1A,ทวีปเอเชีย,6239533.0,69082.0
2023-10,2023,10,4,372,MX,เม็กซิโก,1C,ทวีปอเมริกาเหนือ,2134962.0,20217.0
2023-10,2023,10,4,296,SA,ซาอุดีอาระเบีย,1A,ทวีปเอเชีย,4487992.0,75186.0
2023-10,2023,10,4,270,MM,เมียนมา,1A,ทวีปเอเชีย,2577354.0,53328.0
2023-10,2023,10,4,298,TR,ตุรกี,1A,ทวีปเอเชีย,2562022.0,46944.0
2023-10,2023,10,4,497,NZ,นิวซีแลนด์,1F,ทวีปออสเตรเลีย,3052368.0,33411.0
2023-10,2023,10,4,343,PL,โปแลนด์,1B,ทวีปยุโรป,10076591.0,120840.0
2023-10,2023,10,4,309,TW,ไต้หวัน,1A,ทวีปเอเชีย,1728743.0,32778.0
2023-10,2023,10,4,274,VN,เวียดนาม,1A,ทวีปเอเชีย,3453021.0,56613.0
2023-10,2023,10,4,303,HK,ฮ่องกง,1A,ทวีปเอเชีย,3563231.0,48992.0
2023-10,2023,10,4,321,GR,กรีซ,1B,ทวีปยุโรป,1535710.0,17390.0
2023-10,2023,10,4,322,IE,ไอร์แลนด์,1B,ทวีปยุโรป,1633924.0,18712.0
2023-10,2023,10,4,478,ZA,แอฟริกาใต้,1E,ทวีปแอฟริกา,1206031.0,18009.0
2023-10,2023,10,4,318,FI,ฟินแลนด์,1B,ทวีปยุโรป,1055630.0,22041.0
2023-10,2023,10,4,312,AT,ออสเตรีย,1B,ทวีปยุโรป,1987228.0,41622.0
2023-10,2023,10,4,267,ID,อินโดนีเซีย,1A,ทวีปเอเชีย,1101085.0,15939.0
2023-10,2023,10,4,336,CZ,สาธารณรัฐเช็ก,1B,ทวีปยุโรป,1325470.0,21418.0
2023-10,2023,10,4,356,CH,สวิตเซอร์แลนด์,1B,ทวีปยุโรป,383547.0,5125.0
2023-10,2023,10,4,307,MN,มองโกเลีย,1A,ทวีปเอเชีย,109960.0,933.0
2023-10,2023,10,4,351,UA,ยูเครน,1B,ทวีปยุโรป,667343.0,13000.0
2023-10,2023,10,4,409,BR,บราซิล,1D,ทวีปอเมริกาใต้,0.0,0.0
2023-10,2023,10,4,326,PT,โปรตุเกส,1B,ทวีปยุโรป,2385682.0,51183.0
2023-10,2023,10,4,291,JO,จอร์แดน,1A,ทวีปเอเชีย,5139.0,44.0
2023-10,2023,10,4,456,MU,มอริเชียส,1E,ทวีปแอฟริกา,486718.0,7632.0
2023-10,2023,10,4,437,EG,อียิปต์,1E,ทวีปแอฟริกา,0.0,0.0
2023-10,2023,10,4,363,LV,ลัตเวีย,1B,ทวีปยุโรป,1186963.0,18832.0
2023-10,2023,10,4,292,KW,คูเวต,1A,ทวีปเอเชีย,523167.0,5669.0
2023-10,2023,10,4,337,GE,จอร์เจีย,1A,ทวีปเอเชีย,809768.0,14223.0
2023-10,2023,10,4,277,BD,บังกลาเทศ,1A,ทวีปเอเชีย,655342.0,11484.0
2023-10,2023,10,4,339,HU,ฮังการี,1B,ทวีปยุโรป,899255.0,7044.0
2023-10,2023,10,4,451,LY,ลิเบีย,1E,ทวีปแอฟริกา,0.0,0.0
2023-10,2023,10,4,266,BN,บรูไน,1A,ทวีปเอเชีย,296519.0,4589.0
2023-10,2023,10,4,287,CY,ไซปรัส,1A,ทวีปเอเชีย,0.0,0.0
2023-10,2023,10,4,365,MT,มอลตา,1B,ทวีปยุโรป,861121.0,19509.0
2023-10,2023,10,4,332,AZ,อาเซอร์ไบจาน,1A,ทวีปเอเชีย,0.0,0.0
2023-10,2023,10,4,289,IQ,อิรัก,1A,ทวีปเอเชีย,0.0,0.0
2023-10,2023,10,4,283,PK,ปากีสถาน,1A,ทวีปเอเชีย,785838.0,7516.0
2023-10,2023,10,4,463,RE,เรอูนียง,1E,ทวีปแอฟริกา,46245.0,410.0
2023-10,2023,10,4,344,RO,โรมาเนีย,1B,ทวีปยุโรป,0.0,0.0
2023-10,2023,10,4,293,LB,เลบานอน,1A,ทวีปเอเชีย,198061.0,1905.0
2023-10,2023,10,4,452,MA,โมร็อกโก,1E,ทวีปแอฟริกา,1383885.0,14874.0
2023-10,2023,10,4,295,QA,กาตาร์,1A,ทวีปเอเชีย,608666.0,5981.0
2023-10,2023,10,4,286,BH,บาห์เรน,1A,ทวีปเอเชีย,289180.0,4485.0
2023-10,2023,10,4,357,EE,เอสโตเนีย,1B,ทวีปยุโรป,37478.0,360.0
2023-10,2023,10,4,333,BG,บัลแกเรีย,1B,ทวีปยุโรป,0.0,0.0
2023-10,2023,10,4,389,HN,ฮอนดูรัส,1C,ทวีปอเมริกาเหนือ,0.0,0.0
2023-10,2023,10,4,410,CL,ชิลี,1D,ทวีปอเมริกาใต้,238515.0,2112.0
2023-10,2023,10,4,411,CO,โคลอมเบีย,1D,ทวีปอเมริกาใต้,0.0,0.0
2023-10,2023,10,4,486,FJ,ฟิจิ,1F,ทวีปออสเตรเลีย,170208.0,1620.0
2023-10,2023,10,4,281,MV,มัลดีฟส์,1A,ทวีปเอเชีย,382459.0,9475.0
2023-10,2023,10,4,407,AR,อาร์เจนตินา,1D,ทวีปอเมริกาใต้,649474.0,5143.0
2023-10,2023,10,4,360,IS,ไอซ์แลนด์,1B,ทวีปยุโรป,0.0,0.0
2023-10,2023,10,4,362,LT,ลิทัวเนีย,1B,ทวีปยุโรป,12460.0,92.0
2023-10,2023,10,4,294,OM,โอมาน,1A,ทวีปเอเชีย,0.0,0.0
2023-10,2023,10,4,447,KE,เคนยา,1E,ทวีปแอฟริกา,578171.0,6736.0
2023-10,2023,10,4,384,DO,สาธารณรัฐโดมินิกัน,1C,ทวีปอเมริกาเหนือ,0.0,0.0
2023-10,2023,10,4,280,LK,ศรีลังกา,1A,ทวีปเอเชีย,14666.0,45.0
2023-10,2023,10,4,381,CR,คอสตาริกา,1C,ทวีปอเมริกาเหนือ,0.0,0.0
2023-10,2023,10,4,401,TT,ตรินิแดดและโตเบโก,1C,ทวีปอเมริกาเหนือ,0.0,0.0
2023-10,2023,10,4,313,BE,เบลเยียม,1B,ทวีปยุโรป,428.0,6.0
2023-10,2023,10,4,498,PF,เฟรนช์โปลีนีเซีย,1F,ทวีปออสเตรเลีย,0.0,0.0
2023-10,2023,10,4,453,MG,มาดากัสการ์,1E,ทวีปแอฟริกา,245316.0,4552.0
2023-10,2023,10,4,563,RS,เซอร์เบีย,1B,ทวีปยุโรป,0.0,0.0
2023-10,2023,10,4,420,SR,ซูรินาเม,1D,ทวีปอเมริกาใต้,0.0,0.0
2023-10,2023,10,4,331,AM,อาร์เมเนีย,1A,ทวีปเอเชีย,0.0,0.0
2023-10,2023,10,4,397,PA,ปานามา,1C,ทวีปอเมริกาเหนือ,0.0,0.0
2023-10,2023,10,4,493,NC,นิวแคลีโดเนีย,1F,ทวีปออสเตรเลีย,0.0,0.0
2023-10,2023,10,4,342,MD,มอลโดวา,1B,ทวีปยุโรป,82642.0,1887.0
2023-10,2023,10,4,504,TO,ตองกา,1F,ทวีปออสเตรเลีย,0.0,0.0
2023-10,2023,10,4,461,NG,ไนจีเรีย,1E,ทวีปแอฟริกา,21410.0,360.0
2023-10,2023,10,4,308,MO,มาเก๊า,1A,ทวีปเอเชีย,1308.0,8.0
2023-10,2023,10,4,377,BB,บาร์เบโดส,1C,ทวีปอเมริกาเหนือ,0.0,0.0
2023-10,2023,10,4,489,GU,กวม,1F,ทวีปออสเตรเลีย,365074.0,3389.0
2023-10,2023,10,4,395,MQ,มาร์ตินีก,1C,ทวีปอเมริกาเหนือ,0.0,0.0
2023-10,2023,10,4,330,AL,แอลเบเนีย,1B,ทวีปยุโรป,0.0,0.0
2023-10,2023,10,4,346,SI,สโลวีเนีย,1B,ทวีปยุโรป,0.0,0.0
2023-10,2023,10,4,506,WS,ซามัวตะวันตก,1F,ทวีปออสเตรเลีย,46212.0,431.0
2023-10,2023,10,4,492,MP,เกาะมาเรียนาเหนือ,1F,ทวีปออสเตรเลีย,0.0,0.0
2023-10,2023,10,4,290,IR,อิหร่าน,1A,ทวีปเอเชีย,43890.0,600.0
2023-10,2023,10,4,502,SB,โซโลมอน,1F,ทวีปออสเตรเลีย,0.0,0.0
2023-10,2023,10,4,469,SN,เซเนกัล,1E,ทวีปแอฟริกา,0.0,0.0
2023-10,2023,10,4,417,PE,เปรู,1D,ทวีปอเมริกาใต้,0.0,0.0
2023-10,2023,10,4,499,PG,ปาปัวนิวกินี,1F,ทวีปออสเตรเลีย,0.0,0.0
2023-10,2023,10,4,526,WF,หมู่เกาะวาลลิสและฟุตูนา,1F,ทวีปออสเตรเลีย,0.0,0.0
2023-10,2023,10,4,347,SK,สโลวาเกีย,1B,ทวีปยุโรป,0.0,0.0
2023-10,2023,10,4,441,GH,กานา,1E,ทวีปแอฟริกา,161.0,6.0
2023-10,2023,10,4,352,UZ,อุซเบกิสถาน,1A,ทวีปเอเชีย,107233.0,1340.0
2023-10,2023,10,4,505,VU,วานูอาตู,1F,ทวีปออสเตรเลีย,25657.0,244.0
2023-10,2023,10,4,334,BY,เบลารุส,1B,ทวีปยุโรป,76896.0,816.0
2023-10,2023,10,4,527,MK,มาซิโดเนีย,1B,ทวีปยุโรป,0.0,0.0
2023-10,2023,10,4,603,AX,หมู่เกาะโอลันด์,1G,ประเทศอื่น,0.0,0.0
2023-10,2023,10,4,421,UY,อุรุกวัย,1D,ทวีปอเมริกาใต้,0.0,0.0
2023-10,2023,10,4,458,MZ,โมซัมบิก,1E,ทวีปแอฟริกา,62802.0,924.0
2023-10,2023,10,4,475,TN,ตูนิเซีย,1E,ทวีปแอฟริกา,0.0,0.0
2023-10,2023,10,4,414,GF,เฟรนช์เกียนา,1D,ทวีปอเมริกาใต้,0.0,0.0
2023-10,2023,10,4,282,NP,เนปาล,1A,ทวีปเอเชีย,0.0,0.0
2023-10,2023,10,4,387,GP,กวาเดอลูป,1C,ทวีปอเมริกาเหนือ,0.0,0.0
2023-10,2023,10,4,501,PW,ปาลัว,1F,ทวีปออสเตรเลีย,0.0,0.0
2023-10,2023,10,4,510,AS,อเมริกันซามัวร์,1F,ทวีปออสเตรเลีย,0.0,0.0
2023-10,2023,10,4,465,SC,เซเชลส์,1E,ทวีปแอฟริกา,0.0,0.0
2023-10,2023,10,4,358,FO,หมู่เกาะแฟโร (เดนมาร์ก),1B,ทวีปยุโรป,0.0,0.0
2023-10,2023,10,4,324,LU,ลักเซมเบิร์ก,1B,ทวีปยุโรป,0.0,0.0
2023-10,2023,10,4,476,TZ,แทนซาเนีย,1E,ทวีปแอฟริกา,0.0,0.0
2023-11,2023,11,4,373,US,สหรัฐอเมริกา,1C,ทวีปอเมริกาเหนือ,127798824.0,1558377.0
2023-11,2023,11,4,315,DE,เยอรมนี,1B,ทวีปยุโรป,55642586.0,702574.0
2023-11,2023,11,4,325,NL,เนเธอร์แลนด์,1B,ทวีปยุโรป,53702087.0,697450.0
2023-11,2023,11,4,320,GB,สหราชอาณาจักร,1B,ทวีปยุโรป,31579446.0,522581.0
2023-11,2023,11,4,271,MY,มาเลเซีย,1A,ทวีปเอเชีย,39422543.0,521714.0
2023-11,2023,11,4,371,CA,แคนาดา,1C,ทวีปอเมริกาเหนือ,63884654.0,1029394.0
2023-11,2023,11,4,306,KR,เกาหลีใต้,1A,ทวีปเอเชีย,32224061.0,425976.0
2023-11,2023,11,4,345,RU,รัสเซีย,1B,ทวีปยุโรป,22882074.0,482092.0
2023-11,2023,11,4,327,SE,สวีเดน,1B,ทวีปยุโรป,30683382.0,468399.0
2023-11,2023,11,4,483,AU,ออสเตรเลีย,1F,ทวีปออสเตรเลีย,26288977.0,312348.0
2023-11,2023,11,4,269,LA,สปป. ลาว,1A,ทวีปเอเชีย,16919357.0,414724.0
2023-11,2023,11,4,268,KH,กัมพูชา,1A,ทวีปเอเชีย,10725436.0,275170.0
2023-11,2023,11,4,302,CN,จีน,1A,ทวีปเอเชีย,4675688.0,68138.0
2023-11,2023,11,4,319,FR,ฝรั่งเศส,1B,ทวีปยุโรป,9620905.0,161890.0
2023-11,2023,11,4,304,JP,ญี่ปุ่น,1A,ทวีปเอเชีย,5334005.0,75057.0
2023-11,2023,11,4,273,SG,สิงคโปร์,1A,ทวีปเอเชีย,10416589.0,185717.0
2023-11,2023,11,4,288,IL,อิสราเอล,1A,ทวีปเอเชีย,10316450.0,193024.0
2023-11,2023,11,4,323,IT,อิตาลี,1B,ทวีปยุโรป,8707519.0,143402.0
2023-11,2023,11,4,279,IN,อินเดีย,1A,ทวีปเอเชีย,3029794.0,26952.0
2023-11,2023,11,4,316,DK,เดนมาร์ก,1B,ทวีปยุโรป,10851903.0,144995.0
2023-11,2023,11,4,317,ES,สเปน,1B,ทวีปยุโรป,5220818.0,101046.0
2023-11,2023,11,4,272,PH,ฟิลิปปินส์,1A,ทวีปเอเชีย,8620558.0,84872.0
2023-11,2023,11,4,372,MX,เม็กซิโก,1C,ทวีปอเมริกาเหนือ,10023582.0,121941.0
2023-11,2023,11,4,366,NO,นอร์เวย์,1B,ทวีปยุโรป,5669103.0,65791.0
2023-11,2023,11,4,285,AE,สหรัฐอาหรับเอมิเรตส์,1A,ทวีปเอเชีย,8444471.0,88408.0
2023-11,2023,11,4,296,SA,ซาอุดีอาระเบีย,1A,ทวีปเอเชีย,8049662.0,89918.0
2023-11,2023,11,4,270,MM,เมียนมา,1A,ทวีปเอเชีย,6471616.0,127247.0
2023-11,2023,11,4,298,TR,ตุรกี,1A,ทวีปเอเชีย,5280941.0,73017.0
2023-11,2023,11,4,497,NZ,นิวซีแลนด์,1F,ทวีปออสเตรเลีย,5379651.0,64790.0
2023-11,2023,11,4,343,PL,โปแลนด์,1B,ทวีปยุโรป,7951466.0,132510.0
2023-11,2023,11,4,309,TW,ไต้หวัน,1A,ทวีปเอเชีย,4361663.0,84585.0
2023-11,2023,11,4,303,HK,ฮ่องกง,1A,ทวีปเอเชีย,5868472.0,90215.0
2023-11,2023,11,4,274,VN,เวียดนาม,1A,ทวีปเอเชีย,2314791.0,47538.0
2023-11,2023,11,4,321,GR,กรีซ,1B,ทวีปยุโรป,3115058.0,40463.0
2023-11,2023,11,4,318,FI,ฟินแลนด์,1B,ทวีปยุโรป,4484063.0,60075.0
2023-11,2023,11,4,322,IE,ไอร์แลนด์,1B,ทวีปยุโรป,972723.0,8501.0
2023-11,2023,11,4,312,AT,ออสเตรีย,1B,ทวีปยุโรป,3176828.0,57908.0
2023-11,2023,11,4,478,ZA,แอฟริกาใต้,1E,ทวีปแอฟริกา,1035189.0,12206.0
2023-11,2023,11,4,336,CZ,สาธารณรัฐเช็ก,1B,ทวีปยุโรป,2536378.0,31130.0
2023-11,2023,11,4,356,CH,สวิตเซอร์แลนด์,1B,ทวีปยุโรป,2277722.0,29778.0
2023-11,2023,11,4,267,ID,อินโดนีเซีย,1A,ทวีปเอเชีย,575281.0,4895.0
2023-11,2023,11,4,351,UA,ยูเครน,1B,ทวีปยุโรป,2543982.0,33349.0
2023-11,2023,11,4,307,MN,มองโกเลีย,1A,ทวีปเอเชีย,471194.0,8529.0
2023-11,2023,11,4,326,PT,โปรตุเกส,1B,ทวีปยุโรป,1337502.0,23292.0
2023-11,2023,11,4,291,JO,จอร์แดน,1A,ทวีปเอเชีย,1301942.0,14823.0
2023-11,2023,11,4,437,EG,อียิปต์,1E,ทวีปแอฟริกา,1460524.0,27648.0
2023-11,2023,11,4,277,BD,บังกลาเทศ,1A,ทวีปเอเชีย,2114026.0,15978.0
2023-11,2023,11,4,456,MU,มอริเชียส,1E,ทวีปแอฟริกา,948877.0,11620.0
2023-11,2023,11,4,363,LV,ลัตเวีย,1B,ทวีปยุโรป,1572656.0,18324.0
2023-11,2023,11,4,409,BR,บราซิล,1D,ทวีปอเมริกาใต้,0.0,0.0
2023-11,2023,11,4,451,LY,ลิเบีย,1E,ทวีปแอฟริกา,2105505.0,16358.0
2023-11,2023,11,4,339,HU,ฮังการี,1B,ทวีปยุโรป,1730167.0,12968.0
2023-11,2023,11,4,292,KW,คูเวต,1A,ทวีปเอเชีย,807940.0,10214.0
2023-11,2023,11,4,337,GE,จอร์เจีย,1A,ทวีปเอเชีย,335498.0,6816.0
2023-11,2023,11,4,266,BN,บรูไน,1A,ทวีปเอเชีย,156547.0,2535.0
2023-11,2023,11,4,287,CY,ไซปรัส,1A,ทวีปเอเชีย,0.0,0.0
2023-11,2023,11,4,332,AZ,อาเซอร์ไบจาน,1A,ทวีปเอเชีย,660246.0,13235.0
2023-11,2023,11,4,365,MT,มอลตา,1B,ทวีปยุโรป,387679.0,3914.0
2023-11,2023,11,4,289,IQ,อิรัก,1A,ทวีปเอเชีย,798395.0,9894.0
2023-11,2023,11,4,293,LB,เลบานอน,1A,ทวีปเอเชีย,1074405.0,16606.0
2023-11,2023,11,4,286,BH,บาห์เรน,1A,ทวีปเอเชีย,1094873.0,13114.0
2023-11,2023,11,4,283,PK,ปากีสถาน,1A,ทวีปเอเชีย,475445.0,4745.0
2023-11,2023,11,4,463,RE,เรอูนียง,1E,ทวีปแอฟริกา,354447.0,4896.0
2023-11,2023,11,4,295,QA,กาตาร์,1A,ทวีปเอเชีย,806180.0,12390.0
2023-11,2023,11,4,344,RO,โรมาเนีย,1B,ทวีปยุโรป,469.0,6.0
2023-11,2023,11,4,389,HN,ฮอนดูรัส,1C,ทวีปอเมริกาเหนือ,672890.0,14496.0
2023-11,2023,11,4,452,MA,โมร็อกโก,1E,ทวีปแอฟริกา,0.0,0.0
2023-11,2023,11,4,357,EE,เอสโตเนีย,1B,ทวีปยุโรป,0.0,0.0
2023-11,2023,11,4,333,BG,บัลแกเรีย,1B,ทวีปยุโรป,0.0,0.0
2023-11,2023,11,4,411,CO,โคลอมเบีย,1D,ทวีปอเมริกาใต้,667313.0,8430.0
2023-11,2023,11,4,486,FJ,ฟิจิ,1F,ทวีปออสเตรเลีย,705945.0,9907.0
2023-11,2023,11,4,410,CL,ชิลี,1D,ทวีปอเมริกาใต้,326441.0,2532.0
2023-11,2023,11,4,281,MV,มัลดีฟส์,1A,ทวีปเอเชีย,270848.0,3835.0
2023-11,2023,11,4,294,OM,โอมาน,1A,ทวีปเอเชีย,290991.0,4853.0
2023-11,2023,11,4,407,AR,อาร์เจนตินา,1D,ทวีปอเมริกาใต้,0.0,0.0
2023-11,2023,11,4,360,IS,ไอซ์แลนด์,1B,ทวีปยุโรป,0.0,0.0
2023-11,2023,11,4,362,LT,ลิทัวเนีย,1B,ทวีปยุโรป,0.0,0.0
2023-11,2023,11,4,381,CR,คอสตาริกา,1C,ทวีปอเมริกาเหนือ,305665.0,4075.0
2023-11,2023,11,4,420,SR,ซูรินาเม,1D,ทวีปอเมริกาใต้,325121.0,6015.0
2023-11,2023,11,4,447,KE,เคนยา,1E,ทวีปแอฟริกา,0.0,0.0
2023-11,2023,11,4,384,DO,สาธารณรัฐโดมินิกัน,1C,ทวีปอเมริกาเหนือ,0.0,0.0
2023-11,2023,11,4,280,LK,ศรีลังกา,1A,ทวีปเอเชีย,0.0,0.0
2023-11,2023,11,4,377,BB,บาร์เบโดส,1C,ทวีปอเมริกาเหนือ,344891.0,6438.0
2023-11,2023,11,4,498,PF,เฟรนช์โปลีนีเซีย,1F,ทวีปออสเตรเลีย,54780.0,283.0
2023-11,2023,11,4,401,TT,ตรินิแดดและโตเบโก,1C,ทวีปอเมริกาเหนือ,0.0,0.0
2023-11,2023,11,4,313,BE,เบลเยียม,1B,ทวีปยุโรป,0.0,0.0
2023-11,2023,11,4,453,MG,มาดากัสการ์,1E,ทวีปแอฟริกา,0.0,0.0
2023-11,2023,11,4,563,RS,เซอร์เบีย,1B,ทวีปยุโรป,0.0,0.0
2023-11,2023,11,4,331,AM,อาร์เมเนีย,1A,ทวีปเอเชีย,0.0,0.0
2023-11,2023,11,4,461,NG,ไนจีเรีย,1E,ทวีปแอฟริกา,131510.0,1861.0
2023-11,2023,11,4,489,GU,กวม,1F,ทวีปออสเตรเลีย,171412.0,2420.0
2023-11,2023,11,4,493,NC,นิวแคลีโดเนีย,1F,ทวีปออสเตรเลีย,47915.0,309.0
2023-11,2023,11,4,397,PA,ปานามา,1C,ทวีปอเมริกาเหนือ,0.0,0.0
2023-11,2023,11,4,342,MD,มอลโดวา,1B,ทวีปยุโรป,0.0,0.0
2023-11,2023,11,4,504,TO,ตองกา,1F,ทวีปออสเตรเลีย,0.0,0.0
2023-11,2023,11,4,308,MO,มาเก๊า,1A,ทวีปเอเชีย,0.0,0.0
2023-11,2023,11,4,395,MQ,มาร์ตินีก,1C,ทวีปอเมริกาเหนือ,0.0,0.0
2023-11,2023,11,4,330,AL,แอลเบเนีย,1B,ทวีปยุโรป,0.0,0.0
2023-11,2023,11,4,290,IR,อิหร่าน,1A,ทวีปเอเชีย,112000.0,1440.0
2023-11,2023,11,4,492,MP,เกาะมาเรียนาเหนือ,1F,ทวีปออสเตรเลีย,100257.0,2045.0
2023-11,2023,11,4,346,SI,สโลวีเนีย,1B,ทวีปยุโรป,0.0,0.0
2023-11,2023,11,4,469,SN,เซเนกัล,1E,ทวีปแอฟริกา,50713.0,570.0
2023-11,2023,11,4,506,WS,ซามัวตะวันตก,1F,ทวีปออสเตรเลีย,0.0,0.0
2023-11,2023,11,4,347,SK,สโลวาเกีย,1B,ทวีปยุโรป,85760.0,1037.0
2023-11,2023,11,4,502,SB,โซโลมอน,1F,ทวีปออสเตรเลีย,0.0,0.0
2023-11,2023,11,4,526,WF,หมู่เกาะวาลลิสและฟุตูนา,1F,ทวีปออสเตรเลีย,32079.0,331.0
2023-11,2023,11,4,417,PE,เปรู,1D,ทวีปอเมริกาใต้,0.0,0.0
2023-11,2023,11,4,499,PG,ปาปัวนิวกินี,1F,ทวีปออสเตรเลีย,3783.0,60.0
2023-11,2023,11,4,441,GH,กานา,1E,ทวีปแอฟริกา,0.0,0.0
2023-11,2023,11,4,352,UZ,อุซเบกิสถาน,1A,ทวีปเอเชีย,0.0,0.0
2023-11,2023,11,4,505,VU,วานูอาตู,1F,ทวีปออสเตรเลีย,0.0,0.0
2023-11,2023,11,4,334,BY,เบลารุส,1B,ทวีปยุโรป,0.0,0.0
2023-11,2023,11,4,282,NP,เนปาล,1A,ทวีปเอเชีย,34403.0,1079.0
2023-11,2023,11,4,527,MK,มาซิโดเนีย,1B,ทวีปยุโรป,0.0,0.0
2023-11,2023,11,4,603,AX,หมู่เกาะโอลันด์,1G,ประเทศอื่น,0.0,0.0
2023-11,2023,11,4,421,UY,อุรุกวัย,1D,ทวีปอเมริกาใต้,0.0,0.0
2023-11,2023,11,4,458,MZ,โมซัมบิก,1E,ทวีปแอฟริกา,0.0,0.0
2023-11,2023,11,4,475,TN,ตูนิเซีย,1E,ทวีปแอฟริกา,0.0,0.0
2023-11,2023,11,4,530,YT,มายอต,1E,ทวีปแอฟริกา,62702.0,556.0
2023-11,2023,11,4,414,GF,เฟรนช์เกียนา,1D,ทวีปอเมริกาใต้,0.0,0.0
2023-11,2023,11,4,387,GP,กวาเดอลูป,1C,ทวีปอเมริกาเหนือ,0.0,0.0
2023-11,2023,11,4,501,PW,ปาลัว,1F,ทวีปออสเตรเลีย,0.0,0.0
2023-11,2023,11,4,510,AS,อเมริกันซามัวร์,1F,ทวีปออสเตรเลีย,0.0,0.0
2023-11,2023,11,4,465,SC,เซเชลส์,1E,ทวีปแอฟริกา,0.0,0.0
2023-11,2023,11,4,358,FO,หมู่เกาะแฟโร (เดนมาร์ก),1B,ทวีปยุโรป,0.0,0.0
2023-11,2023,11,4,324,LU,ลักเซมเบิร์ก,1B,ทวีปยุโรป,0.0,0.0
2023-11,2023,11,4,476,TZ,แทนซาเนีย,1E,ทวีปแอฟริกา,0.0,0.0
2023-12,2023,12,4,373,US,สหรัฐอเมริกา,1C,ทวีปอเมริกาเหนือ,84491238.0,1075401.0
2023-12,2023,12,4,315,DE,เยอรมนี,1B,ทวีปยุโรป,51818742.0,638530.0
2023-12,2023,12,4,325,NL,เนเธอร์แลนด์,1B,ทวีปยุโรป,39077747.0,476607.0
2023-12,2023,12,4,320,GB,สหราชอาณาจักร,1B,ทวีปยุโรป,37424880.0,631567.0
2023-12,2023,12,4,271,MY,มาเลเซีย,1A,ทวีปเอเชีย,44002783.0,553426.0
2023-12,2023,12,4,371,CA,แคนาดา,1C,ทวีปอเมริกาเหนือ,40348174.0,674949.0
2023-12,2023,12,4,306,KR,เกาหลีใต้,1A,ทวีปเอเชีย,36571450.0,627910.0
2023-12,2023,12,4,345,RU,รัสเซีย,1B,ทวีปยุโรป,30390344.0,603760.0
2023-12,2023,12,4,327,SE,สวีเดน,1B,ทวีปยุโรป,27656162.0,460974.0
2023-12,2023,12,4,483,AU,ออสเตรเลีย,1F,ทวีปออสเตรเลีย,16355703.0,294614.0
2023-12,2023,12,4,269,LA,สปป. ลาว,1A,ทวีปเอเชีย,16613010.0,506017.0
2023-12,2023,12,4,268,KH,กัมพูชา,1A,ทวีปเอเชีย,13900885.0,349881.0
2023-12,2023,12,4,319,FR,ฝรั่งเศส,1B,ทวีปยุโรป,10316659.0,188888.0
2023-12,2023,12,4,302,CN,จีน,1A,ทวีปเอเชีย,4681615.0,82030.0
2023-12,2023,12,4,304,JP,ญี่ปุ่น,1A,ทวีปเอเชีย,11101931.0,138469.0
2023-12,2023,12,4,273,SG,สิงคโปร์,1A,ทวีปเอเชีย,7500082.0,129707.0
2023-12,2023,12,4,288,IL,อิสราเอล,1A,ทวีปเอเชีย,14637119.0,318454.0
2023-12,2023,12,4,323,IT,อิตาลี,1B,ทวีปยุโรป,15132947.0,242215.0
2023-12,2023,12,4,279,IN,อินเดีย,1A,ทวีปเอเชีย,8050208.0,121391.0
2023-12,2023,12,4,316,DK,เดนมาร์ก,1B,ทวีปยุโรป,6183979.0,77231.0
2023-12,2023,12,4,366,NO,นอร์เวย์,1B,ทวีปยุโรป,9957397.0,101809.0
2023-12,2023,12,4,372,MX,เม็กซิโก,1C,ทวีปอเมริกาเหนือ,7732305.0,108675.0
2023-12,2023,12,4,317,ES,สเปน,1B,ทวีปยุโรป,3658204.0,48334.0
2023-12,2023,12,4,272,PH,ฟิลิปปินส์,1A,ทวีปเอเชีย,4166398.0,47777.0
2023-12,2023,12,4,285,AE,สหรัฐอาหรับเอมิเรตส์,1A,ทวีปเอเชีย,3229838.0,40339.0
2023-12,2023,12,4,296,SA,ซาอุดีอาระเบีย,1A,ทวีปเอเชีย,5781019.0,67392.0
2023-12,2023,12,4,343,PL,โปแลนด์,1B,ทวีปยุโรป,10795513.0,150207.0
2023-12,2023,12,4,270,MM,เมียนมา,1A,ทวีปเอเชีย,3624279.0,91641.0
2023-12,2023,12,4,298,TR,ตุรกี,1A,ทวีปเอเชีย,2340215.0,25421.0
2023-12,2023,12,4,497,NZ,นิวซีแลนด์,1F,ทวีปออสเตรเลีย,3354966.0,27861.0
2023-12,2023,12,4,309,TW,ไต้หวัน,1A,ทวีปเอเชีย,6002168.0,102383.0
2023-12,2023,12,4,303,HK,ฮ่องกง,1A,ทวีปเอเชีย,3520625.0,49434.0
2023-12,2023,12,4,274,VN,เวียดนาม,1A,ทวีปเอเชีย,1836139.0,27988.0
2023-12,2023,12,4,321,GR,กรีซ,1B,ทวีปยุโรป,2130830.0,46418.0
2023-12,2023,12,4,318,FI,ฟินแลนด์,1B,ทวีปยุโรป,3236986.0,34694.0
2023-12,2023,12,4,322,IE,ไอร์แลนด์,1B,ทวีปยุโรป,3838098.0,46127.0
2023-12,2023,12,4,312,AT,ออสเตรีย,1B,ทวีปยุโรป,4395237.0,89791.0
2023-12,2023,12,4,478,ZA,แอฟริกาใต้,1E,ทวีปแอฟริกา,1533120.0,19533.0
2023-12,2023,12,4,336,CZ,สาธารณรัฐเช็ก,1B,ทวีปยุโรป,561542.0,5633.0
2023-12,2023,12,4,267,ID,อินโดนีเซีย,1A,ทวีปเอเชีย,2406895.0,37836.0
2023-12,2023,12,4,356,CH,สวิตเซอร์แลนด์,1B,ทวีปยุโรป,1280003.0,17526.0
2023-12,2023,12,4,351,UA,ยูเครน,1B,ทวีปยุโรป,0.0,0.0
2023-12,2023,12,4,277,BD,บังกลาเทศ,1A,ทวีปเอเชีย,2071741.0,26527.0
2023-12,2023,12,4,307,MN,มองโกเลีย,1A,ทวีปเอเชีย,0.0,0.0
2023-12,2023,12,4,291,JO,จอร์แดน,1A,ทวีปเอเชีย,1081458.0,14521.0
2023-12,2023,12,4,437,EG,อียิปต์,1E,ทวีปแอฟริกา,1126286.0,19990.0
2023-12,2023,12,4,456,MU,มอริเชียส,1E,ทวีปแอฟริกา,1504009.0,16529.0
2023-12,2023,12,4,326,PT,โปรตุเกส,1B,ทวีปยุโรป,325518.0,2172.0
2023-12,2023,12,4,409,BR,บราซิล,1D,ทวีปอเมริกาใต้,1006357.0,11849.0
2023-12,2023,12,4,292,KW,คูเวต,1A,ทวีปเอเชีย,856460.0,10694.0
2023-12,2023,12,4,363,LV,ลัตเวีย,1B,ทวีปยุโรป,0.0,0.0
2023-12,2023,12,4,451,LY,ลิเบีย,1E,ทวีปแอฟริกา,0.0,0.0
2023-12,2023,12,4,339,HU,ฮังการี,1B,ทวีปยุโรป,0.0,0.0
2023-12,2023,12,4,337,GE,จอร์เจีย,1A,ทวีปเอเชีย,155.0,5.0
2023-12,2023,12,4,287,CY,ไซปรัส,1A,ทวีปเอเชีย,1344928.0,23892.0
2023-12,2023,12,4,266,BN,บรูไน,1A,ทวีปเอเชีย,1010553.0,15540.0
2023-12,2023,12,4,332,AZ,อาเซอร์ไบจาน,1A,ทวีปเอเชีย,638718.0,13235.0
2023-12,2023,12,4,365,MT,มอลตา,1B,ทวีปยุโรป,486208.0,8279.0
2023-12,2023,12,4,289,IQ,อิรัก,1A,ทวีปเอเชีย,516241.0,8088.0
2023-12,2023,12,4,286,BH,บาห์เรน,1A,ทวีปเอเชีย,964752.0,15717.0
2023-12,2023,12,4,293,LB,เลบานอน,1A,ทวีปเอเชีย,341670.0,2797.0
2023-12,2023,12,4,463,RE,เรอูนียง,1E,ทวีปแอฟริกา,245068.0,2624.0
2023-12,2023,12,4,283,PK,ปากีสถาน,1A,ทวีปเอเชีย,0.0,0.0
2023-12,2023,12,4,357,EE,เอสโตเนีย,1B,ทวีปยุโรป,1141838.0,7187.0
2023-12,2023,12,4,295,QA,กาตาร์,1A,ทวีปเอเชีย,34868.0,337.0
2023-12,2023,12,4,344,RO,โรมาเนีย,1B,ทวีปยุโรป,251921.0,4221.0
2023-12,2023,12,4,389,HN,ฮอนดูรัส,1C,ทวีปอเมริกาเหนือ,0.0,0.0
2023-12,2023,12,4,452,MA,โมร็อกโก,1E,ทวีปแอฟริกา,0.0,0.0
2023-12,2023,12,4,294,OM,โอมาน,1A,ทวีปเอเชีย,961250.0,13164.0
2023-12,2023,12,4,333,BG,บัลแกเรีย,1B,ทวีปยุโรป,0.0,0.0
2023-12,2023,12,4,411,CO,โคลอมเบีย,1D,ทวีปอเมริกาใต้,0.0,0.0
2023-12,2023,12,4,486,FJ,ฟิจิ,1F,ทวีปออสเตรเลีย,0.0,0.0
2023-12,2023,12,4,410,CL,ชิลี,1D,ทวีปอเมริกาใต้,0.0,0.0
2023-12,2023,12,4,281,MV,มัลดีฟส์,1A,ทวีปเอเชีย,17211.0,182.0
2023-12,2023,12,4,384,DO,สาธารณรัฐโดมินิกัน,1C,ทวีปอเมริกาเหนือ,705193.0,12479.0
2023-12,2023,12,4,360,IS,ไอซ์แลนด์,1B,ทวีปยุโรป,237594.0,2074.0
2023-12,2023,12,4,407,AR,อาร์เจนตินา,1D,ทวีปอเมริกาใต้,0.0,0.0
2023-12,2023,12,4,362,LT,ลิทัวเนีย,1B,ทวีปยุโรป,0.0,0.0
2023-12,2023,12,4,280,LK,ศรีลังกา,1A,ทวีปเอเชีย,228140.0,2183.0
2023-12,2023,12,4,447,KE,เคนยา,1E,ทวีปแอฟริกา,117562.0,1285.0
2023-12,2023,12,4,381,CR,คอสตาริกา,1C,ทวีปอเมริกาเหนือ,0.0,0.0
2023-12,2023,12,4,420,SR,ซูรินาเม,1D,ทวีปอเมริกาใต้,0.0,0.0
2023-12,2023,12,4,453,MG,มาดากัสการ์,1E,ทวีปแอฟริกา,180898.0,3329.0
2023-12,2023,12,4,377,BB,บาร์เบโดส,1C,ทวีปอเมริกาเหนือ,0.0,0.0
2023-12,2023,12,4,498,PF,เฟรนช์โปลีนีเซีย,1F,ทวีปออสเตรเลีย,0.0,0.0
2023-12,2023,12,4,401,TT,ตรินิแดดและโตเบโก,1C,ทวีปอเมริกาเหนือ,0.0,0.0
2023-12,2023,12,4,313,BE,เบลเยียม,1B,ทวีปยุโรป,112.0,2.0
2023-12,2023,12,4,563,RS,เซอร์เบีย,1B,ทวีปยุโรป,0.0,0.0
2023-12,2023,12,4,331,AM,อาร์เมเนีย,1A,ทวีปเอเชีย,0.0,0.0
2023-12,2023,12,4,461,NG,ไนจีเรีย,1E,ทวีปแอฟริกา,13967.0,240.0
2023-12,2023,12,4,493,NC,นิวแคลีโดเนีย,1F,ทวีปออสเตรเลีย,37309.0,388.0
2023-12,2023,12,4,489,GU,กวม,1F,ทวีปออสเตรเลีย,0.0,0.0
2023-12,2023,12,4,397,PA,ปานามา,1C,ทวีปอเมริกาเหนือ,0.0,0.0
2023-12,2023,12,4,342,MD,มอลโดวา,1B,ทวีปยุโรป,0.0,0.0
2023-12,2023,12,4,504,TO,ตองกา,1F,ทวีปออสเตรเลีย,0.0,0.0
2023-12,2023,12,4,308,MO,มาเก๊า,1A,ทวีปเอเชีย,0.0,0.0
2023-12,2023,12,4,395,MQ,มาร์ตินีก,1C,ทวีปอเมริกาเหนือ,0.0,0.0
2023-12,2023,12,4,330,AL,แอลเบเนีย,1B,ทวีปยุโรป,0.0,0.0
2023-12,2023,12,4,290,IR,อิหร่าน,1A,ทวีปเอเชีย,0.0,0.0
2023-12,2023,12,4,492,MP,เกาะมาเรียนาเหนือ,1F,ทวีปออสเตรเลีย,0.0,0.0
2023-12,2023,12,4,417,PE,เปรู,1D,ทวีปอเมริกาใต้,116715.0,829.0
2023-12,2023,12,4,499,PG,ปาปัวนิวกินี,1F,ทวีปออสเตรเลีย,123060.0,1816.0
2023-12,2023,12,4,346,SI,สโลวีเนีย,1B,ทวีปยุโรป,0.0,0.0
2023-12,2023,12,4,502,SB,โซโลมอน,1F,ทวีปออสเตรเลีย,49460.0,420.0
2023-12,2023,12,4,469,SN,เซเนกัล,1E,ทวีปแอฟริกา,0.0,0.0
2023-12,2023,12,4,506,WS,ซามัวตะวันตก,1F,ทวีปออสเตรเลีย,0.0,0.0
2023-12,2023,12,4,347,SK,สโลวาเกีย,1B,ทวีปยุโรป,0.0,0.0
2023-12,2023,12,4,526,WF,หมู่เกาะวาลลิสและฟุตูนา,1F,ทวีปออสเตรเลีย,0.0,0.0
2023-12,2023,12,4,510,AS,อเมริกันซามัวร์,1F,ทวีปออสเตรเลีย,131526.0,3862.0
2023-12,2023,12,4,441,GH,กานา,1E,ทวีปแอฟริกา,0.0,0.0
2023-12,2023,12,4,352,UZ,อุซเบกิสถาน,1A,ทวีปเอเชีย,0.0,0.0
2023-12,2023,12,4,338,HR,โครเอเชีย,1B,ทวีปยุโรป,103827.0,1674.0
2023-12,2023,12,4,505,VU,วานูอาตู,1F,ทวีปออสเตรเลีย,0.0,0.0
2023-12,2023,12,4,414,GF,เฟรนช์เกียนา,1D,ทวีปอเมริกาใต้,39160.0,690.0
2023-12,2023,12,4,334,BY,เบลารุส,1B,ทวีปยุโรป,0.0,0.0
2023-12,2023,12,4,282,NP,เนปาล,1A,ทวีปเอเชีย,0.0,0.0
2023-12,2023,12,4,527,MK,มาซิโดเนีย,1B,ทวีปยุโรป,0.0,0.0
2023-12,2023,12,4,603,AX,หมู่เกาะโอลันด์,1G,ประเทศอื่น,0.0,0.0
2023-12,2023,12,4,421,UY,อุรุกวัย,1D,ทวีปอเมริกาใต้,0.0,0.0
2023-12,2023,12,4,458,MZ,โมซัมบิก,1E,ทวีปแอฟริกา,0.0,0.0
2023-12,2023,12,4,475,TN,ตูนิเซีย,1E,ทวีปแอฟริกา,0.0,0.0
2023-12,2023,12,4,530,YT,มายอต,1E,ทวีปแอฟริกา,0.0,0.0
2023-12,2023,12,4,387,GP,กวาเดอลูป,1C,ทวีปอเมริกาเหนือ,0.0,0.0
2023-12,2023,12,4,501,PW,ปาลัว,1F,ทวีปออสเตรเลีย,0.0,0.0
2023-12,2023,12,4,465,SC,เซเชลส์,1E,ทวีปแอฟริกา,0.0,0.0
2023-12,2023,12,4,358,FO,หมู่เกาะแฟโร (เดนมาร์ก),1B,ทวีปยุโรป,0.0,0.0
2023-12,2023,12,4,324,LU,ลักเซมเบิร์ก,1B,ทวีปยุโรป,0.0,0.0
2023-12,2023,12,4,476,TZ,แทนซาเนีย,1E,ทวีปแอฟริกา,0.0,0.0
2024-01,2024,1,1,373,US,สหรัฐอเมริกา,1C,ทวีปอเมริกาเหนือ,74792513.0,945936.0
2024-01,2024,1,1,320,GB,สหราชอาณาจักร,1B,ทวีปยุโรป,68675395.0,863099.0
2024-01,2024,1,1,325,NL,เนเธอร์แลนด์,1B,ทวีปยุโรป,50005515.0,539473.0
2024-01,2024,1,1,271,MY,มาเลเซีย,1A,ทวีปเอเชีย,45471837.0,581982.0
2024-01,2024,1,1,315,DE,เยอรมนี,1B,ทวีปยุโรป,44101204.0,511230.0
2024-01,2024,1,1,306,KR,เกาหลีใต้,1A,ทวีปเอเชีย,31806407.0,555300.0
2024-01,2024,1,1,345,RU,รัสเซีย,1B,ทวีปยุโรป,31733553.0,647811.0
2024-01,2024,1,1,327,SE,สวีเดน,1B,ทวีปยุโรป,23151341.0,394207.0
2024-01,2024,1,1,483,AU,ออสเตรเลีย,1F,ทวีปออสเตรเลีย,21797941.0,325086.0
2024-01,2024,1,1,288,IL,อิสราเอล,1A,ทวีปเอเชีย,19023392.0,508587.0
2024-01,2024,1,1,319,FR,ฝรั่งเศส,1B,ทวีปยุโรป,18556646.0,356817.0
2024-01,2024,1,1,269,LA,สปป. ลาว,1A,ทวีปเอเชีย,18127025.0,460896.0
2024-01,2024,1,1,371,CA,แคนาดา,1C,ทวีปอเมริกาเหนือ,16440254.0,296195.0
2024-01,2024,1,1,304,JP,ญี่ปุ่น,1A,ทวีปเอเชีย,14026886.0,191429.0
2024-01,2024,1,1,268,KH,กัมพูชา,1A,ทวีปเอเชีย,11964061.0,308693.0
2024-01,2024,1,1,285,AE,สหรัฐอาหรับเอมิเรตส์,1A,ทวีปเอเชีย,11482126.0,106474.0
2024-01,2024,1,1,273,SG,สิงคโปร์,1A,ทวีปเอเชีย,11135972.0,191963.0
2024-01,2024,1,1,296,SA,ซาอุดีอาระเบีย,1A,ทวีปเอเชีย,9568790.0,132868.0
2024-01,2024,1,1,497,NZ,นิวซีแลนด์,1F,ทวีปออสเตรเลีย,8059789.0,62197.0
2024-01,2024,1,1,316,DK,เดนมาร์ก,1B,ทวีปยุโรป,7312064.0,118404.0
2024-01,2024,1,1,270,MM,เมียนมา,1A,ทวีปเอเชีย,6744002.0,149794.0
2024-01,2024,1,1,343,PL,โปแลนด์,1B,ทวีปยุโรป,6456250.0,94075.0
2024-01,2024,1,1,302,CN,จีน,1A,ทวีปเอเชีย,6286316.0,96764.0
2024-01,2024,1,1,323,IT,อิตาลี,1B,ทวีปยุโรป,4815555.0,106067.0
2024-01,2024,1,1,277,BD,บังกลาเทศ,1A,ทวีปเอเชีย,4634309.0,36552.0
2024-01,2024,1,1,279,IN,อินเดีย,1A,ทวีปเอเชีย,4292114.0,70680.0
2024-01,2024,1,1,303,HK,ฮ่องกง,1A,ทวีปเอเชีย,4093710.0,67583.0
2024-01,2024,1,1,366,NO,นอร์เวย์,1B,ทวีปยุโรป,4088350.0,68789.0
2024-01,2024,1,1,309,TW,ไต้หวัน,1A,ทวีปเอเชีย,3787124.0,72270.0
2024-01,2024,1,1,272,PH,ฟิลิปปินส์,1A,ทวีปเอเชีย,3667825.0,46437.0
2024-01,2024,1,1,274,VN,เวียดนาม,1A,ทวีปเอเชีย,3578000.0,23890.0
2024-01,2024,1,1,478,ZA,แอฟริกาใต้,1E,ทวีปแอฟริกา,2689220.0,26988.0
2024-01,2024,1,1,437,EG,อียิปต์,1E,ทวีปแอฟริกา,2635482.0,24071.0
2024-01,2024,1,1,267,ID,อินโดนีเซีย,1A,ทวีปเอเชีย,2481613.0,34095.0
2024-01,2024,1,1,317,ES,สเปน,1B,ทวีปยุโรป,2414043.0,39745.0
2024-01,2024,1,1,321,GR,กรีซ,1B,ทวีปยุโรป,2179570.0,27555.0
2024-01,2024,1,1,356,CH,สวิตเซอร์แลนด์,1B,ทวีปยุโรป,2033962.0,29303.0
2024-01,2024,1,1,372,MX,เม็กซิโก,1C,ทวีปอเมริกาเหนือ,2014002.0,27935.0
2024-01,2024,1,1,291,JO,จอร์แดน,1A,ทวีปเอเชีย,1934997.0,26134.0
2024-01,2024,1,1,318,FI,ฟินแลนด์,1B,ทวีปยุโรป,1931221.0,28033.0
2024-01,2024,1,1,336,CZ,สาธารณรัฐเช็ก,1B,ทวีปยุโรป,1881063.0,31984.0
2024-01,2024,1,1,326,PT,โปรตุเกส,1B,ทวีปยุโรป,1641080.0,38880.0
2024-01,2024,1,1,298,TR,ตุรกี,1A,ทวีปเอเชีย,1639772.0,22927.0
2024-01,2024,1,1,287,CY,ไซปรัส,1A,ทวีปเอเชีย,1303615.0,21285.0
2024-01,2024,1,1,307,MN,มองโกเลีย,1A,ทวีปเอเชีย,1235248.0,20700.0
2024-01,2024,1,1,351,UA,ยูเครน,1B,ทวีปยุโรป,1120215.0,26893.0
2024-01,2024,1,1,322,IE,ไอร์แลนด์,1B,ทวีปยุโรป,1095426.0,17112.0
2024-01,2024,1,1,312,AT,ออสเตรีย,1B,ทวีปยุโรป,1012384.0,21358.0
2024-01,2024,1,1,332,AZ,อาเซอร์ไบจาน,1A,ทวีปเอเชีย,962707.0,16598.0
2024-01,2024,1,1,389,HN,ฮอนดูรัส,1C,ทวีปอเมริกาเหนือ,890738.0,19593.0
2024-01,2024,1,1,339,HU,ฮังการี,1B,ทวีปยุโรป,827538.0,7116.0
2024-01,2024,1,1,292,KW,คูเวต,1A,ทวีปเอเชีย,787500.0,14277.0
2024-01,2024,1,1,563,RS,เซอร์เบีย,1B,ทวีปยุโรป,753921.0,13319.0
2024-01,2024,1,1,377,BB,บาร์เบโดส,1C,ทวีปอเมริกาเหนือ,687109.0,10968.0
2024-01,2024,1,1,407,AR,อาร์เจนตินา,1D,ทวีปอเมริกาใต้,652952.0,8740.0
2024-01,2024,1,1,342,MD,มอลโดวา,1B,ทวีปยุโรป,624410.0,14788.0
2024-01,2024,1,1,409,BR,บราซิล,1D,ทวีปอเมริกาใต้,403000.0,3382.0
2024-01,2024,1,1,410,CL,ชิลี,1D,ทวีปอเมริกาใต้,356693.0,2411.0
2024-01,2024,1,1,286,BH,บาห์เรน,1A,ทวีปเอเชีย,354035.0,6425.0
2024-01,2024,1,1,365,MT,มอลตา,1B,ทวีปยุโรป,347976.0,6184.0
2024-01,2024,1,1,280,LK,ศรีลังกา,1A,ทวีปเอเชีย,347837.0,3380.0
2024-01,2024,1,1,337,GE,จอร์เจีย,1A,ทวีปเอเชีย,331414.0,7050.0
2024-01,2024,1,1,463,RE,เรอูนียง,1E,ทวีปแอฟริกา,312138.0,1800.0
2024-01,2024,1,1,360,IS,ไอซ์แลนด์,1B,ทวีปยุโรป,245018.0,2138.0
2024-01,2024,1,1,266,BN,บรูไน,1A,ทวีปเอเชีย,211966.0,3780.0
2024-01,2024,1,1,282,NP,เนปาล,1A,ทวีปเอเชีย,197886.0,257.0
2024-01,2024,1,1,313,BE,เบลเยียม,1B,ทวีปยุโรป,197446.0,2250.0
2024-01,2024,1,1,504,TO,ตองกา,1F,ทวีปออสเตรเลีย,180403.0,1701.0
2024-01,2024,1,1,486,FJ,ฟิจิ,1F,ทวีปออสเตรเลีย,150665.0,1491.0
2024-01,2024,1,1,401,TT,ตรินิแดดและโตเบโก,1C,ทวีปอเมริกาเหนือ,107236.0,1083.0
2024-01,2024,1,1,493,NC,นิวแคลีโดเนีย,1F,ทวีปออสเตรเลีย,85239.0,750.0
2024-01,2024,1,1,498,PF,เฟรนช์โปลีนีเซีย,1F,ทวีปออสเตรเลีย,75928.0,658.0
2024-01,2024,1,1,281,MV,มัลดีฟส์,1A,ทวีปเอเชีย,58926.0,1586.0
2024-01,2024,1,1,295,QA,กาตาร์,1A,ทวีปเอเชีย,54970.0,311.0
2024-01,2024,1,1,489,GU,กวม,1F,ทวีปออสเตรเลีย,53792.0,910.0
2024-01,2024,1,1,461,NG,ไนจีเรีย,1E,ทวีปแอฟริกา,41567.0,600.0
2024-01,2024,1,1,526,WF,หมู่เกาะวาลลิสและฟุตูนา,1F,ทวีปออสเตรเลีย,21866.0,235.0
2024-01,2024,1,1,505,VU,วานูอาตู,1F,ทวีปออสเตรเลีย,19998.0,197.0
2024-01,2024,1,1,411,CO,โคลอมเบีย,1D,ทวีปอเมริกาใต้,19978.0,225.0
2024-01,2024,1,1,308,MO,มาเก๊า,1A,ทวีปเอเชีย,17682.0,162.0
2024-01,2024,1,1,499,PG,ปาปัวนิวกินี,1F,ทวีปออสเตรเลีย,226.0,5.0
2024-01,2024,1,1,417,PE,เปรู,1D,ทวีปอเมริกาใต้,139.0,1.0
2024-01,2024,1,1,283,PK,ปากีสถาน,1A,ทวีปเอเชีย,35.0,0.0
2024-02,2024,2,1,373,US,สหรัฐอเมริกา,1C,ทวีปอเมริกาเหนือ,49113651.0,595291.0
2024-02,2024,2,1,320,GB,สหราชอาณาจักร,1B,ทวีปยุโรป,49745999.0,609460.0
2024-02,2024,2,1,315,DE,เยอรมนี,1B,ทวีปยุโรป,55414120.0,587481.0
2024-02,2024,2,1,325,NL,เนเธอร์แลนด์,1B,ทวีปยุโรป,38353495.0,474114.0
2024-02,2024,2,1,271,MY,มาเลเซีย,1A,ทวีปเอเชีย,38827748.0,522662.0
2024-02,2024,2,1,345,RU,รัสเซีย,1B,ทวีปยุโรป,32277372.0,606145.0
2024-02,2024,2,1,327,SE,สวีเดน,1B,ทวีปยุโรป,27495954.0,524929.0
2024-02,2024,2,1,371,CA,แคนาดา,1C,ทวีปอเมริกาเหนือ,32977226.0,587539.0
2024-02,2024,2,1,306,KR,เกาหลีใต้,1A,ทวีปเอเชีย,15543188.0,255163.0
2024-02,2024,2,1,483,AU,ออสเตรเลีย,1F,ทวีปออสเตรเลีย,17940669.0,282003.0
2024-02,2024,2,1,269,LA,สปป. ลาว,1A,ทวีปเอเชีย,19698038.0,627808.0
2024-02,2024,2,1,319,FR,ฝรั่งเศส,1B,ทวีปยุโรป,14507187.0,250986.0
2024-02,2024,2,1,268,KH,กัมพูชา,1A,ทวีปเอเชีย,15620700.0,408129.0
2024-02,2024,2,1,288,IL,อิสราเอล,1A,ทวีปเอเชีย,6643967.0,118191.0
2024-02,2024,2,1,304,JP,ญี่ปุ่น,1A,ทวีปเอเชีย,8207171.0,124896.0
2024-02,2024,2,1,343,PL,โปแลนด์,1B,ทวีปยุโรป,15025569.0,192767.0
2024-02,2024,2,1,273,SG,สิงคโปร์,1A,ทวีปเอเชีย,10273847.0,171599.0
2024-02,2024,2,1,285,AE,สหรัฐอาหรับเอมิเรตส์,1A,ทวีปเอเชีย,7646722.0,77348.0
2024-02,2024,2,1,296,SA,ซาอุดีอาระเบีย,1A,ทวีปเอเชีย,7911440.0,101942.0
2024-02,2024,2,1,302,CN,จีน,1A,ทวีปเอเชีย,10669414.0,160141.0
2024-02,2024,2,1,279,IN,อินเดีย,1A,ทวีปเอเชีย,10867810.0,159327.0
2024-02,2024,2,1,497,NZ,นิวซีแลนด์,1F,ทวีปออสเตรเลีย,5998591.0,59581.0
2024-02,2024,2,1,316,DK,เดนมาร์ก,1B,ทวีปยุโรป,5924227.0,106237.0
2024-02,2024,2,1,270,MM,เมียนมา,1A,ทวีปเอเชีย,6263536.0,120248.0
2024-02,2024,2,1,323,IT,อิตาลี,1B,ทวีปยุโรป,6335727.0,117496.0
2024-02,2024,2,1,309,TW,ไต้หวัน,1A,ทวีปเอเชีย,5964965.0,86026.0
2024-02,2024,2,1,272,PH,ฟิลิปปินส์,1A,ทวีปเอเชีย,4928887.0,51642.0
2024-02,2024,2,1,437,EG,อียิปต์,1E,ทวีปแอฟริกา,5758126.0,79900.0
2024-02,2024,2,1,303,HK,ฮ่องกง,1A,ทวีปเอเชีย,3470642.0,57408.0
2024-02,2024,2,1,274,VN,เวียดนาม,1A,ทวีปเอเชีย,3435081.0,37357.0
2024-02,2024,2,1,298,TR,ตุรกี,1A,ทวีปเอเชีย,4932760.0,64649.0
2024-02,2024,2,1,317,ES,สเปน,1B,ทวีปยุโรป,4087617.0,68553.0
2024-02,2024,2,1,478,ZA,แอฟริกาใต้,1E,ทวีปแอฟริกา,3273151.0,34048.0
2024-02,2024,2,1,277,BD,บังกลาเทศ,1A,ทวีปเอเชีย,1273345.0,10000.0
2024-02,2024,2,1,366,NO,นอร์เวย์,1B,ทวีปยุโรป,1783622.0,10743.0
2024-02,2024,2,1,318,FI,ฟินแลนด์,1B,ทวีปยุโรป,2845017.0,48351.0
2024-02,2024,2,1,322,IE,ไอร์แลนด์,1B,ทวีปยุโรป,3327861.0,38560.0
2024-02,2024,2,1,451,LY,ลิเบีย,1E,ทวีปแอฟริกา,4155071.0,27489.0
2024-02,2024,2,1,321,GR,กรีซ,1B,ทวีปยุโรป,1437869.0,14860.0
2024-02,2024,2,1,312,AT,ออสเตรีย,1B,ทวีปยุโรป,2307637.0,35373.0
2024-02,2024,2,1,356,CH,สวิตเซอร์แลนด์,1B,ทวีปยุโรป,982647.0,14209.0
2024-02,2024,2,1,291,JO,จอร์แดน,1A,ทวีปเอเชีย,795222.0,10583.0
2024-02,2024,2,1,351,UA,ยูเครน,1B,ทวีปยุโรป,1572382.0,17597.0
2024-02,2024,2,1,267,ID,อินโดนีเซีย,1A,ทวีปเอเชีย,154542.0,330.0
2024-02,2024,2,1,292,KW,คูเวต,1A,ทวีปเอเชีย,1788594.0,19367.0
2024-02,2024,2,1,326,PT,โปรตุเกส,1B,ทวีปยุโรป,837861.0,19440.0
2024-02,2024,2,1,336,CZ,สาธารณรัฐเช็ก,1B,ทวีปยุโรป,362752.0,4224.0
2024-02,2024,2,1,332,AZ,อาเซอร์ไบจาน,1A,ทวีปเอเชีย,1241094.0,24960.0
2024-02,2024,2,1,372,MX,เม็กซิโก,1C,ทวีปอเมริกาเหนือ,0.0,0.0
2024-02,2024,2,1,307,MN,มองโกเลีย,1A,ทวีปเอเชีย,736634.0,9221.0
2024-02,2024,2,1,452,MA,โมร็อกโก,1E,ทวีปแอฟริกา,1967460.0,10620.0
2024-02,2024,2,1,295,QA,กาตาร์,1A,ทวีปเอเชีย,1710809.0,24234.0
2024-02,2024,2,1,339,HU,ฮังการี,1B,ทวีปยุโรป,623555.0,5394.0
2024-02,2024,2,1,287,CY,ไซปรัส,1A,ทวีปเอเชีย,77992.0,945.0
2024-02,2024,2,1,283,PK,ปากีสถาน,1A,ทวีปเอเชีย,1037281.0,8984.0
2024-02,2024,2,1,409,BR,บราซิล,1D,ทวีปอเมริกาใต้,600780.0,8604.0
2024-02,2024,2,1,389,HN,ฮอนดูรัส,1C,ทวีปอเมริกาเหนือ,0.0,0.0
2024-02,2024,2,1,266,BN,บรูไน,1A,ทวีปเอเชีย,658316.0,7979.0
2024-02,2024,2,1,489,GU,กวม,1F,ทวีปออสเตรเลีย,706727.0,7026.0
2024-02,2024,2,1,563,RS,เซอร์เบีย,1B,ทวีปยุโรป,0.0,0.0
2024-02,2024,2,1,344,RO,โรมาเนีย,1B,ทวีปยุโรป,733999.0,4630.0
2024-02,2024,2,1,331,AM,อาร์เมเนีย,1A,ทวีปเอเชีย,698660.0,14529.0
2024-02,2024,2,1,377,BB,บาร์เบโดส,1C,ทวีปอเมริกาเหนือ,0.0,0.0
2024-02,2024,2,1,407,AR,อาร์เจนตินา,1D,ทวีปอเมริกาใต้,0.0,0.0
2024-02,2024,2,1,363,LV,ลัตเวีย,1B,ทวีปยุโรป,628015.0,5832.0
2024-02,2024,2,1,342,MD,มอลโดวา,1B,ทวีปยุโรป,0.0,0.0
2024-02,2024,2,1,347,SK,สโลวาเกีย,1B,ทวีปยุโรป,588110.0,7255.0
2024-02,2024,2,1,352,UZ,อุซเบกิสถาน,1A,ทวีปเอเชีย,531947.0,11739.0
2024-02,2024,2,1,420,SR,ซูรินาเม,1D,ทวีปอเมริกาใต้,482616.0,8546.0
2024-02,2024,2,1,281,MV,มัลดีฟส์,1A,ทวีปเอเชีย,412374.0,7351.0
2024-02,2024,2,1,286,BH,บาห์เรน,1A,ทวีปเอเชีย,22542.0,313.0
2024-02,2024,2,1,410,CL,ชิลี,1D,ทวีปอเมริกาใต้,0.0,0.0
2024-02,2024,2,1,365,MT,มอลตา,1B,ทวีปยุโรป,0.0,0.0
2024-02,2024,2,1,280,LK,ศรีลังกา,1A,ทวีปเอเชีย,0.0,0.0
2024-02,2024,2,1,463,RE,เรอูนียง,1E,ทวีปแอฟริกา,34363.0,162.0
2024-02,2024,2,1,456,MU,มอริเชียส,1E,ทวีปแอฟริกา,331689.0,5236.0
2024-02,2024,2,1,337,GE,จอร์เจีย,1A,ทวีปเอเชีย,0.0,0.0
2024-02,2024,2,1,313,BE,เบลเยียม,1B,ทวีปยุโรป,106112.0,900.0
2024-02,2024,2,1,401,TT,ตรินิแดดและโตเบโก,1C,ทวีปอเมริกาเหนือ,137946.0,1162.0
2024-02,2024,2,1,360,IS,ไอซ์แลนด์,1B,ทวีปยุโรป,0.0,0.0
2024-02,2024,2,1,597,CW,CURACAO,1G,ประเทศอื่น,208686.0,2022.0
2024-02,2024,2,1,282,NP,เนปาล,1A,ทวีปเอเชีย,0.0,0.0
2024-02,2024,2,1,504,TO,ตองกา,1F,ทวีปออสเตรเลีย,159.0,0.0
2024-02,2024,2,1,294,OM,โอมาน,1A,ทวีปเอเชีย,175085.0,2100.0
2024-02,2024,2,1,493,NC,นิวแคลีโดเนีย,1F,ทวีปออสเตรเลีย,73162.0,1067.0
2024-02,2024,2,1,486,FJ,ฟิจิ,1F,ทวีปออสเตรเลีย,0.0,0.0
2024-02,2024,2,1,492,MP,เกาะมาเรียนาเหนือ,1F,ทวีปออสเตรเลีย,105051.0,2208.0
2024-02,2024,2,1,502,SB,โซโลมอน,1F,ทวีปออสเตรเลีย,99339.0,720.0
2024-02,2024,2,1,421,UY,อุรุกวัย,1D,ทวีปอเมริกาใต้,89877.0,828.0
2024-02,2024,2,1,293,LB,เลบานอน,1A,ทวีปเอเชีย,88112.0,694.0
2024-02,2024,2,1,498,PF,เฟรนช์โปลีนีเซีย,1F,ทวีปออสเตรเลีย,0.0,0.0
2024-02,2024,2,1,526,WF,หมู่เกาะวาลลิสและฟุตูนา,1F,ทวีปออสเตรเลีย,47945.0,501.0
2024-02,2024,2,1,414,GF,เฟรนช์เกียนา,1D,ทวีปอเมริกาใต้,67534.0,1021.0
2024-02,2024,2,1,338,HR,โครเอเชีย,1B,ทวีปยุโรป,62649.0,1152.0
2024-02,2024,2,1,461,NG,ไนจีเรีย,1E,ทวีปแอฟริกา,8489.0,120.0
2024-02,2024,2,1,357,EE,เอสโตเนีย,1B,ทวีปยุโรป,38692.0,564.0
2024-02,2024,2,1,475,TN,ตูนิเซีย,1E,ทวีปแอฟริกา,28119.0,352.0
2024-02,2024,2,1,505,VU,วานูอาตู,1F,ทวีปออสเตรเลีย,0.0,0.0
2024-02,2024,2,1,411,CO,โคลอมเบีย,1D,ทวีปอเมริกาใต้,0.0,0.0
2024-02,2024,2,1,397,PA,ปานามา,1C,ทวีปอเมริกาเหนือ,19454.0,245.0
2024-02,2024,2,1,308,MO,มาเก๊า,1A,ทวีปเอเชีย,0.0,0.0
2024-02,2024,2,1,447,KE,เคนยา,1E,ทวีปแอฟริกา,13706.0,171.0
2024-02,2024,2,1,506,WS,ซามัวตะวันตก,1F,ทวีปออสเตรเลีย,8441.0,75.0
2024-02,2024,2,1,346,SI,สโลวีเนีย,1B,ทวีปยุโรป,5446.0,46.0
2024-02,2024,2,1,510,AS,อเมริกันซามัวร์,1F,ทวีปออสเตรเลีย,4075.0,52.0
2024-02,2024,2,1,499,PG,ปาปัวนิวกินี,1F,ทวีปออสเตรเลีย,0.0,0.0
2024-02,2024,2,1,417,PE,เปรู,1D,ทวีปอเมริกาใต้,0.0,0.0
2024-03,2024,3,1,373,US,สหรัฐอเมริกา,1C,ทวีปอเมริกาเหนือ,60914458.0,821734.0
2024-03,2024,3,1,320,GB,สหราชอาณาจักร,1B,ทวีปยุโรป,52895606.0,668220.0
2024-03,2024,3,1,315,DE,เยอรมนี,1B,ทวีปยุโรป,44678308.0,470710.0
2024-03,2024,3,1,271,MY,มาเลเซีย,1A,ทวีปเอเชีย,44830890.0,583402.0
2024-03,2024,3,1,325,NL,เนเธอร์แลนด์,1B,ทวีปยุโรป,36578865.0,491382.0
2024-03,2024,3,1,371,CA,แคนาดา,1C,ทวีปอเมริกาเหนือ,35953140.0,647936.0
2024-03,2024,3,1,345,RU,รัสเซีย,1B,ทวีปยุโรป,17034954.0,303434.0
2024-03,2024,3,1,306,KR,เกาหลีใต้,1A,ทวีปเอเชีย,26924964.0,465055.0
2024-03,2024,3,1,327,SE,สวีเดน,1B,ทวีปยุโรป,20872899.0,364449.0
2024-03,2024,3,1,269,LA,สปป. ลาว,1A,ทวีปเอเชีย,20134050.0,621801.0
2024-03,2024,3,1,483,AU,ออสเตรเลีย,1F,ทวีปออสเตรเลีย,11727074.0,182945.0
2024-03,2024,3,1,319,FR,ฝรั่งเศส,1B,ทวีปยุโรป,14188277.0,253068.0
2024-03,2024,3,1,268,KH,กัมพูชา,1A,ทวีปเอเชีย,13487058.0,369523.0
2024-03,2024,3,1,288,IL,อิสราเอล,1A,ทวีปเอเชีย,13865259.0,282082.0
2024-03,2024,3,1,304,JP,ญี่ปุ่น,1A,ทวีปเอเชีย,13236930.0,162985.0
2024-03,2024,3,1,273,SG,สิงคโปร์,1A,ทวีปเอเชีย,12212886.0,204514.0
2024-03,2024,3,1,343,PL,โปแลนด์,1B,ทวีปยุโรป,5814168.0,94882.0
2024-03,2024,3,1,279,IN,อินเดีย,1A,ทวีปเอเชีย,11389315.0,201249.0
2024-03,2024,3,1,302,CN,จีน,1A,ทวีปเอเชีย,9161121.0,173788.0
2024-03,2024,3,1,285,AE,สหรัฐอาหรับเอมิเรตส์,1A,ทวีปเอเชีย,6262087.0,77819.0
2024-03,2024,3,1,323,IT,อิตาลี,1B,ทวีปยุโรป,14012626.0,222673.0
2024-03,2024,3,1,296,SA,ซาอุดีอาระเบีย,1A,ทวีปเอเชีย,6030988.0,73143.0
2024-03,2024,3,1,497,NZ,นิวซีแลนด์,1F,ทวีปออสเตรเลีย,7524000.0,63638.0
2024-03,2024,3,1,316,DK,เดนมาร์ก,1B,ทวีปยุโรป,4150827.0,78815.0
2024-03,2024,3,1,270,MM,เมียนมา,1A,ทวีปเอเชีย,3473823.0,73108.0
2024-03,2024,3,1,298,TR,ตุรกี,1A,ทวีปเอเชีย,9701358.0,121705.0
2024-03,2024,3,1,317,ES,สเปน,1B,ทวีปยุโรป,8623192.0,133342.0
2024-03,2024,3,1,309,TW,ไต้หวัน,1A,ทวีปเอเชีย,4814737.0,83948.0
2024-03,2024,3,1,272,PH,ฟิลิปปินส์,1A,ทวีปเอเชีย,4294310.0,48058.0
2024-03,2024,3,1,274,VN,เวียดนาม,1A,ทวีปเอเชีย,4387407.0,41652.0
2024-03,2024,3,1,303,HK,ฮ่องกง,1A,ทวีปเอเชีย,3158410.0,56762.0
2024-03,2024,3,1,437,EG,อียิปต์,1E,ทวีปแอฟริกา,1664248.0,29376.0
2024-03,2024,3,1,451,LY,ลิเบีย,1E,ทวีปแอฟริกา,4276004.0,34305.0
2024-03,2024,3,1,366,NO,นอร์เวย์,1B,ทวีปยุโรป,2547536.0,21380.0
2024-03,2024,3,1,478,ZA,แอฟริกาใต้,1E,ทวีปแอฟริกา,2198570.0,26835.0
2024-03,2024,3,1,372,MX,เม็กซิโก,1C,ทวีปอเมริกาเหนือ,5256311.0,40931.0
2024-03,2024,3,1,312,AT,ออสเตรีย,1B,ทวีปยุโรป,3870612.0,61739.0
2024-03,2024,3,1,318,FI,ฟินแลนด์,1B,ทวีปยุโรป,1983101.0,22096.0
2024-03,2024,3,1,336,CZ,สาธารณรัฐเช็ก,1B,ทวีปยุโรป,4256473.0,52733.0
2024-03,2024,3,1,322,IE,ไอร์แลนด์,1B,ทวีปยุโรป,2038777.0,26261.0
2024-03,2024,3,1,321,GR,กรีซ,1B,ทวีปยุโรป,2500178.0,47840.0
2024-03,2024,3,1,277,BD,บังกลาเทศ,1A,ทวีปเอเชีย,174750.0,2640.0
2024-03,2024,3,1,351,UA,ยูเครน,1B,ทวีปยุโรป,3017632.0,58790.0
2024-03,2024,3,1,356,CH,สวิตเซอร์แลนด์,1B,ทวีปยุโรป,2371639.0,28210.0
2024-03,2024,3,1,292,KW,คูเวต,1A,ทวีปเอเชีย,2057698.0,30870.0
2024-03,2024,3,1,307,MN,มองโกเลีย,1A,ทวีปเอเชีย,1831906.0,29115.0
2024-03,2024,3,1,287,CY,ไซปรัส,1A,ทวีปเอเชีย,1984121.0,30430.0
2024-03,2024,3,1,267,ID,อินโดนีเซีย,1A,ทวีปเอเชีย,685460.0,7028.0
2024-03,2024,3,1,291,JO,จอร์แดน,1A,ทวีปเอเชีย,371413.0,7593.0
2024-03,2024,3,1,409,BR,บราซิล,1D,ทวีปอเมริกาใต้,1865096.0,13176.0
2024-03,2024,3,1,326,PT,โปรตุเกส,1B,ทวีปยุโรป,318158.0,4376.0
2024-03,2024,3,1,452,MA,โมร็อกโก,1E,ทวีปแอฟริกา,238502.0,2559.0
2024-03,2024,3,1,332,AZ,อาเซอร์ไบจาน,1A,ทวีปเอเชีย,0.0,0.0
2024-03,2024,3,1,295,QA,กาตาร์,1A,ทวีปเอเชีย,219645.0,2410.0
2024-03,2024,3,1,339,HU,ฮังการี,1B,ทวีปยุโรป,453386.0,3839.0
2024-03,2024,3,1,266,BN,บรูไน,1A,ทวีปเอเชีย,938650.0,21224.0
2024-03,2024,3,1,363,LV,ลัตเวีย,1B,ทวีปยุโรป,979281.0,10199.0
2024-03,2024,3,1,337,GE,จอร์เจีย,1A,ทวีปเอเชีย,981991.0,13455.0
2024-03,2024,3,1,293,LB,เลบานอน,1A,ทวีปเอเชีย,1072976.0,13565.0
2024-03,2024,3,1,283,PK,ปากีสถาน,1A,ทวีปเอเชีย,46169.0,372.0
2024-03,2024,3,1,357,EE,เอสโตเนีย,1B,ทวีปยุโรป,1012102.0,5946.0
2024-03,2024,3,1,286,BH,บาห์เรน,1A,ทวีปเอเชีย,571285.0,10856.0
2024-03,2024,3,1,410,CL,ชิลี,1D,ทวีปอเมริกาใต้,544254.0,4555.0
2024-03,2024,3,1,389,HN,ฮอนดูรัส,1C,ทวีปอเมริกาเหนือ,0.0,0.0
2024-03,2024,3,1,415,GY,กายอานา,1D,ทวีปอเมริกาใต้,781988.0,10885.0
2024-03,2024,3,1,489,GU,กวม,1F,ทวีปออสเตรเลีย,0.0,0.0
2024-03,2024,3,1,342,MD,มอลโดวา,1B,ทวีปยุโรป,133583.0,2059.0
2024-03,2024,3,1,563,RS,เซอร์เบีย,1B,ทวีปยุโรป,0.0,0.0
2024-03,2024,3,1,344,RO,โรมาเนีย,1B,ทวีปยุโรป,11618.0,162.0
2024-03,2024,3,1,456,MU,มอริเชียส,1E,ทวีปแอฟริกา,405043.0,5493.0
2024-03,2024,3,1,331,AM,อาร์เมเนีย,1A,ทวีปเอเชีย,0.0,0.0
2024-03,2024,3,1,377,BB,บาร์เบโดส,1C,ทวีปอเมริกาเหนือ,0.0,0.0
2024-03,2024,3,1,504,TO,ตองกา,1F,ทวีปออสเตรเลีย,499220.0,9489.0
2024-03,2024,3,1,281,MV,มัลดีฟส์,1A,ทวีปเอเชีย,197048.0,3848.0
2024-03,2024,3,1,463,RE,เรอูนียง,1E,ทวีปแอฟริกา,320799.0,5050.0
2024-03,2024,3,1,407,AR,อาร์เจนตินา,1D,ทวีปอเมริกาใต้,0.0,0.0
2024-03,2024,3,1,360,IS,ไอซ์แลนด์,1B,ทวีปยุโรป,394106.0,4008.0
2024-03,2024,3,1,280,LK,ศรีลังกา,1A,ทวีปเอเชีย,254414.0,2665.0
2024-03,2024,3,1,347,SK,สโลวาเกีย,1B,ทวีปยุโรป,0.0,0.0
2024-03,2024,3,1,365,MT,มอลตา,1B,ทวีปยุโรป,214756.0,2676.0
2024-03,2024,3,1,352,UZ,อุซเบกิสถาน,1A,ทวีปเอเชีย,0.0,0.0
2024-03,2024,3,1,420,SR,ซูรินาเม,1D,ทวีปอเมริกาใต้,0.0,0.0
2024-03,2024,3,1,294,OM,โอมาน,1A,ทวีปเอเชีย,140534.0,3450.0
2024-03,2024,3,1,313,BE,เบลเยียม,1B,ทวีปยุโรป,286.0,4.0
2024-03,2024,3,1,338,HR,โครเอเชีย,1B,ทวีปยุโรป,183344.0,4008.0
2024-03,2024,3,1,401,TT,ตรินิแดดและโตเบโก,1C,ทวีปอเมริกาเหนือ,0.0,0.0
2024-03,2024,3,1,414,GF,เฟรนช์เกียนา,1D,ทวีปอเมริกาใต้,146774.0,2360.0
2024-03,2024,3,1,597,CW,CURACAO,1G,ประเทศอื่น,0.0,0.0
2024-03,2024,3,1,282,NP,เนปาล,1A,ทวีปเอเชีย,0.0,0.0
2024-03,2024,3,1,453,MG,มาดากัสการ์,1E,ทวีปแอฟริกา,173606.0,3136.0
2024-03,2024,3,1,493,NC,นิวแคลีโดเนีย,1F,ทวีปออสเตรเลีย,0.0,0.0
2024-03,2024,3,1,486,FJ,ฟิจิ,1F,ทวีปออสเตรเลีย,0.0,0.0
2024-03,2024,3,1,492,MP,เกาะมาเรียนาเหนือ,1F,ทวีปออสเตรเลีย,0.0,0.0
2024-03,2024,3,1,502,SB,โซโลมอน,1F,ทวีปออสเตรเลีย,0.0,0.0
2024-03,2024,3,1,498,PF,เฟรนช์โปลีนีเซีย,1F,ทวีปออสเตรเลีย,21234.0,99.0
2024-03,2024,3,1,421,UY,อุรุกวัย,1D,ทวีปอเมริกาใต้,0.0,0.0
2024-03,2024,3,1,526,WF,หมู่เกาะวาลลิสและฟุตูนา,1F,ทวีปออสเตรเลีย,0.0,0.0
2024-03,2024,3,1,411,CO,โคลอมเบีย,1D,ทวีปอเมริกาใต้,40350.0,450.0
2024-03,2024,3,1,346,SI,สโลวีเนีย,1B,ทวีปยุโรป,50333.0,288.0
2024-03,2024,3,1,461,NG,ไนจีเรีย,1E,ทวีปแอฟริกา,0.0,0.0
2024-03,2024,3,1,362,LT,ลิทัวเนีย,1B,ทวีปยุโรป,28598.0,430.0
2024-03,2024,3,1,475,TN,ตูนิเซีย,1E,ทวีปแอฟริกา,0.0,0.0
2024-03,2024,3,1,290,IR,อิหร่าน,1A,ทวีปเอเชีย,21985.0,300.0
2024-03,2024,3,1,505,VU,วานูอาตู,1F,ทวีปออสเตรเลีย,0.0,0.0
2024-03,2024,3,1,397,PA,ปานามา,1C,ทวีปอเมริกาเหนือ,0.0,0.0
2024-03,2024,3,1,308,MO,มาเก๊า,1A,ทวีปเอเชีย,0.0,0.0
2024-03,2024,3,1,447,KE,เคนยา,1E,ทวีปแอฟริกา,0.0,0.0
2024-03,2024,3,1,506,WS,ซามัวตะวันตก,1F,ทวีปออสเตรเลีย,0.0,0.0
2024-03,2024,3,1,510,AS,อเมริกันซามัวร์,1F,ทวีปออสเตรเลีย,0.0,0.0
2024-03,2024,3,1,499,PG,ปาปัวนิวกินี,1F,ทวีปออสเตรเลีย,0.0,0.0
2024-03,2024,3,1,417,PE,เปรู,1D,ทวีปอเมริกาใต้,0.0,0.0
2024-04,2024,4,2,373,US,สหรัฐอเมริกา,1C,ทวีปอเมริกาเหนือ,52890519.0,662572.0
2024-04,2024,4,2,320,GB,สหราชอาณาจักร,1B,ทวีปยุโรป,45051253.0,595876.0
2024-04,2024,4,2,315,DE,เยอรมนี,1B,ทวีปยุโรป,56623024.0,604485.0
2024-04,2024,4,2,325,NL,เนเธอร์แลนด์,1B,ทวีปยุโรป,41748286.0,548464.0
2024-04,2024,4,2,271,MY,มาเลเซีย,1A,ทวีปเอเชีย,36227622.0,481617.0
2024-04,2024,4,2,371,CA,แคนาดา,1C,ทวีปอเมริกาเหนือ,32604273.0,505669.0
2024-04,2024,4,2,306,KR,เกาหลีใต้,1A,ทวีปเอเชีย,25086066.0,380535.0
2024-04,2024,4,2,345,RU,รัสเซีย,1B,ทวีปยุโรป,12137475.0,205565.0
2024-04,2024,4,2,327,SE,สวีเดน,1B,ทวีปยุโรป,16409483.0,289562.0
2024-04,2024,4,2,269,LA,สปป. ลาว,1A,ทวีปเอเชีย,15426076.0,489700.0
2024-04,2024,4,2,483,AU,ออสเตรเลีย,1F,ทวีปออสเตรเลีย,15003590.0,203197.0
2024-04,2024,4,2,319,FR,ฝรั่งเศส,1B,ทวีปยุโรป,17959140.0,288078.0
2024-04,2024,4,2,268,KH,กัมพูชา,1A,ทวีปเอเชีย,11094245.0,287329.0
2024-04,2024,4,2,288,IL,อิสราเอล,1A,ทวีปเอเชีย,8374573.0,119150.0
2024-04,2024,4,2,304,JP,ญี่ปุ่น,1A,ทวีปเอเชีย,11651818.0,137450.0
2024-04,2024,4,2,343,PL,โปแลนด์,1B,ทวีปยุโรป,14860281.0,142546.0
2024-04,2024,4,2,273,SG,สิงคโปร์,1A,ทวีปเอเชีย,7447103.0,136089.0
2024-04,2024,4,2,302,CN,จีน,1A,ทวีปเอเชีย,9700420.0,133852.0
2024-04,2024,4,2,323,IT,อิตาลี,1B,ทวีปยุโรป,9957065.0,159233.0
2024-04,2024,4,2,279,IN,อินเดีย,1A,ทวีปเอเชีย,7251671.0,112722.0
2024-04,2024,4,2,316,DK,เดนมาร์ก,1B,ทวีปยุโรป,12373556.0,154188.0
2024-04,2024,4,2,285,AE,สหรัฐอาหรับเอมิเรตส์,1A,ทวีปเอเชีย,4333131.0,42047.0
2024-04,2024,4,2,296,SA,ซาอุดีอาระเบีย,1A,ทวีปเอเชีย,3399818.0,56454.0
2024-04,2024,4,2,497,NZ,นิวซีแลนด์,1F,ทวีปออสเตรเลีย,2415267.0,25149.0
2024-04,2024,4,2,317,ES,สเปน,1B,ทวีปยุโรป,8730860.0,127699.0
2024-04,2024,4,2,298,TR,ตุรกี,1A,ทวีปเอเชีย,5818351.0,92428.0
2024-04,2024,4,2,272,PH,ฟิลิปปินส์,1A,ทวีปเอเชีย,7957524.0,84559.0
2024-04,2024,4,2,270,MM,เมียนมา,1A,ทวีปเอเชีย,2784785.0,54117.0
2024-04,2024,4,2,309,TW,ไต้หวัน,1A,ทวีปเอเชีย,3100724.0,57710.0
2024-04,2024,4,2,274,VN,เวียดนาม,1A,ทวีปเอเชีย,4671916.0,61526.0
2024-04,2024,4,2,303,HK,ฮ่องกง,1A,ทวีปเอเชีย,3010532.0,53525.0
2024-04,2024,4,2,478,ZA,แอฟริกาใต้,1E,ทวีปแอฟริกา,3586252.0,35247.0
2024-04,2024,4,2,437,EG,อียิปต์,1E,ทวีปแอฟริกา,1467356.0,32848.0
2024-04,2024,4,2,322,IE,ไอร์แลนด์,1B,ทวีปยุโรป,4954701.0,47534.0
2024-04,2024,4,2,321,GR,กรีซ,1B,ทวีปยุโรป,4818102.0,77947.0
2024-04,2024,4,2,366,NO,นอร์เวย์,1B,ทวีปยุโรป,2430933.0,19306.0
2024-04,2024,4,2,336,CZ,สาธารณรัฐเช็ก,1B,ทวีปยุโรป,3912252.0,50153.0
2024-04,2024,4,2,312,AT,ออสเตรีย,1B,ทวีปยุโรป,2685303.0,50510.0
2024-04,2024,4,2,318,FI,ฟินแลนด์,1B,ทวีปยุโรป,3044884.0,43704.0
2024-04,2024,4,2,277,BD,บังกลาเทศ,1A,ทวีปเอเชีย,3024896.0,20253.0
2024-04,2024,4,2,451,LY,ลิเบีย,1E,ทวีปแอฟริกา,0.0,0.0
2024-04,2024,4,2,356,CH,สวิตเซอร์แลนด์,1B,ทวีปยุโรป,2334644.0,30708.0
2024-04,2024,4,2,372,MX,เม็กซิโก,1C,ทวีปอเมริกาเหนือ,248549.0,4229.0
2024-04,2024,4,2,307,MN,มองโกเลีย,1A,ทวีปเอเชีย,3272527.0,50988.0
2024-04,2024,4,2,292,KW,คูเวต,1A,ทวีปเอเชีย,1400301.0,9798.0
2024-04,2024,4,2,351,UA,ยูเครน,1B,ทวีปยุโรป,103900.0,2016.0
2024-04,2024,4,2,326,PT,โปรตุเกส,1B,ทวีปยุโรป,2305512.0,49920.0
2024-04,2024,4,2,267,ID,อินโดนีเซีย,1A,ทวีปเอเชีย,1464428.0,18477.0
2024-04,2024,4,2,287,CY,ไซปรัส,1A,ทวีปเอเชีย,1405539.0,21003.0
2024-04,2024,4,2,291,JO,จอร์แดน,1A,ทวีปเอเชีย,1539023.0,18636.0
2024-04,2024,4,2,409,BR,บราซิล,1D,ทวีปอเมริกาใต้,0.0,0.0
2024-04,2024,4,2,295,QA,กาตาร์,1A,ทวีปเอเชีย,721805.0,11851.0
2024-04,2024,4,2,266,BN,บรูไน,1A,ทวีปเอเชีย,874307.0,10908.0
2024-04,2024,4,2,283,PK,ปากีสถาน,1A,ทวีปเอเชีย,1178531.0,9647.0
2024-04,2024,4,2,389,HN,ฮอนดูรัส,1C,ทวีปอเมริกาเหนือ,1365214.0,30024.0
2024-04,2024,4,2,452,MA,โมร็อกโก,1E,ทวีปแอฟริกา,0.0,0.0
2024-04,2024,4,2,332,AZ,อาเซอร์ไบจาน,1A,ทวีปเอเชีย,0.0,0.0
2024-04,2024,4,2,337,GE,จอร์เจีย,1A,ทวีปเอเชีย,790897.0,12158.0
2024-04,2024,4,2,293,LB,เลบานอน,1A,ทวีปเอเชีย,845798.0,9145.0
2024-04,2024,4,2,339,HU,ฮังการี,1B,ทวีปยุโรป,0.0,0.0
2024-04,2024,4,2,363,LV,ลัตเวีย,1B,ทวีปยุโรป,0.0,0.0
2024-04,2024,4,2,342,MD,มอลโดวา,1B,ทวีปยุโรป,734789.0,16998.0
2024-04,2024,4,2,365,MT,มอลตา,1B,ทวีปยุโรป,859846.0,18739.0
2024-04,2024,4,2,420,SR,ซูรินาเม,1D,ทวีปอเมริกาใต้,708026.0,12522.0
2024-04,2024,4,2,410,CL,ชิลี,1D,ทวีปอเมริกาใต้,236368.0,1633.0
2024-04,2024,4,2,333,BG,บัลแกเรีย,1B,ทวีปยุโรป,1108477.0,12939.0
2024-04,2024,4,2,357,EE,เอสโตเนีย,1B,ทวีปยุโรป,27537.0,420.0
2024-04,2024,4,2,463,RE,เรอูนียง,1E,ทวีปแอฟริกา,389456.0,4177.0
2024-04,2024,4,2,377,BB,บาร์เบโดส,1C,ทวีปอเมริกาเหนือ,363003.0,6325.0
2024-04,2024,4,2,286,BH,บาห์เรน,1A,ทวีปเอเชีย,43062.0,306.0
2024-04,2024,4,2,381,CR,คอสตาริกา,1C,ทวีปอเมริกาเหนือ,835664.0,13087.0
2024-04,2024,4,2,415,GY,กายอานา,1D,ทวีปอเมริกาใต้,0.0,0.0
2024-04,2024,4,2,281,MV,มัลดีฟส์,1A,ทวีปเอเชีย,94944.0,1694.0
2024-04,2024,4,2,489,GU,กวม,1F,ทวีปออสเตรเลีย,0.0,0.0
2024-04,2024,4,2,563,RS,เซอร์เบีย,1B,ทวีปยุโรป,0.0,0.0
2024-04,2024,4,2,344,RO,โรมาเนีย,1B,ทวีปยุโรป,0.0,0.0
2024-04,2024,4,2,456,MU,มอริเชียส,1E,ทวีปแอฟริกา,0.0,0.0
2024-04,2024,4,2,290,IR,อิหร่าน,1A,ทวีปเอเชีย,699315.0,9300.0
2024-04,2024,4,2,331,AM,อาร์เมเนีย,1A,ทวีปเอเชีย,0.0,0.0
2024-04,2024,4,2,504,TO,ตองกา,1F,ทวีปออสเตรเลีย,0.0,0.0
2024-04,2024,4,2,407,AR,อาร์เจนตินา,1D,ทวีปอเมริกาใต้,0.0,0.0
2024-04,2024,4,2,360,IS,ไอซ์แลนด์,1B,ทวีปยุโรป,0.0,0.0
2024-04,2024,4,2,294,OM,โอมาน,1A,ทวีปเอเชีย,298877.0,2832.0
2024-04,2024,4,2,280,LK,ศรีลังกา,1A,ทวีปเอเชีย,0.0,0.0
2024-04,2024,4,2,347,SK,สโลวาเกีย,1B,ทวีปยุโรป,0.0,0.0
2024-04,2024,4,2,282,NP,เนปาล,1A,ทวีปเอเชีย,345200.0,324.0
2024-04,2024,4,2,352,UZ,อุซเบกิสถาน,1A,ทวีปเอเชีย,0.0,0.0
2024-04,2024,4,2,401,TT,ตรินิแดดและโตเบโก,1C,ทวีปอเมริกาเหนือ,248823.0,1981.0
2024-04,2024,4,2,447,KE,เคนยา,1E,ทวีปแอฟริกา,463614.0,4914.0
2024-04,2024,4,2,486,FJ,ฟิจิ,1F,ทวีปออสเตรเลีย,233421.0,3699.0
2024-04,2024,4,2,313,BE,เบลเยียม,1B,ทวีปยุโรป,64508.0,819.0
2024-04,2024,4,2,414,GF,เฟรนช์เกียนา,1D,ทวีปอเมริกาใต้,75258.0,1213.0
2024-04,2024,4,2,338,HR,โครเอเชีย,1B,ทวีปยุโรป,0.0,0.0
2024-04,2024,4,2,492,MP,เกาะมาเรียนาเหนือ,1F,ทวีปออสเตรเลีย,107483.0,1764.0
2024-04,2024,4,2,597,CW,CURACAO,1G,ประเทศอื่น,0.0,0.0
2024-04,2024,4,2,493,NC,นิวแคลีโดเนีย,1F,ทวีปออสเตรเลีย,29020.0,293.0
2024-04,2024,4,2,453,MG,มาดากัสการ์,1E,ทวีปแอฟริกา,0.0,0.0
2024-04,2024,4,2,498,PF,เฟรนช์โปลีนีเซีย,1F,ทวีปออสเตรเลีย,62447.0,346.0
2024-04,2024,4,2,502,SB,โซโลมอน,1F,ทวีปออสเตรเลีย,30221.0,270.0
2024-04,2024,4,2,397,PA,ปานามา,1C,ทวีปอเมริกาเหนือ,76850.0,414.0
2024-04,2024,4,2,421,UY,อุรุกวัย,1D,ทวีปอเมริกาใต้,0.0,0.0
2024-04,2024,4,2,526,WF,หมู่เกาะวาลลิสและฟุตูนา,1F,ทวีปออสเตรเลีย,5831.0,58.0
2024-04,2024,4,2,461,NG,ไนจีเรีย,1E,ทวีปแอฟริกา,23601.0,465.0
2024-04,2024,4,2,346,SI,สโลวีเนีย,1B,ทวีปยุโรป,5516.0,46.0
2024-04,2024,4,2,411,CO,โคลอมเบีย,1D,ทวีปอเมริกาใต้,0.0,0.0
2024-04,2024,4,2,476,TZ,แทนซาเนีย,1E,ทวีปแอฟริกา,44785.0,600.0
2024-04,2024,4,2,362,LT,ลิทัวเนีย,1B,ทวีปยุโรป,0.0,0.0
2024-04,2024,4,2,475,TN,ตูนิเซีย,1E,ทวีปแอฟริกา,0.0,0.0
2024-04,2024,4,2,505,VU,วานูอาตู,1F,ทวีปออสเตรเลีย,0.0,0.0
2024-04,2024,4,2,308,MO,มาเก๊า,1A,ทวีปเอเชีย,0.0,0.0
2024-04,2024,4,2,499,PG,ปาปัวนิวกินี,1F,ทวีปออสเตรเลีย,9387.0,150.0
2024-04,2024,4,2,506,WS,ซามัวตะวันตก,1F,ทวีปออสเตรเลีย,0.0,0.0
2024-04,2024,4,2,510,AS,อเมริกันซามัวร์,1F,ทวีปออสเตรเลีย,0.0,0.0
2024-04,2024,4,2,417,PE,เปรู,1D,ทวีปอเมริกาใต้,0.0,0.0
2024-05,2024,5,2,373,US,สหรัฐอเมริกา,1C,ทวีปอเมริกาเหนือ,67532476.0,977007.0
2024-05,2024,5,2,320,GB,สหราชอาณาจักร,1B,ทวีปยุโรป,58462249.0,687012.0
2024-05,2024,5,2,315,DE,เยอรมนี,1B,ทวีปยุโรป,68049824.0,709068.0
2024-05,2024,5,2,325,NL,เนเธอร์แลนด์,1B,ทวีปยุโรป,46975090.0,648132.0
2024-05,2024,5,2,271,MY,มาเลเซีย,1A,ทวีปเอเชีย,46433857.0,618320.0
2024-05,2024,5,2,371,CA,แคนาดา,1C,ทวีปอเมริกาเหนือ,17366651.0,319622.0
2024-05,2024,5,2,306,KR,เกาหลีใต้,1A,ทวีปเอเชีย,20640803.0,282543.0
2024-05,2024,5,2,345,RU,รัสเซีย,1B,ทวีปยุโรป,26410518.0,499135.0
2024-05,2024,5,2,327,SE,สวีเดน,1B,ทวีปยุโรป,26139697.0,350803.0
2024-05,2024,5,2,483,AU,ออสเตรเลีย,1F,ทวีปออสเตรเลีย,22385376.0,303829.0
2024-05,2024,5,2,269,LA,สปป. ลาว,1A,ทวีปเอเชีย,14685360.0,457231.0
2024-05,2024,5,2,319,FR,ฝรั่งเศส,1B,ทวีปยุโรป,12621013.0,175652.0
2024-05,2024,5,2,268,KH,กัมพูชา,1A,ทวีปเอเชีย,9250730.0,246032.0
2024-05,2024,5,2,288,IL,อิสราเอล,1A,ทวีปเอเชีย,11961121.0,267365.0
2024-05,2024,5,2,343,PL,โปแลนด์,1B,ทวีปยุโรป,17693886.0,152862.0
2024-05,2024,5,2,304,JP,ญี่ปุ่น,1A,ทวีปเอเชีย,12242910.0,156744.0
2024-05,2024,5,2,302,CN,จีน,1A,ทวีปเอเชีย,16702559.0,259016.0
2024-05,2024,5,2,273,SG,สิงคโปร์,1A,ทวีปเอเชีย,6896722.0,104985.0
2024-05,2024,5,2,323,IT,อิตาลี,1B,ทวีปยุโรป,7353122.0,114814.0
2024-05,2024,5,2,279,IN,อินเดีย,1A,ทวีปเอเชีย,8340487.0,109911.0
2024-05,2024,5,2,285,AE,สหรัฐอาหรับเอมิเรตส์,1A,ทวีปเอเชีย,9252901.0,73336.0
2024-05,2024,5,2,316,DK,เดนมาร์ก,1B,ทวีปยุโรป,4904271.0,60676.0
2024-05,2024,5,2,296,SA,ซาอุดีอาระเบีย,1A,ทวีปเอเชีย,7726006.0,119344.0
2024-05,2024,5,2,298,TR,ตุรกี,1A,ทวีปเอเชีย,11522768.0,150061.0
2024-05,2024,5,2,272,PH,ฟิลิปปินส์,1A,ทวีปเอเชีย,9022709.0,90302.0
2024-05,2024,5,2,317,ES,สเปน,1B,ทวีปยุโรป,5708559.0,84840.0
2024-05,2024,5,2,497,NZ,นิวซีแลนด์,1F,ทวีปออสเตรเลีย,2146242.0,35817.0
2024-05,2024,5,2,270,MM,เมียนมา,1A,ทวีปเอเชีย,5478859.0,108126.0
2024-05,2024,5,2,309,TW,ไต้หวัน,1A,ทวีปเอเชีย,6470638.0,128129.0
2024-05,2024,5,2,274,VN,เวียดนาม,1A,ทวีปเอเชีย,4611441.0,41192.0
2024-05,2024,5,2,303,HK,ฮ่องกง,1A,ทวีปเอเชีย,3586740.0,50629.0
2024-05,2024,5,2,366,NO,นอร์เวย์,1B,ทวีปยุโรป,4575256.0,46995.0
2024-05,2024,5,2,322,IE,ไอร์แลนด์,1B,ทวีปยุโรป,2180431.0,22863.0
2024-05,2024,5,2,478,ZA,แอฟริกาใต้,1E,ทวีปแอฟริกา,1496575.0,18263.0
2024-05,2024,5,2,312,AT,ออสเตรีย,1B,ทวีปยุโรป,2815619.0,50792.0
2024-05,2024,5,2,437,EG,อียิปต์,1E,ทวีปแอฟริกา,739772.0,10620.0
2024-05,2024,5,2,321,GR,กรีซ,1B,ทวีปยุโรป,939746.0,10937.0
2024-05,2024,5,2,318,FI,ฟินแลนด์,1B,ทวีปยุโรป,1594416.0,28296.0
2024-05,2024,5,2,277,BD,บังกลาเทศ,1A,ทวีปเอเชีย,1877349.0,12783.0
2024-05,2024,5,2,336,CZ,สาธารณรัฐเช็ก,1B,ทวีปยุโรป,564710.0,6122.0
2024-05,2024,5,2,372,MX,เม็กซิโก,1C,ทวีปอเมริกาเหนือ,2398788.0,34165.0
2024-05,2024,5,2,292,KW,คูเวต,1A,ทวีปเอเชีย,2812116.0,34021.0
2024-05,2024,5,2,356,CH,สวิตเซอร์แลนด์,1B,ทวีปยุโรป,887963.0,19531.0
2024-05,2024,5,2,451,LY,ลิเบีย,1E,ทวีปแอฟริกา,0.0,0.0
2024-05,2024,5,2,307,MN,มองโกเลีย,1A,ทวีปเอเชีย,1223775.0,19348.0
2024-05,2024,5,2,351,UA,ยูเครน,1B,ทวีปยุโรป,1974500.0,35293.0
2024-05,2024,5,2,326,PT,โปรตุเกส,1B,ทวีปยุโรป,867511.0,19440.0
2024-05,2024,5,2,267,ID,อินโดนีเซีย,1A,ทวีปเอเชีย,1125158.0,8529.0
2024-05,2024,5,2,287,CY,ไซปรัส,1A,ทวีปเอเชีย,690534.0,8689.0
2024-05,2024,5,2,291,JO,จอร์แดน,1A,ทวีปเอเชีย,691394.0,8358.0
2024-05,2024,5,2,409,BR,บราซิล,1D,ทวีปอเมริกาใต้,1280840.0,15703.0
2024-05,2024,5,2,295,QA,กาตาร์,1A,ทวีปเอเชีย,606779.0,5471.0
2024-05,2024,5,2,283,PK,ปากีสถาน,1A,ทวีปเอเชีย,1035976.0,8198.0
2024-05,2024,5,2,266,BN,บรูไน,1A,ทวีปเอเชีย,101066.0,1821.0
2024-05,2024,5,2,452,MA,โมร็อกโก,1E,ทวีปแอฟริกา,429011.0,6347.0
2024-05,2024,5,2,363,LV,ลัตเวีย,1B,ทวีปยุโรป,991905.0,10588.0
2024-05,2024,5,2,337,GE,จอร์เจีย,1A,ทวีปเอเชีย,428131.0,9960.0
2024-05,2024,5,2,389,HN,ฮอนดูรัส,1C,ทวีปอเมริกาเหนือ,0.0,0.0
2024-05,2024,5,2,332,AZ,อาเซอร์ไบจาน,1A,ทวีปเอเชีย,0.0,0.0
2024-05,2024,5,2,293,LB,เลบานอน,1A,ทวีปเอเชีย,111408.0,828.0
2024-05,2024,5,2,384,DO,สาธารณรัฐโดมินิกัน,1C,ทวีปอเมริกาเหนือ,2059558.0,32791.0
2024-05,2024,5,2,339,HU,ฮังการี,1B,ทวีปยุโรป,0.0,0.0
2024-05,2024,5,2,289,IQ,อิรัก,1A,ทวีปเอเชีย,1724336.0,24368.0
2024-05,2024,5,2,365,MT,มอลตา,1B,ทวีปยุโรป,212440.0,2667.0
2024-05,2024,5,2,342,MD,มอลโดวา,1B,ทวีปยุโรป,0.0,0.0
2024-05,2024,5,2,286,BH,บาห์เรน,1A,ทวีปเอเชีย,332935.0,3553.0
2024-05,2024,5,2,410,CL,ชิลี,1D,ทวีปอเมริกาใต้,171564.0,939.0
2024-05,2024,5,2,420,SR,ซูรินาเม,1D,ทวีปอเมริกาใต้,0.0,0.0
2024-05,2024,5,2,357,EE,เอสโตเนีย,1B,ทวีปยุโรป,110219.0,1305.0
2024-05,2024,5,2,463,RE,เรอูนียง,1E,ทวีปแอฟริกา,114811.0,1065.0
2024-05,2024,5,2,360,IS,ไอซ์แลนด์,1B,ทวีปยุโรป,520606.0,4548.0
2024-05,2024,5,2,333,BG,บัลแกเรีย,1B,ทวีปยุโรป,0.0,0.0
2024-05,2024,5,2,281,MV,มัลดีฟส์,1A,ทวีปเอเชีย,334862.0,6097.0
2024-05,2024,5,2,377,BB,บาร์เบโดส,1C,ทวีปอเมริกาเหนือ,0.0,0.0
2024-05,2024,5,2,489,GU,กวม,1F,ทวีปออสเตรเลีย,214813.0,2049.0
2024-05,2024,5,2,491,MH,หมู่เกาะมาร์แชล,1F,ทวีปออสเตรเลีย,840887.0,6842.0
2024-05,2024,5,2,381,CR,คอสตาริกา,1C,ทวีปอเมริกาเหนือ,0.0,0.0
2024-05,2024,5,2,504,TO,ตองกา,1F,ทวีปออสเตรเลีย,149584.0,1415.0
2024-05,2024,5,2,415,GY,กายอานา,1D,ทวีปอเมริกาใต้,28840.0,450.0
2024-05,2024,5,2,294,OM,โอมาน,1A,ทวีปเอเชีย,193039.0,2160.0
2024-05,2024,5,2,282,NP,เนปาล,1A,ทวีปเอเชีย,236250.0,900.0
2024-05,2024,5,2,563,RS,เซอร์เบีย,1B,ทวีปยุโรป,0.0,0.0
2024-05,2024,5,2,344,RO,โรมาเนีย,1B,ทวีปยุโรป,0.0,0.0
2024-05,2024,5,2,290,IR,อิหร่าน,1A,ทวีปเอเชีย,22523.0,300.0
2024-05,2024,5,2,456,MU,มอริเชียส,1E,ทวีปแอฟริกา,0.0,0.0
2024-05,2024,5,2,411,CO,โคลอมเบีย,1D,ทวีปอเมริกาใต้,652794.0,8280.0
2024-05,2024,5,2,331,AM,อาร์เมเนีย,1A,ทวีปเอเชีย,0.0,0.0
2024-05,2024,5,2,338,HR,โครเอเชีย,1B,ทวีปยุโรป,411388.0,4041.0
2024-05,2024,5,2,407,AR,อาร์เจนตินา,1D,ทวีปอเมริกาใต้,0.0,0.0
2024-05,2024,5,2,280,LK,ศรีลังกา,1A,ทวีปเอเชีย,1188.0,9.0
2024-05,2024,5,2,347,SK,สโลวาเกีย,1B,ทวีปยุโรป,0.0,0.0
2024-05,2024,5,2,313,BE,เบลเยียม,1B,ทวีปยุโรป,166724.0,762.0
2024-05,2024,5,2,352,UZ,อุซเบกิสถาน,1A,ทวีปเอเชีย,0.0,0.0
2024-05,2024,5,2,401,TT,ตรินิแดดและโตเบโก,1C,ทวีปอเมริกาเหนือ,0.0,0.0
2024-05,2024,5,2,447,KE,เคนยา,1E,ทวีปแอฟริกา,0.0,0.0
2024-05,2024,5,2,493,NC,นิวแคลีโดเนีย,1F,ทวีปออสเตรเลีย,277158.0,1968.0
2024-05,2024,5,2,395,MQ,มาร์ตินีก,1C,ทวีปอเมริกาเหนือ,444858.0,8246.0
2024-05,2024,5,2,486,FJ,ฟิจิ,1F,ทวีปออสเตรเลีย,0.0,0.0
2024-05,2024,5,2,453,MG,มาดากัสการ์,1E,ทวีปแอฟริกา,170314.0,2902.0
2024-05,2024,5,2,414,GF,เฟรนช์เกียนา,1D,ทวีปอเมริกาใต้,0.0,0.0
2024-05,2024,5,2,417,PE,เปรู,1D,ทวีปอเมริกาใต้,214820.0,1216.0
2024-05,2024,5,2,492,MP,เกาะมาเรียนาเหนือ,1F,ทวีปออสเตรเลีย,0.0,0.0
2024-05,2024,5,2,597,CW,CURACAO,1G,ประเทศอื่น,0.0,0.0
2024-05,2024,5,2,498,PF,เฟรนช์โปลีนีเซีย,1F,ทวีปออสเตรเลีย,1680.0,10.0
2024-05,2024,5,2,502,SB,โซโลมอน,1F,ทวีปออสเตรเลีย,0.0,0.0
2024-05,2024,5,2,526,WF,หมู่เกาะวาลลิสและฟุตูนา,1F,ทวีปออสเตรเลีย,32576.0,332.0
2024-05,2024,5,2,457,MW,มาลาวี,1E,ทวีปแอฟริกา,97495.0,138.0
2024-05,2024,5,2,397,PA,ปานามา,1C,ทวีปอเมริกาเหนือ,0.0,0.0
2024-05,2024,5,2,421,UY,อุรุกวัย,1D,ทวีปอเมริกาใต้,0.0,0.0
2024-05,2024,5,2,461,NG,ไนจีเรีย,1E,ทวีปแอฟริกา,0.0,0.0
2024-05,2024,5,2,346,SI,สโลวีเนีย,1B,ทวีปยุโรป,0.0,0.0
2024-05,2024,5,2,476,TZ,แทนซาเนีย,1E,ทวีปแอฟริกา,0.0,0.0
2024-05,2024,5,2,308,MO,มาเก๊า,1A,ทวีปเอเชีย,18569.0,162.0
2024-05,2024,5,2,499,PG,ปาปัวนิวกินี,1F,ทวีปออสเตรเลีย,23081.0,383.0
2024-05,2024,5,2,362,LT,ลิทัวเนีย,1B,ทวีปยุโรป,0.0,0.0
2024-05,2024,5,2,475,TN,ตูนิเซีย,1E,ทวีปแอฟริกา,0.0,0.0
2024-05,2024,5,2,505,VU,วานูอาตู,1F,ทวีปออสเตรเลีย,0.0,0.0
2024-05,2024,5,2,506,WS,ซามัวตะวันตก,1F,ทวีปออสเตรเลีย,0.0,0.0
2024-05,2024,5,2,510,AS,อเมริกันซามัวร์,1F,ทวีปออสเตรเลีย,0.0,0.0
2024-06,2024,6,2,373,US,สหรัฐอเมริกา,1C,ทวีปอเมริกาเหนือ,46498567.0,651197.0
2024-06,2024,6,2,315,DE,เยอรมนี,1B,ทวีปยุโรป,60006784.0,714651.0
2024-06,2024,6,2,320,GB,สหราชอาณาจักร,1B,ทวีปยุโรป,46598617.0,600696.0
2024-06,2024,6,2,325,NL,เนเธอร์แลนด์,1B,ทวีปยุโรป,68417915.0,871310.0
2024-06,2024,6,2,271,MY,มาเลเซีย,1A,ทวีปเอเชีย,32258771.0,431174.0
2024-06,2024,6,2,371,CA,แคนาดา,1C,ทวีปอเมริกาเหนือ,16693920.0,292050.0
2024-06,2024,6,2,327,SE,สวีเดน,1B,ทวีปยุโรป,29300009.0,511599.0
2024-06,2024,6,2,345,RU,รัสเซีย,1B,ทวีปยุโรป,21810507.0,382023.0
2024-06,2024,6,2,306,KR,เกาหลีใต้,1A,ทวีปเอเชีย,19349290.0,267454.0
2024-06,2024,6,2,483,AU,ออสเตรเลีย,1F,ทวีปออสเตรเลีย,31933684.0,460528.0
2024-06,2024,6,2,269,LA,สปป. ลาว,1A,ทวีปเอเชีย,12166182.0,363200.0
2024-06,2024,6,2,319,FR,ฝรั่งเศส,1B,ทวีปยุโรป,17731209.0,321581.0
2024-06,2024,6,2,268,KH,กัมพูชา,1A,ทวีปเอเชีย,10482656.0,290252.0
2024-06,2024,6,2,304,JP,ญี่ปุ่น,1A,ทวีปเอเชีย,11594552.0,151453.0
2024-06,2024,6,2,343,PL,โปแลนด์,1B,ทวีปยุโรป,10976202.0,142066.0
2024-06,2024,6,2,288,IL,อิสราเอล,1A,ทวีปเอเชีย,10195238.0,168696.0
2024-06,2024,6,2,302,CN,จีน,1A,ทวีปเอเชีย,10416972.0,138743.0
2024-06,2024,6,2,273,SG,สิงคโปร์,1A,ทวีปเอเชีย,11327856.0,196691.0
2024-06,2024,6,2,323,IT,อิตาลี,1B,ทวีปยุโรป,7008590.0,117543.0
2024-06,2024,6,2,279,IN,อินเดีย,1A,ทวีปเอเชีย,2602207.0,38118.0
2024-06,2024,6,2,285,AE,สหรัฐอาหรับเอมิเรตส์,1A,ทวีปเอเชีย,5573113.0,54881.0
2024-06,2024,6,2,316,DK,เดนมาร์ก,1B,ทวีปยุโรป,7285020.0,84700.0
2024-06,2024,6,2,272,PH,ฟิลิปปินส์,1A,ทวีปเอเชีย,5784022.0,54473.0
2024-06,2024,6,2,298,TR,ตุรกี,1A,ทวีปเอเชีย,1770385.0,21548.0
2024-06,2024,6,2,296,SA,ซาอุดีอาระเบีย,1A,ทวีปเอเชีย,19184.0,157.0
2024-06,2024,6,2,317,ES,สเปน,1B,ทวีปยุโรป,4947112.0,80104.0
2024-06,2024,6,2,270,MM,เมียนมา,1A,ทวีปเอเชีย,4991975.0,112592.0
2024-06,2024,6,2,497,NZ,นิวซีแลนด์,1F,ทวีปออสเตรเลีย,2517790.0,26294.0
2024-06,2024,6,2,274,VN,เวียดนาม,1A,ทวีปเอเชีย,6766025.0,66294.0
2024-06,2024,6,2,309,TW,ไต้หวัน,1A,ทวีปเอเชีย,1688092.0,28449.0
2024-06,2024,6,2,303,HK,ฮ่องกง,1A,ทวีปเอเชีย,2897416.0,50326.0
2024-06,2024,6,2,312,AT,ออสเตรีย,1B,ทวีปยุโรป,5011397.0,93128.0
2024-06,2024,6,2,322,IE,ไอร์แลนด์,1B,ทวีปยุโรป,2874096.0,38528.0
2024-06,2024,6,2,366,NO,นอร์เวย์,1B,ทวีปยุโรป,652024.0,14479.0
2024-06,2024,6,2,437,EG,อียิปต์,1E,ทวีปแอฟริกา,3796938.0,70231.0
2024-06,2024,6,2,321,GR,กรีซ,1B,ทวีปยุโรป,3809788.0,67613.0
2024-06,2024,6,2,478,ZA,แอฟริกาใต้,1E,ทวีปแอฟริกา,704220.0,4638.0
2024-06,2024,6,2,336,CZ,สาธารณรัฐเช็ก,1B,ทวีปยุโรป,2968699.0,43112.0
2024-06,2024,6,2,318,FI,ฟินแลนด์,1B,ทวีปยุโรป,1691290.0,26794.0
2024-06,2024,6,2,277,BD,บังกลาเทศ,1A,ทวีปเอเชีย,1368175.0,16965.0
2024-06,2024,6,2,356,CH,สวิตเซอร์แลนด์,1B,ทวีปยุโรป,3175679.0,38497.0
2024-06,2024,6,2,372,MX,เม็กซิโก,1C,ทวีปอเมริกาเหนือ,187129.0,3864.0
2024-06,2024,6,2,307,MN,มองโกเลีย,1A,ทวีปเอเชีย,1407911.0,25032.0
2024-06,2024,6,2,292,KW,คูเวต,1A,ทวีปเอเชีย,669165.0,9278.0
2024-06,2024,6,2,351,UA,ยูเครน,1B,ทวีปยุโรป,967095.0,17818.0
2024-06,2024,6,2,451,LY,ลิเบีย,1E,ทวีปแอฟริกา,0.0,0.0
2024-06,2024,6,2,267,ID,อินโดนีเซีย,1A,ทวีปเอเชีย,2501135.0,40338.0
2024-06,2024,6,2,326,PT,โปรตุเกส,1B,ทวีปยุโรป,1063420.0,22392.0
2024-06,2024,6,2,313,BE,เบลเยียม,1B,ทวีปยุโรป,5543053.0,48693.0
2024-06,2024,6,2,287,CY,ไซปรัส,1A,ทวีปเอเชีย,169712.0,1800.0
2024-06,2024,6,2,291,JO,จอร์แดน,1A,ทวีปเอเชีย,4406.0,37.0
2024-06,2024,6,2,295,QA,กาตาร์,1A,ทวีปเอเชีย,949486.0,9780.0
2024-06,2024,6,2,409,BR,บราซิล,1D,ทวีปอเมริกาใต้,0.0,0.0
2024-06,2024,6,2,452,MA,โมร็อกโก,1E,ทวีปแอฟริกา,766185.0,5829.0
2024-06,2024,6,2,363,LV,ลัตเวีย,1B,ทวีปยุโรป,752962.0,8439.0
2024-06,2024,6,2,283,PK,ปากีสถาน,1A,ทวีปเอเชีย,0.0,0.0
2024-06,2024,6,2,266,BN,บรูไน,1A,ทวีปเอเชีย,242002.0,3274.0
2024-06,2024,6,2,384,DO,สาธารณรัฐโดมินิกัน,1C,ทวีปอเมริกาเหนือ,692278.0,10532.0
2024-06,2024,6,2,337,GE,จอร์เจีย,1A,ทวีปเอเชีย,0.0,0.0
2024-06,2024,6,2,389,HN,ฮอนดูรัส,1C,ทวีปอเมริกาเหนือ,213654.0,3937.0
2024-06,2024,6,2,289,IQ,อิรัก,1A,ทวีปเอเชีย,711341.0,15615.0
2024-06,2024,6,2,339,HU,ฮังการี,1B,ทวีปยุโรป,429231.0,3981.0
2024-06,2024,6,2,332,AZ,อาเซอร์ไบจาน,1A,ทวีปเอเชีย,0.0,0.0
2024-06,2024,6,2,293,LB,เลบานอน,1A,ทวีปเอเชีย,0.0,0.0
2024-06,2024,6,2,357,EE,เอสโตเนีย,1B,ทวีปยุโรป,610333.0,3816.0
2024-06,2024,6,2,365,MT,มอลตา,1B,ทวีปยุโรป,0.0,0.0
2024-06,2024,6,2,456,MU,มอริเชียส,1E,ทวีปแอฟริกา,815841.0,10835.0
2024-06,2024,6,2,286,BH,บาห์เรน,1A,ทวีปเอเชีย,187034.0,1062.0
2024-06,2024,6,2,342,MD,มอลโดวา,1B,ทวีปยุโรป,0.0,0.0
2024-06,2024,6,2,360,IS,ไอซ์แลนด์,1B,ทวีปยุโรป,299841.0,3354.0
2024-06,2024,6,2,344,RO,โรมาเนีย,1B,ทวีปยุโรป,706549.0,9813.0
2024-06,2024,6,2,411,CO,โคลอมเบีย,1D,ทวีปอเมริกาใต้,708371.0,9030.0
2024-06,2024,6,2,410,CL,ชิลี,1D,ทวีปอเมริกาใต้,42719.0,732.0
2024-06,2024,6,2,352,UZ,อุซเบกิสถาน,1A,ทวีปเอเชีย,737678.0,16211.0
2024-06,2024,6,2,463,RE,เรอูนียง,1E,ทวีปแอฟริกา,58902.0,942.0
2024-06,2024,6,2,381,CR,คอสตาริกา,1C,ทวีปอเมริกาเหนือ,387320.0,7664.0
2024-06,2024,6,2,420,SR,ซูรินาเม,1D,ทวีปอเมริกาใต้,0.0,0.0
2024-06,2024,6,2,281,MV,มัลดีฟส์,1A,ทวีปเอเชีย,47300.0,964.0
2024-06,2024,6,2,333,BG,บัลแกเรีย,1B,ทวีปยุโรป,0.0,0.0
2024-06,2024,6,2,377,BB,บาร์เบโดส,1C,ทวีปอเมริกาเหนือ,0.0,0.0
2024-06,2024,6,2,489,GU,กวม,1F,ทวีปออสเตรเลีย,57605.0,480.0
2024-06,2024,6,2,282,NP,เนปาล,1A,ทวีปเอเชีย,236500.0,216.0
2024-06,2024,6,2,294,OM,โอมาน,1A,ทวีปเอเชีย,96758.0,854.0
2024-06,2024,6,2,491,MH,หมู่เกาะมาร์แชล,1F,ทวีปออสเตรเลีย,0.0,0.0
2024-06,2024,6,2,504,TO,ตองกา,1F,ทวีปออสเตรเลีย,0.0,0.0
2024-06,2024,6,2,280,LK,ศรีลังกา,1A,ทวีปเอเชีย,223156.0,2243.0
2024-06,2024,6,2,415,GY,กายอานา,1D,ทวีปอเมริกาใต้,0.0,0.0
2024-06,2024,6,2,347,SK,สโลวาเกีย,1B,ทวีปยุโรป,178218.0,2160.0
2024-06,2024,6,2,447,KE,เคนยา,1E,ทวีปแอฟริกา,288744.0,3543.0
2024-06,2024,6,2,563,RS,เซอร์เบีย,1B,ทวีปยุโรป,0.0,0.0
2024-06,2024,6,2,290,IR,อิหร่าน,1A,ทวีปเอเชีย,0.0,0.0
2024-06,2024,6,2,486,FJ,ฟิจิ,1F,ทวีปออสเตรเลีย,327633.0,7000.0
2024-06,2024,6,2,331,AM,อาร์เมเนีย,1A,ทวีปเอเชีย,0.0,0.0
2024-06,2024,6,2,338,HR,โครเอเชีย,1B,ทวีปยุโรป,0.0,0.0
2024-06,2024,6,2,407,AR,อาร์เจนตินา,1D,ทวีปอเมริกาใต้,0.0,0.0
2024-06,2024,6,2,401,TT,ตรินิแดดและโตเบโก,1C,ทวีปอเมริกาเหนือ,0.0,0.0
2024-06,2024,6,2,493,NC,นิวแคลีโดเนีย,1F,ทวีปออสเตรเลีย,0.0,0.0
2024-06,2024,6,2,395,MQ,มาร์ตินีก,1C,ทวีปอเมริกาเหนือ,0.0,0.0
2024-06,2024,6,2,387,GP,กวาเดอลูป,1C,ทวีปอเมริกาเหนือ,438323.0,7296.0
2024-06,2024,6,2,414,GF,เฟรนช์เกียนา,1D,ทวีปอเมริกาใต้,97318.0,1438.0
2024-06,2024,6,2,453,MG,มาดากัสการ์,1E,ทวีปแอฟริกา,0.0,0.0
2024-06,2024,6,2,498,PF,เฟรนช์โปลีนีเซีย,1F,ทวีปออสเตรเลีย,111372.0,972.0
2024-06,2024,6,2,492,MP,เกาะมาเรียนาเหนือ,1F,ทวีปออสเตรเลีย,57063.0,1140.0
2024-06,2024,6,2,461,NG,ไนจีเรีย,1E,ทวีปแอฟริกา,165077.0,2782.0
2024-06,2024,6,2,417,PE,เปรู,1D,ทวีปอเมริกาใต้,0.0,0.0
2024-06,2024,6,2,597,CW,CURACAO,1G,ประเทศอื่น,0.0,0.0
2024-06,2024,6,2,397,PA,ปานามา,1C,ทวีปอเมริกาเหนือ,105019.0,664.0
2024-06,2024,6,2,502,SB,โซโลมอน,1F,ทวีปออสเตรเลีย,0.0,0.0
2024-06,2024,6,2,526,WF,หมู่เกาะวาลลิสและฟุตูนา,1F,ทวีปออสเตรเลีย,0.0,0.0
2024-06,2024,6,2,457,MW,มาลาวี,1E,ทวีปแอฟริกา,0.0,0.0
2024-06,2024,6,2,421,UY,อุรุกวัย,1D,ทวีปอเมริกาใต้,0.0,0.0
2024-06,2024,6,2,443,GN,กินี,1E,ทวีปแอฟริกา,64086.0,1068.0
2024-06,2024,6,2,346,SI,สโลวีเนีย,1B,ทวีปยุโรป,0.0,0.0
2024-06,2024,6,2,476,TZ,แทนซาเนีย,1E,ทวีปแอฟริกา,0.0,0.0
2024-06,2024,6,2,308,MO,มาเก๊า,1A,ทวีปเอเชีย,0.0,0.0
2024-06,2024,6,2,499,PG,ปาปัวนิวกินี,1F,ทวีปออสเตรเลีย,0.0,0.0
2024-06,2024,6,2,362,LT,ลิทัวเนีย,1B,ทวีปยุโรป,0.0,0.0
2024-06,2024,6,2,475,TN,ตูนิเซีย,1E,ทวีปแอฟริกา,0.0,0.0
2024-06,2024,6,2,505,VU,วานูอาตู,1F,ทวีปออสเตรเลีย,0.0,0.0
2024-06,2024,6,2,506,WS,ซามัวตะวันตก,1F,ทวีปออสเตรเลีย,0.0,0.0
2024-06,2024,6,2,510,AS,อเมริกันซามัวร์,1F,ทวีปออสเตรเลีย,0.0,0.0
2024-07,2024,7,3,373,US,สหรัฐอเมริกา,1C,ทวีปอเมริกาเหนือ,60623403.0,820703.0
2024-07,2024,7,3,320,GB,สหราชอาณาจักร,1B,ทวีปยุโรป,65429295.0,796691.0
2024-07,2024,7,3,315,DE,เยอรมนี,1B,ทวีปยุโรป,49888118.0,658152.0
2024-07,2024,7,3,325,NL,เนเธอร์แลนด์,1B,ทวีปยุโรป,61426859.0,825914.0
2024-07,2024,7,3,271,MY,มาเลเซีย,1A,ทวีปเอเชีย,38361687.0,510877.0
2024-07,2024,7,3,345,RU,รัสเซีย,1B,ทวีปยุโรป,36323962.0,637588.0
2024-07,2024,7,3,306,KR,เกาหลีใต้,1A,ทวีปเอเชีย,34955482.0,478954.0
2024-07,2024,7,3,327,SE,สวีเดน,1B,ทวีปยุโรป,30052638.0,511675.0
2024-07,2024,7,3,371,CA,แคนาดา,1C,ทวีปอเมริกาเหนือ,12161199.0,249224.0
2024-07,2024,7,3,483,AU,ออสเตรเลีย,1F,ทวีปออสเตรเลีย,15975704.0,217586.0
2024-07,2024,7,3,319,FR,ฝรั่งเศส,1B,ทวีปยุโรป,22545507.0,373265.0
2024-07,2024,7,3,269,LA,สปป. ลาว,1A,ทวีปเอเชีย,14554598.0,364254.0
2024-07,2024,7,3,288,IL,อิสราเอล,1A,ทวีปเอเชีย,24114082.0,477957.0
2024-07,2024,7,3,304,JP,ญี่ปุ่น,1A,ทวีปเอเชีย,13130512.0,157863.0
2024-07,2024,7,3,268,KH,กัมพูชา,1A,ทวีปเอเชีย,9961315.0,252803.0
2024-07,2024,7,3,343,PL,โปแลนด์,1B,ทวีปยุโรป,9491816.0,112373.0
2024-07,2024,7,3,302,CN,จีน,1A,ทวีปเอเชีย,7512809.0,104921.0
2024-07,2024,7,3,273,SG,สิงคโปร์,1A,ทวีปเอเชีย,10376754.0,142936.0
2024-07,2024,7,3,323,IT,อิตาลี,1B,ทวีปยุโรป,12630671.0,223043.0
2024-07,2024,7,3,279,IN,อินเดีย,1A,ทวีปเอเชีย,12366341.0,176451.0
2024-07,2024,7,3,285,AE,สหรัฐอาหรับเอมิเรตส์,1A,ทวีปเอเชีย,7502533.0,60364.0
2024-07,2024,7,3,316,DK,เดนมาร์ก,1B,ทวีปยุโรป,4872192.0,84170.0
2024-07,2024,7,3,272,PH,ฟิลิปปินส์,1A,ทวีปเอเชีย,5991149.0,65427.0
2024-07,2024,7,3,317,ES,สเปน,1B,ทวีปยุโรป,6710593.0,89070.0
2024-07,2024,7,3,296,SA,ซาอุดีอาระเบีย,1A,ทวีปเอเชีย,6544059.0,118207.0
2024-07,2024,7,3,298,TR,ตุรกี,1A,ทวีปเอเชีย,4476113.0,74567.0
2024-07,2024,7,3,497,NZ,นิวซีแลนด์,1F,ทวีปออสเตรเลีย,9693031.0,81954.0
2024-07,2024,7,3,274,VN,เวียดนาม,1A,ทวีปเอเชีย,4433503.0,32382.0
2024-07,2024,7,3,270,MM,เมียนมา,1A,ทวีปเอเชีย,1549642.0,44272.0
2024-07,2024,7,3,309,TW,ไต้หวัน,1A,ทวีปเอเชีย,3627899.0,64706.0
2024-07,2024,7,3,303,HK,ฮ่องกง,1A,ทวีปเอเชีย,3954316.0,67614.0
2024-07,2024,7,3,312,AT,ออสเตรีย,1B,ทวีปยุโรป,3029561.0,50413.0
2024-07,2024,7,3,321,GR,กรีซ,1B,ทวีปยุโรป,4658790.0,58764.0
2024-07,2024,7,3,366,NO,นอร์เวย์,1B,ทวีปยุโรป,3531474.0,38278.0
2024-07,2024,7,3,322,IE,ไอร์แลนด์,1B,ทวีปยุโรป,1060101.0,11265.0
2024-07,2024,7,3,478,ZA,แอฟริกาใต้,1E,ทวีปแอฟริกา,3402058.0,33572.0
2024-07,2024,7,3,437,EG,อียิปต์,1E,ทวีปแอฟริกา,378290.0,2509.0
2024-07,2024,7,3,277,BD,บังกลาเทศ,1A,ทวีปเอเชีย,4008102.0,20077.0
2024-07,2024,7,3,336,CZ,สาธารณรัฐเช็ก,1B,ทวีปยุโรป,2387153.0,26383.0
2024-07,2024,7,3,318,FI,ฟินแลนด์,1B,ทวีปยุโรป,1954497.0,28012.0
2024-07,2024,7,3,356,CH,สวิตเซอร์แลนด์,1B,ทวีปยุโรป,2055506.0,27417.0
2024-07,2024,7,3,372,MX,เม็กซิโก,1C,ทวีปอเมริกาเหนือ,2640765.0,42183.0
2024-07,2024,7,3,307,MN,มองโกเลีย,1A,ทวีปเอเชีย,2696776.0,49086.0
2024-07,2024,7,3,451,LY,ลิเบีย,1E,ทวีปแอฟริกา,3483088.0,30592.0
2024-07,2024,7,3,267,ID,อินโดนีเซีย,1A,ทวีปเอเชีย,2407234.0,27402.0
2024-07,2024,7,3,351,UA,ยูเครน,1B,ทวีปยุโรป,1968118.0,41856.0
2024-07,2024,7,3,292,KW,คูเวต,1A,ทวีปเอเชีย,866816.0,7568.0
2024-07,2024,7,3,291,JO,จอร์แดน,1A,ทวีปเอเชีย,3181568.0,38825.0
2024-07,2024,7,3,326,PT,โปรตุเกส,1B,ทวีปยุโรป,1033421.0,21006.0
2024-07,2024,7,3,295,QA,กาตาร์,1A,ทวีปเอเชีย,2375514.0,33979.0
2024-07,2024,7,3,287,CY,ไซปรัส,1A,ทวีปเอเชีย,607199.0,8228.0
2024-07,2024,7,3,313,BE,เบลเยียม,1B,ทวีปยุโรป,0.0,0.0
2024-07,2024,7,3,409,BR,บราซิล,1D,ทวีปอเมริกาใต้,438048.0,7198.0
2024-07,2024,7,3,363,LV,ลัตเวีย,1B,ทวีปยุโรป,1170714.0,17192.0
2024-07,2024,7,3,283,PK,ปากีสถาน,1A,ทวีปเอเชีย,1066827.0,10733.0
2024-07,2024,7,3,337,GE,จอร์เจีย,1A,ทวีปเอเชีย,1416048.0,22098.0
2024-07,2024,7,3,339,HU,ฮังการี,1B,ทวีปยุโรป,1324164.0,10165.0
2024-07,2024,7,3,332,AZ,อาเซอร์ไบจาน,1A,ทวีปเอเชีย,1230306.0,23858.0
2024-07,2024,7,3,452,MA,โมร็อกโก,1E,ทวีปแอฟริกา,0.0,0.0
2024-07,2024,7,3,266,BN,บรูไน,1A,ทวีปเอเชีย,277977.0,5040.0
2024-07,2024,7,3,389,HN,ฮอนดูรัส,1C,ทวีปอเมริกาเหนือ,684271.0,15108.0
2024-07,2024,7,3,344,RO,โรมาเนีย,1B,ทวีปยุโรป,1657289.0,19131.0
2024-07,2024,7,3,293,LB,เลบานอน,1A,ทวีปเอเชีย,729431.0,4427.0
2024-07,2024,7,3,384,DO,สาธารณรัฐโดมินิกัน,1C,ทวีปอเมริกาเหนือ,0.0,0.0
2024-07,2024,7,3,286,BH,บาห์เรน,1A,ทวีปเอเชีย,969320.0,7790.0
2024-07,2024,7,3,289,IQ,อิรัก,1A,ทวีปเอเชีย,0.0,0.0
2024-07,2024,7,3,456,MU,มอริเชียส,1E,ทวีปแอฟริกา,762430.0,10472.0
2024-07,2024,7,3,420,SR,ซูรินาเม,1D,ทวีปอเมริกาใต้,768359.0,13107.0
2024-07,2024,7,3,365,MT,มอลตา,1B,ทวีปยุโรป,262718.0,3662.0
2024-07,2024,7,3,357,EE,เอสโตเนีย,1B,ทวีปยุโรป,26852.0,240.0
2024-07,2024,7,3,360,IS,ไอซ์แลนด์,1B,ทวีปยุโรป,356390.0,3110.0
2024-07,2024,7,3,410,CL,ชิลี,1D,ทวีปอเมริกาใต้,330764.0,3190.0
2024-07,2024,7,3,463,RE,เรอูนียง,1E,ทวีปแอฟริกา,325131.0,4017.0
2024-07,2024,7,3,342,MD,มอลโดวา,1B,ทวีปยุโรป,0.0,0.0
2024-07,2024,7,3,411,CO,โคลอมเบีย,1D,ทวีปอเมริกาใต้,0.0,0.0
2024-07,2024,7,3,486,FJ,ฟิจิ,1F,ทวีปออสเตรเลีย,617847.0,6265.0
2024-07,2024,7,3,377,BB,บาร์เบโดส,1C,ทวีปอเมริกาเหนือ,240783.0,4089.0
2024-07,2024,7,3,352,UZ,อุซเบกิสถาน,1A,ทวีปเอเชีย,0.0,0.0
2024-07,2024,7,3,294,OM,โอมาน,1A,ทวีปเอเชีย,355986.0,6474.0
2024-07,2024,7,3,281,MV,มัลดีฟส์,1A,ทวีปเอเชีย,88482.0,1056.0
2024-07,2024,7,3,381,CR,คอสตาริกา,1C,ทวีปอเมริกาเหนือ,0.0,0.0
2024-07,2024,7,3,333,BG,บัลแกเรีย,1B,ทวีปยุโรป,0.0,0.0
2024-07,2024,7,3,489,GU,กวม,1F,ทวีปออสเตรเลีย,60009.0,674.0
2024-07,2024,7,3,282,NP,เนปาล,1A,ทวีปเอเชีย,0.0,0.0
2024-07,2024,7,3,407,AR,อาร์เจนตินา,1D,ทวีปอเมริกาใต้,343824.0,1428.0
2024-07,2024,7,3,491,MH,หมู่เกาะมาร์แชล,1F,ทวีปออสเตรเลีย,0.0,0.0
2024-07,2024,7,3,504,TO,ตองกา,1F,ทวีปออสเตรเลีย,0.0,0.0
2024-07,2024,7,3,280,LK,ศรีลังกา,1A,ทวีปเอเชีย,0.0,0.0
2024-07,2024,7,3,415,GY,กายอานา,1D,ทวีปอเมริกาใต้,0.0,0.0
2024-07,2024,7,3,401,TT,ตรินิแดดและโตเบโก,1C,ทวีปอเมริกาเหนือ,293299.0,2218.0
2024-07,2024,7,3,347,SK,สโลวาเกีย,1B,ทวีปยุโรป,0.0,0.0
2024-07,2024,7,3,447,KE,เคนยา,1E,ทวีปแอฟริกา,0.0,0.0
2024-07,2024,7,3,563,RS,เซอร์เบีย,1B,ทวีปยุโรป,0.0,0.0
2024-07,2024,7,3,290,IR,อิหร่าน,1A,ทวีปเอเชีย,0.0,0.0
2024-07,2024,7,3,331,AM,อาร์เมเนีย,1A,ทวีปเอเชีย,0.0,0.0
2024-07,2024,7,3,338,HR,โครเอเชีย,1B,ทวีปยุโรป,0.0,0.0
2024-07,2024,7,3,498,PF,เฟรนช์โปลีนีเซีย,1F,ทวีปออสเตรเลีย,327216.0,5516.0
2024-07,2024,7,3,493,NC,นิวแคลีโดเนีย,1F,ทวีปออสเตรเลีย,10921.0,171.0
2024-07,2024,7,3,414,GF,เฟรนช์เกียนา,1D,ทวีปอเมริกาใต้,78045.0,1147.0
2024-07,2024,7,3,395,MQ,มาร์ตินีก,1C,ทวีปอเมริกาเหนือ,0.0,0.0
2024-07,2024,7,3,387,GP,กวาเดอลูป,1C,ทวีปอเมริกาเหนือ,0.0,0.0
2024-07,2024,7,3,453,MG,มาดากัสการ์,1E,ทวีปแอฟริกา,0.0,0.0
2024-07,2024,7,3,492,MP,เกาะมาเรียนาเหนือ,1F,ทวีปออสเตรเลีย,0.0,0.0
2024-07,2024,7,3,461,NG,ไนจีเรีย,1E,ทวีปแอฟริกา,11382.0,276.0
2024-07,2024,7,3,502,SB,โซโลมอน,1F,ทวีปออสเตรเลีย,115948.0,948.0
2024-07,2024,7,3,417,PE,เปรู,1D,ทวีปอเมริกาใต้,0.0,0.0
2024-07,2024,7,3,597,CW,CURACAO,1G,ประเทศอื่น,0.0,0.0
2024-07,2024,7,3,397,PA,ปานามา,1C,ทวีปอเมริกาเหนือ,0.0,0.0
2024-07,2024,7,3,475,TN,ตูนิเซีย,1E,ทวีปแอฟริกา,152304.0,2112.0
2024-07,2024,7,3,526,WF,หมู่เกาะวาลลิสและฟุตูนา,1F,ทวีปออสเตรเลีย,0.0,0.0
2024-07,2024,7,3,457,MW,มาลาวี,1E,ทวีปแอฟริกา,0.0,0.0
2024-07,2024,7,3,361,LI,ลิกเตนสไตน์,1B,ทวีปยุโรป,92279.0,1098.0
2024-07,2024,7,3,421,UY,อุรุกวัย,1D,ทวีปอเมริกาใต้,0.0,0.0
2024-07,2024,7,3,346,SI,สโลวีเนีย,1B,ทวีปยุโรป,9642.0,91.0
2024-07,2024,7,3,530,YT,มายอต,1E,ทวีปแอฟริกา,70572.0,557.0
2024-07,2024,7,3,308,MO,มาเก๊า,1A,ทวีปเอเชีย,32131.0,272.0
2024-07,2024,7,3,443,GN,กินี,1E,ทวีปแอฟริกา,0.0,0.0
2024-07,2024,7,3,476,TZ,แทนซาเนีย,1E,ทวีปแอฟริกา,0.0,0.0
2024-07,2024,7,3,499,PG,ปาปัวนิวกินี,1F,ทวีปออสเตรเลีย,0.0,0.0
2024-07,2024,7,3,362,LT,ลิทัวเนีย,1B,ทวีปยุโรป,0.0,0.0
2024-07,2024,7,3,441,GH,กานา,1E,ทวีปแอฟริกา,25536.0,420.0
2024-07,2024,7,3,505,VU,วานูอาตู,1F,ทวีปออสเตรเลีย,0.0,0.0
2024-07,2024,7,3,506,WS,ซามัวตะวันตก,1F,ทวีปออสเตรเลีย,0.0,0.0
2024-07,2024,7,3,510,AS,อเมริกันซามัวร์,1F,ทวีปออสเตรเลีย,0.0,0.0
2024-07,2024,7,3,278,BT,ภูฎาน,1A,ทวีปเอเชีย,3586.0,42.0
2024-08,2024,8,3,373,US,สหรัฐอเมริกา,1C,ทวีปอเมริกาเหนือ,65598864.0,900162.0
2024-08,2024,8,3,320,GB,สหราชอาณาจักร,1B,ทวีปยุโรป,42592743.0,561628.0
2024-08,2024,8,3,315,DE,เยอรมนี,1B,ทวีปยุโรป,49299340.0,644657.0
2024-08,2024,8,3,325,NL,เนเธอร์แลนด์,1B,ทวีปยุโรป,43724130.0,623759.0
2024-08,2024,8,3,271,MY,มาเลเซีย,1A,ทวีปเอเชีย,41638588.0,553273.0
2024-08,2024,8,3,345,RU,รัสเซีย,1B,ทวีปยุโรป,31947170.0,572659.0
2024-08,2024,8,3,306,KR,เกาหลีใต้,1A,ทวีปเอเชีย,24332639.0,347758.0
2024-08,2024,8,3,327,SE,สวีเดน,1B,ทวีปยุโรป,23721935.0,390183.0
2024-08,2024,8,3,371,CA,แคนาดา,1C,ทวีปอเมริกาเหนือ,24240451.0,492378.0
2024-08,2024,8,3,483,AU,ออสเตรเลีย,1F,ทวีปออสเตรเลีย,22680825.0,308139.0
2024-08,2024,8,3,319,FR,ฝรั่งเศส,1B,ทวีปยุโรป,14580376.0,222850.0
2024-08,2024,8,3,269,LA,สปป. ลาว,1A,ทวีปเอเชีย,8111422.0,170171.0
2024-08,2024,8,3,288,IL,อิสราเอล,1A,ทวีปเอเชีย,9153159.0,203191.0
2024-08,2024,8,3,343,PL,โปแลนด์,1B,ทวีปยุโรป,15406450.0,211666.0
2024-08,2024,8,3,304,JP,ญี่ปุ่น,1A,ทวีปเอเชีย,9685494.0,131234.0
2024-08,2024,8,3,268,KH,กัมพูชา,1A,ทวีปเอเชีย,6349772.0,159142.0
2024-08,2024,8,3,302,CN,จีน,1A,ทวีปเอเชีย,14149184.0,192223.0
2024-08,2024,8,3,273,SG,สิงคโปร์,1A,ทวีปเอเชีย,11539233.0,210556.0
2024-08,2024,8,3,323,IT,อิตาลี,1B,ทวีปยุโรป,13207765.0,187951.0
2024-08,2024,8,3,279,IN,อินเดีย,1A,ทวีปเอเชีย,7422679.0,123818.0
2024-08,2024,8,3,285,AE,สหรัฐอาหรับเอมิเรตส์,1A,ทวีปเอเชีย,7532860.0,79117.0
2024-08,2024,8,3,317,ES,สเปน,1B,ทวีปยุโรป,12126686.0,211998.0
2024-08,2024,8,3,316,DK,เดนมาร์ก,1B,ทวีปยุโรป,5624899.0,104190.0
2024-08,2024,8,3,272,PH,ฟิลิปปินส์,1A,ทวีปเอเชีย,10728425.0,106536.0
2024-08,2024,8,3,298,TR,ตุรกี,1A,ทวีปเอเชีย,12084622.0,151405.0
2024-08,2024,8,3,296,SA,ซาอุดีอาระเบีย,1A,ทวีปเอเชีย,6328565.0,114320.0
2024-08,2024,8,3,497,NZ,นิวซีแลนด์,1F,ทวีปออสเตรเลีย,7248626.0,64282.0
2024-08,2024,8,3,274,VN,เวียดนาม,1A,ทวีปเอเชีย,4564862.0,86209.0
2024-08,2024,8,3,309,TW,ไต้หวัน,1A,ทวีปเอเชีย,4747122.0,66481.0
2024-08,2024,8,3,270,MM,เมียนมา,1A,ทวีปเอเชีย,1827989.0,46496.0
2024-08,2024,8,3,303,HK,ฮ่องกง,1A,ทวีปเอเชีย,2349821.0,29214.0
2024-08,2024,8,3,312,AT,ออสเตรีย,1B,ทวีปยุโรป,4018664.0,64551.0
2024-08,2024,8,3,321,GR,กรีซ,1B,ทวีปยุโรป,4156752.0,71752.0
2024-08,2024,8,3,322,IE,ไอร์แลนด์,1B,ทวีปยุโรป,5322739.0,50092.0
2024-08,2024,8,3,366,NO,นอร์เวย์,1B,ทวีปยุโรป,1747735.0,11156.0
2024-08,2024,8,3,437,EG,อียิปต์,1E,ทวีปแอฟริกา,3693989.0,64417.0
2024-08,2024,8,3,478,ZA,แอฟริกาใต้,1E,ทวีปแอฟริกา,2695389.0,24867.0
2024-08,2024,8,3,336,CZ,สาธารณรัฐเช็ก,1B,ทวีปยุโรป,2766114.0,37951.0
2024-08,2024,8,3,318,FI,ฟินแลนด์,1B,ทวีปยุโรป,2855615.0,33110.0
2024-08,2024,8,3,277,BD,บังกลาเทศ,1A,ทวีปเอเชีย,872948.0,6008.0
2024-08,2024,8,3,356,CH,สวิตเซอร์แลนด์,1B,ทวีปยุโรป,539291.0,8821.0
2024-08,2024,8,3,451,LY,ลิเบีย,1E,ทวีปแอฟริกา,1711153.0,10892.0
2024-08,2024,8,3,291,JO,จอร์แดน,1A,ทวีปเอเชีย,4652406.0,60248.0
2024-08,2024,8,3,372,MX,เม็กซิโก,1C,ทวีปอเมริกาเหนือ,273441.0,5287.0
2024-08,2024,8,3,307,MN,มองโกเลีย,1A,ทวีปเอเชีย,551894.0,8904.0
2024-08,2024,8,3,267,ID,อินโดนีเซีย,1A,ทวีปเอเชีย,1351251.0,14245.0
2024-08,2024,8,3,292,KW,คูเวต,1A,ทวีปเอเชีย,1499017.0,12004.0
2024-08,2024,8,3,351,UA,ยูเครน,1B,ทวีปยุโรป,1104789.0,22241.0
2024-08,2024,8,3,326,PT,โปรตุเกส,1B,ทวีปยุโรป,0.0,0.0
2024-08,2024,8,3,409,BR,บราซิล,1D,ทวีปอเมริกาใต้,2553824.0,24601.0
2024-08,2024,8,3,295,QA,กาตาร์,1A,ทวีปเอเชีย,379860.0,2737.0
2024-08,2024,8,3,313,BE,เบลเยียม,1B,ทวีปยุโรป,723935.0,5982.0
2024-08,2024,8,3,283,PK,ปากีสถาน,1A,ทวีปเอเชีย,2008816.0,19314.0
2024-08,2024,8,3,287,CY,ไซปรัส,1A,ทวีปเอเชีย,64770.0,978.0
2024-08,2024,8,3,363,LV,ลัตเวีย,1B,ทวีปยุโรป,1279675.0,19221.0
2024-08,2024,8,3,352,UZ,อุซเบกิสถาน,1A,ทวีปเอเชีย,4459937.0,92976.0
2024-08,2024,8,3,339,HU,ฮังการี,1B,ทวีปยุโรป,1279228.0,11210.0
2024-08,2024,8,3,266,BN,บรูไน,1A,ทวีปเอเชีย,1511408.0,24449.0
2024-08,2024,8,3,289,IQ,อิรัก,1A,ทวีปเอเชีย,2262840.0,31666.0
2024-08,2024,8,3,389,HN,ฮอนดูรัส,1C,ทวีปอเมริกาเหนือ,1427838.0,31763.0
2024-08,2024,8,3,337,GE,จอร์เจีย,1A,ทวีปเอเชีย,80963.0,1223.0
2024-08,2024,8,3,332,AZ,อาเซอร์ไบจาน,1A,ทวีปเอเชีย,545399.0,5472.0
2024-08,2024,8,3,384,DO,สาธารณรัฐโดมินิกัน,1C,ทวีปอเมริกาเหนือ,969320.0,17331.0
2024-08,2024,8,3,344,RO,โรมาเนีย,1B,ทวีปยุโรป,608792.0,3990.0
2024-08,2024,8,3,293,LB,เลบานอน,1A,ทวีปเอเชีย,752690.0,13456.0
2024-08,2024,8,3,452,MA,โมร็อกโก,1E,ทวีปแอฟริกา,0.0,0.0
2024-08,2024,8,3,286,BH,บาห์เรน,1A,ทวีปเอเชีย,292008.0,2757.0
2024-08,2024,8,3,456,MU,มอริเชียส,1E,ทวีปแอฟริกา,380599.0,3794.0
2024-08,2024,8,3,365,MT,มอลตา,1B,ทวีปยุโรป,296905.0,3165.0
2024-08,2024,8,3,410,CL,ชิลี,1D,ทวีปอเมริกาใต้,345217.0,1931.0
2024-08,2024,8,3,420,SR,ซูรินาเม,1D,ทวีปอเมริกาใต้,0.0,0.0
2024-08,2024,8,3,357,EE,เอสโตเนีย,1B,ทวีปยุโรป,76066.0,885.0
2024-08,2024,8,3,360,IS,ไอซ์แลนด์,1B,ทวีปยุโรป,0.0,0.0
2024-08,2024,8,3,463,RE,เรอูนียง,1E,ทวีปแอฟริกา,215303.0,3000.0
2024-08,2024,8,3,281,MV,มัลดีฟส์,1A,ทวีปเอเชีย,456378.0,5509.0
2024-08,2024,8,3,342,MD,มอลโดวา,1B,ทวีปยุโรป,0.0,0.0
2024-08,2024,8,3,486,FJ,ฟิจิ,1F,ทวีปออสเตรเลีย,99679.0,916.0
2024-08,2024,8,3,411,CO,โคลอมเบีย,1D,ทวีปอเมริกาใต้,0.0,0.0
2024-08,2024,8,3,377,BB,บาร์เบโดส,1C,ทวีปอเมริกาเหนือ,0.0,0.0
2024-08,2024,8,3,294,OM,โอมาน,1A,ทวีปเอเชีย,0.0,0.0
2024-08,2024,8,3,407,AR,อาร์เจนตินา,1D,ทวีปอเมริกาใต้,226249.0,2272.0
2024-08,2024,8,3,381,CR,คอสตาริกา,1C,ทวีปอเมริกาเหนือ,0.0,0.0
2024-08,2024,8,3,489,GU,กวม,1F,ทวีปออสเตรเลีย,30681.0,534.0
2024-08,2024,8,3,333,BG,บัลแกเรีย,1B,ทวีปยุโรป,0.0,0.0
2024-08,2024,8,3,282,NP,เนปาล,1A,ทวีปเอเชีย,0.0,0.0
2024-08,2024,8,3,387,GP,กวาเดอลูป,1C,ทวีปอเมริกาเหนือ,436865.0,7296.0
2024-08,2024,8,3,504,TO,ตองกา,1F,ทวีปออสเตรเลีย,19216.0,162.0
2024-08,2024,8,3,491,MH,หมู่เกาะมาร์แชล,1F,ทวีปออสเตรเลีย,0.0,0.0
2024-08,2024,8,3,280,LK,ศรีลังกา,1A,ทวีปเอเชีย,0.0,0.0
2024-08,2024,8,3,415,GY,กายอานา,1D,ทวีปอเมริกาใต้,0.0,0.0
2024-08,2024,8,3,401,TT,ตรินิแดดและโตเบโก,1C,ทวีปอเมริกาเหนือ,0.0,0.0
2024-08,2024,8,3,347,SK,สโลวาเกีย,1B,ทวีปยุโรป,47.0,8.0
2024-08,2024,8,3,447,KE,เคนยา,1E,ทวีปแอฟริกา,0.0,0.0
2024-08,2024,8,3,563,RS,เซอร์เบีย,1B,ทวีปยุโรป,0.0,0.0
2024-08,2024,8,3,290,IR,อิหร่าน,1A,ทวีปเอเชีย,0.0,0.0
2024-08,2024,8,3,331,AM,อาร์เมเนีย,1A,ทวีปเอเชีย,0.0,0.0
2024-08,2024,8,3,338,HR,โครเอเชีย,1B,ทวีปยุโรป,0.0,0.0
2024-08,2024,8,3,498,PF,เฟรนช์โปลีนีเซีย,1F,ทวีปออสเตรเลีย,3360.0,18.0
2024-08,2024,8,3,493,NC,นิวแคลีโดเนีย,1F,ทวีปออสเตรเลีย,78944.0,610.0
2024-08,2024,8,3,453,MG,มาดากัสการ์,1E,ทวีปแอฟริกา,194047.0,3563.0
2024-08,2024,8,3,414,GF,เฟรนช์เกียนา,1D,ทวีปอเมริกาใต้,71851.0,1104.0
2024-08,2024,8,3,330,AL,แอลเบเนีย,1B,ทวีปยุโรป,460000.0,432.0
2024-08,2024,8,3,395,MQ,มาร์ตินีก,1C,ทวีปอเมริกาเหนือ,0.0,0.0
2024-08,2024,8,3,475,TN,ตูนิเซีย,1E,ทวีปแอฟริกา,91970.0,612.0
2024-08,2024,8,3,492,MP,เกาะมาเรียนาเหนือ,1F,ทวีปออสเตรเลีย,0.0,0.0
2024-08,2024,8,3,461,NG,ไนจีเรีย,1E,ทวีปแอฟริกา,0.0,0.0
2024-08,2024,8,3,502,SB,โซโลมอน,1F,ทวีปออสเตรเลีย,0.0,0.0
2024-08,2024,8,3,487,FM,ไมโครนีเซีย,1F,ทวีปออสเตรเลีย,220457.0,1755.0
2024-08,2024,8,3,417,PE,เปรู,1D,ทวีปอเมริกาใต้,0.0,0.0
2024-08,2024,8,3,597,CW,CURACAO,1G,ประเทศอื่น,0.0,0.0
2024-08,2024,8,3,397,PA,ปานามา,1C,ทวีปอเมริกาเหนือ,0.0,0.0
2024-08,2024,8,3,526,WF,หมู่เกาะวาลลิสและฟุตูนา,1F,ทวีปออสเตรเลีย,44487.0,462.0
2024-08,2024,8,3,469,SN,เซเนกัล,1E,ทวีปแอฟริกา,126940.0,1806.0
2024-08,2024,8,3,308,MO,มาเก๊า,1A,ทวีปเอเชีย,48906.0,461.0
2024-08,2024,8,3,457,MW,มาลาวี,1E,ทวีปแอฟริกา,0.0,0.0
2024-08,2024,8,3,361,LI,ลิกเตนสไตน์,1B,ทวีปยุโรป,0.0,0.0
2024-08,2024,8,3,421,UY,อุรุกวัย,1D,ทวีปอเมริกาใต้,0.0,0.0
2024-08,2024,8,3,346,SI,สโลวีเนีย,1B,ทวีปยุโรป,0.0,0.0
2024-08,2024,8,3,530,YT,มายอต,1E,ทวีปแอฟริกา,0.0,0.0
2024-08,2024,8,3,443,GN,กินี,1E,ทวีปแอฟริกา,0.0,0.0
2024-08,2024,8,3,476,TZ,แทนซาเนีย,1E,ทวีปแอฟริกา,0.0,0.0
2024-08,2024,8,3,499,PG,ปาปัวนิวกินี,1F,ทวีปออสเตรเลีย,0.0,0.0
2024-08,2024,8,3,505,VU,วานูอาตู,1F,ทวีปออสเตรเลีย,12164.0,115.0
2024-08,2024,8,3,362,LT,ลิทัวเนีย,1B,ทวีปยุโรป,0.0,0.0
2024-08,2024,8,3,441,GH,กานา,1E,ทวีปแอฟริกา,0.0,0.0
2024-08,2024,8,3,458,MZ,โมซัมบิก,1E,ทวีปแอฟริกา,18301.0,408.0
2024-08,2024,8,3,506,WS,ซามัวตะวันตก,1F,ทวีปออสเตรเลีย,0.0,0.0
2024-08,2024,8,3,510,AS,อเมริกันซามัวร์,1F,ทวีปออสเตรเลีย,0.0,0.0
2024-08,2024,8,3,278,BT,ภูฎาน,1A,ทวีปเอเชีย,0.0,0.0
2024-09,2024,9,3,373,US,สหรัฐอเมริกา,1C,ทวีปอเมริกาเหนือ,51940637.0,739584.0
2024-09,2024,9,3,320,GB,สหราชอาณาจักร,1B,ทวีปยุโรป,40848873.0,585997.0
2024-09,2024,9,3,315,DE,เยอรมนี,1B,ทวีปยุโรป,39989895.0,555463.0
2024-09,2024,9,3,325,NL,เนเธอร์แลนด์,1B,ทวีปยุโรป,69507980.0,782128.0
2024-09,2024,9,3,271,MY,มาเลเซีย,1A,ทวีปเอเชีย,37767113.0,495967.0
2024-09,2024,9,3,345,RU,รัสเซีย,1B,ทวีปยุโรป,66225313.0,1325302.0
2024-09,2024,9,3,306,KR,เกาหลีใต้,1A,ทวีปเอเชีย,18520518.0,306113.0
2024-09,2024,9,3,327,SE,สวีเดน,1B,ทวีปยุโรป,19734726.0,362674.0
2024-09,2024,9,3,371,CA,แคนาดา,1C,ทวีปอเมริกาเหนือ,15172812.0,273015.0
2024-09,2024,9,3,483,AU,ออสเตรเลีย,1F,ทวีปออสเตรเลีย,14842503.0,202637.0
2024-09,2024,9,3,319,FR,ฝรั่งเศส,1B,ทวีปยุโรป,19659390.0,339644.0
2024-09,2024,9,3,269,LA,สปป. ลาว,1A,ทวีปเอเชีย,15042900.0,362621.0
2024-09,2024,9,3,288,IL,อิสราเอล,1A,ทวีปเอเชีย,4824047.0,105137.0
2024-09,2024,9,3,304,JP,ญี่ปุ่น,1A,ทวีปเอเชีย,10335104.0,133345.0
2024-09,2024,9,3,343,PL,โปแลนด์,1B,ทวีปยุโรป,6297659.0,106430.0
2024-09,2024,9,3,268,KH,กัมพูชา,1A,ทวีปเอเชีย,10432803.0,277091.0
2024-09,2024,9,3,302,CN,จีน,1A,ทวีปเอเชีย,12357829.0,178187.0
2024-09,2024,9,3,273,SG,สิงคโปร์,1A,ทวีปเอเชีย,13243286.0,248044.0
2024-09,2024,9,3,323,IT,อิตาลี,1B,ทวีปยุโรป,14077956.0,244712.0
2024-09,2024,9,3,279,IN,อินเดีย,1A,ทวีปเอเชีย,8853862.0,143446.0
2024-09,2024,9,3,285,AE,สหรัฐอาหรับเอมิเรตส์,1A,ทวีปเอเชีย,5773738.0,62825.0
2024-09,2024,9,3,298,TR,ตุรกี,1A,ทวีปเอเชีย,11284407.0,140690.0
2024-09,2024,9,3,272,PH,ฟิลิปปินส์,1A,ทวีปเอเชีย,10365072.0,104879.0
2024-09,2024,9,3,317,ES,สเปน,1B,ทวีปยุโรป,3357754.0,59190.0
2024-09,2024,9,3,316,DK,เดนมาร์ก,1B,ทวีปยุโรป,2392037.0,35049.0
2024-09,2024,9,3,296,SA,ซาอุดีอาระเบีย,1A,ทวีปเอเชีย,6690927.0,95065.0
2024-09,2024,9,3,497,NZ,นิวซีแลนด์,1F,ทวีปออสเตรเลีย,2658991.0,47665.0
2024-09,2024,9,3,274,VN,เวียดนาม,1A,ทวีปเอเชีย,5723464.0,94454.0
2024-09,2024,9,3,309,TW,ไต้หวัน,1A,ทวีปเอเชีย,5064138.0,96103.0
2024-09,2024,9,3,270,MM,เมียนมา,1A,ทวีปเอเชีย,2250134.0,50758.0
2024-09,2024,9,3,303,HK,ฮ่องกง,1A,ทวีปเอเชีย,3457159.0,55703.0
2024-09,2024,9,3,321,GR,กรีซ,1B,ทวีปยุโรป,4470860.0,73058.0
2024-09,2024,9,3,312,AT,ออสเตรีย,1B,ทวีปยุโรป,2252984.0,37489.0
2024-09,2024,9,3,322,IE,ไอร์แลนด์,1B,ทวีปยุโรป,2476229.0,29167.0
2024-09,2024,9,3,366,NO,นอร์เวย์,1B,ทวีปยุโรป,3660181.0,49582.0
2024-09,2024,9,3,318,FI,ฟินแลนด์,1B,ทวีปยุโรป,6106043.0,91852.0
2024-09,2024,9,3,478,ZA,แอฟริกาใต้,1E,ทวีปแอฟริกา,3842280.0,39052.0
2024-09,2024,9,3,336,CZ,สาธารณรัฐเช็ก,1B,ทวีปยุโรป,3761037.0,46514.0
2024-09,2024,9,3,437,EG,อียิปต์,1E,ทวีปแอฟริกา,305454.0,4257.0
2024-09,2024,9,3,277,BD,บังกลาเทศ,1A,ทวีปเอเชีย,1214603.0,14160.0
2024-09,2024,9,3,267,ID,อินโดนีเซีย,1A,ทวีปเอเชีย,3984414.0,70745.0
2024-09,2024,9,3,356,CH,สวิตเซอร์แลนด์,1B,ทวีปยุโรป,748314.0,12486.0
2024-09,2024,9,3,291,JO,จอร์แดน,1A,ทวีปเอเชีย,1384016.0,23034.0
2024-09,2024,9,3,351,UA,ยูเครน,1B,ทวีปยุโรป,2174661.0,24478.0
2024-09,2024,9,3,451,LY,ลิเบีย,1E,ทวีปแอฟริกา,0.0,0.0
2024-09,2024,9,3,307,MN,มองโกเลีย,1A,ทวีปเอเชีย,542343.0,9414.0
2024-09,2024,9,3,292,KW,คูเวต,1A,ทวีปเอเชีย,1551805.0,26238.0
2024-09,2024,9,3,372,MX,เม็กซิโก,1C,ทวีปอเมริกาเหนือ,265013.0,5394.0
2024-09,2024,9,3,326,PT,โปรตุเกส,1B,ทวีปยุโรป,1184274.0,26544.0
2024-09,2024,9,3,409,BR,บราซิล,1D,ทวีปอเมริกาใต้,1456026.0,19445.0
2024-09,2024,9,3,287,CY,ไซปรัส,1A,ทวีปเอเชีย,2208676.0,44194.0
2024-09,2024,9,3,295,QA,กาตาร์,1A,ทวีปเอเชีย,219020.0,2102.0
2024-09,2024,9,3,283,PK,ปากีสถาน,1A,ทวีปเอเชีย,508744.0,4804.0
2024-09,2024,9,3,289,IQ,อิรัก,1A,ทวีปเอเชีย,2141924.0,33505.0
2024-09,2024,9,3,313,BE,เบลเยียม,1B,ทวีปยุโรป,0.0,0.0
2024-09,2024,9,3,266,BN,บรูไน,1A,ทวีปเอเชีย,1041983.0,18383.0
2024-09,2024,9,3,363,LV,ลัตเวีย,1B,ทวีปยุโรป,0.0,0.0
2024-09,2024,9,3,352,UZ,อุซเบกิสถาน,1A,ทวีปเอเชีย,0.0,0.0
2024-09,2024,9,3,332,AZ,อาเซอร์ไบจาน,1A,ทวีปเอเชีย,1509229.0,28272.0
2024-09,2024,9,3,337,GE,จอร์เจีย,1A,ทวีปเอเชีย,1092904.0,15622.0
2024-09,2024,9,3,339,HU,ฮังการี,1B,ทวีปยุโรป,1285.0,29.0
2024-09,2024,9,3,389,HN,ฮอนดูรัส,1C,ทวีปอเมริกาเหนือ,0.0,0.0
2024-09,2024,9,3,293,LB,เลบานอน,1A,ทวีปเอเชีย,955286.0,10349.0
2024-09,2024,9,3,344,RO,โรมาเนีย,1B,ทวีปยุโรป,686854.0,6432.0
2024-09,2024,9,3,384,DO,สาธารณรัฐโดมินิกัน,1C,ทวีปอเมริกาเหนือ,0.0,0.0
2024-09,2024,9,3,452,MA,โมร็อกโก,1E,ทวีปแอฟริกา,303966.0,1750.0
2024-09,2024,9,3,286,BH,บาห์เรน,1A,ทวีปเอเชีย,739385.0,7504.0
2024-09,2024,9,3,410,CL,ชิลี,1D,ทวีปอเมริกาใต้,983638.0,7311.0
2024-09,2024,9,3,456,MU,มอริเชียส,1E,ทวีปแอฟริกา,130026.0,1904.0
2024-09,2024,9,3,365,MT,มอลตา,1B,ทวีปยุโรป,53596.0,334.0
2024-09,2024,9,3,463,RE,เรอูนียง,1E,ทวีปแอฟริกา,417366.0,4224.0
2024-09,2024,9,3,342,MD,มอลโดวา,1B,ทวีปยุโรป,572746.0,12673.0
2024-09,2024,9,3,360,IS,ไอซ์แลนด์,1B,ทวีปยุโรป,243889.0,3140.0
2024-09,2024,9,3,420,SR,ซูรินาเม,1D,ทวีปอเมริกาใต้,0.0,0.0
2024-09,2024,9,3,357,EE,เอสโตเนีย,1B,ทวีปยุโรป,12968.0,324.0
2024-09,2024,9,3,281,MV,มัลดีฟส์,1A,ทวีปเอเชีย,176968.0,4537.0
2024-09,2024,9,3,486,FJ,ฟิจิ,1F,ทวีปออสเตรเลีย,394383.0,4009.0
2024-09,2024,9,3,282,NP,เนปาล,1A,ทวีปเอเชีย,785096.0,11586.0
2024-09,2024,9,3,407,AR,อาร์เจนตินา,1D,ทวีปอเมริกาใต้,572540.0,5137.0
2024-09,2024,9,3,563,RS,เซอร์เบีย,1B,ทวีปยุโรป,999499.0,19851.0
2024-09,2024,9,3,377,BB,บาร์เบโดส,1C,ทวีปอเมริกาเหนือ,305731.0,6309.0
2024-09,2024,9,3,294,OM,โอมาน,1A,ทวีปเอเชีย,322127.0,4007.0
2024-09,2024,9,3,347,SK,สโลวาเกีย,1B,ทวีปยุโรป,771541.0,17886.0
2024-09,2024,9,3,411,CO,โคลอมเบีย,1D,ทวีปอเมริกาใต้,69204.0,750.0
2024-09,2024,9,3,280,LK,ศรีลังกา,1A,ทวีปเอเชีย,613878.0,7296.0
2024-09,2024,9,3,504,TO,ตองกา,1F,ทวีปออสเตรเลีย,520720.0,11574.0
2024-09,2024,9,3,381,CR,คอสตาริกา,1C,ทวีปอเมริกาเหนือ,0.0,0.0
2024-09,2024,9,3,489,GU,กวม,1F,ทวีปออสเตรเลีย,0.0,0.0
2024-09,2024,9,3,333,BG,บัลแกเรีย,1B,ทวีปยุโรป,0.0,0.0
2024-09,2024,9,3,387,GP,กวาเดอลูป,1C,ทวีปอเมริกาเหนือ,0.0,0.0
2024-09,2024,9,3,491,MH,หมู่เกาะมาร์แชล,1F,ทวีปออสเตรเลีย,0.0,0.0
2024-09,2024,9,3,415,GY,กายอานา,1D,ทวีปอเมริกาใต้,0.0,0.0
2024-09,2024,9,3,401,TT,ตรินิแดดและโตเบโก,1C,ทวีปอเมริกาเหนือ,0.0,0.0
2024-09,2024,9,3,447,KE,เคนยา,1E,ทวีปแอฟริกา,18880.0,217.0
2024-09,2024,9,3,453,MG,มาดากัสการ์,1E,ทวีปแอฟริกา,229933.0,4339.0
2024-09,2024,9,3,290,IR,อิหร่าน,1A,ทวีปเอเชีย,0.0,0.0
2024-09,2024,9,3,331,AM,อาร์เมเนีย,1A,ทวีปเอเชีย,0.0,0.0
2024-09,2024,9,3,338,HR,โครเอเชีย,1B,ทวีปยุโรป,0.0,0.0
2024-09,2024,9,3,493,NC,นิวแคลีโดเนีย,1F,ทวีปออสเตรเลีย,82874.0,1136.0
2024-09,2024,9,3,414,GF,เฟรนช์เกียนา,1D,ทวีปอเมริกาใต้,83504.0,1327.0
2024-09,2024,9,3,498,PF,เฟรนช์โปลีนีเซีย,1F,ทวีปออสเตรเลีย,0.0,0.0
2024-09,2024,9,3,330,AL,แอลเบเนีย,1B,ทวีปยุโรป,0.0,0.0
2024-09,2024,9,3,395,MQ,มาร์ตินีก,1C,ทวีปอเมริกาเหนือ,0.0,0.0
2024-09,2024,9,3,397,PA,ปานามา,1C,ทวีปอเมริกาเหนือ,197605.0,1451.0
2024-09,2024,9,3,417,PE,เปรู,1D,ทวีปอเมริกาใต้,176989.0,1165.0
2024-09,2024,9,3,475,TN,ตูนิเซีย,1E,ทวีปแอฟริกา,84517.0,1077.0
2024-09,2024,9,3,341,KZ,คาซัคสถาน,1A,ทวีปเอเชีย,340291.0,2391.0
2024-09,2024,9,3,492,MP,เกาะมาเรียนาเหนือ,1F,ทวีปออสเตรเลีย,50813.0,1104.0
2024-09,2024,9,3,461,NG,ไนจีเรีย,1E,ทวีปแอฟริกา,0.0,0.0
2024-09,2024,9,3,502,SB,โซโลมอน,1F,ทวีปออสเตรเลีย,0.0,0.0
2024-09,2024,9,3,487,FM,ไมโครนีเซีย,1F,ทวีปออสเตรเลีย,0.0,0.0
2024-09,2024,9,3,597,CW,CURACAO,1G,ประเทศอื่น,0.0,0.0
2024-09,2024,9,3,421,UY,อุรุกวัย,1D,ทวีปอเมริกาใต้,104910.0,990.0
2024-09,2024,9,3,499,PG,ปาปัวนิวกินี,1F,ทวีปออสเตรเลีย,141916.0,2230.0
2024-09,2024,9,3,526,WF,หมู่เกาะวาลลิสและฟุตูนา,1F,ทวีปออสเตรเลีย,0.0,0.0
2024-09,2024,9,3,469,SN,เซเนกัล,1E,ทวีปแอฟริกา,0.0,0.0
2024-09,2024,9,3,308,MO,มาเก๊า,1A,ทวีปเอเชีย,4308.0,31.0
2024-09,2024,9,3,457,MW,มาลาวี,1E,ทวีปแอฟริกา,0.0,0.0
2024-09,2024,9,3,361,LI,ลิกเตนสไตน์,1B,ทวีปยุโรป,0.0,0.0
2024-09,2024,9,3,346,SI,สโลวีเนีย,1B,ทวีปยุโรป,0.0,0.0
2024-09,2024,9,3,530,YT,มายอต,1E,ทวีปแอฟริกา,0.0,0.0
2024-09,2024,9,3,443,GN,กินี,1E,ทวีปแอฟริกา,0.0,0.0
2024-09,2024,9,3,476,TZ,แทนซาเนีย,1E,ทวีปแอฟริกา,0.0,0.0
2024-09,2024,9,3,362,LT,ลิทัวเนีย,1B,ทวีปยุโรป,4973.0,25.0
2024-09,2024,9,3,505,VU,วานูอาตู,1F,ทวีปออสเตรเลีย,0.0,0.0
2024-09,2024,9,3,441,GH,กานา,1E,ทวีปแอฟริกา,0.0,0.0
2024-09,2024,9,3,458,MZ,โมซัมบิก,1E,ทวีปแอฟริกา,0.0,0.0
2024-09,2024,9,3,506,WS,ซามัวตะวันตก,1F,ทวีปออสเตรเลีย,7994.0,75.0
2024-09,2024,9,3,510,AS,อเมริกันซามัวร์,1F,ทวีปออสเตรเลีย,0.0,0.0
2024-09,2024,9,3,278,BT,ภูฎาน,1A,ทวีปเอเชีย,0.0,0.0
2024-10,2024,10,4,373,US,สหรัฐอเมริกา,1C,ทวีปอเมริกาเหนือ,61117388.0,773729.0
2024-10,2024,10,4,320,GB,สหราชอาณาจักร,1B,ทวีปยุโรป,48454840.0,688540.0
2024-10,2024,10,4,325,NL,เนเธอร์แลนด์,1B,ทวีปยุโรป,44497510.0,509679.0
2024-10,2024,10,4,315,DE,เยอรมนี,1B,ทวีปยุโรป,30578067.0,434147.0
2024-10,2024,10,4,271,MY,มาเลเซีย,1A,ทวีปเอเชีย,42457278.0,547996.0
2024-10,2024,10,4,345,RU,รัสเซีย,1B,ทวีปยุโรป,34563354.0,603224.0
2024-10,2024,10,4,327,SE,สวีเดน,1B,ทวีปยุโรป,19257562.0,343054.0
2024-10,2024,10,4,306,KR,เกาหลีใต้,1A,ทวีปเอเชีย,18571216.0,347732.0
2024-10,2024,10,4,371,CA,แคนาดา,1C,ทวีปอเมริกาเหนือ,20875316.0,346305.0
2024-10,2024,10,4,483,AU,ออสเตรเลีย,1F,ทวีปออสเตรเลีย,20522783.0,332598.0
2024-10,2024,10,4,319,FR,ฝรั่งเศส,1B,ทวีปยุโรป,10713901.0,190942.0
2024-10,2024,10,4,269,LA,สปป. ลาว,1A,ทวีปเอเชีย,12639196.0,347339.0
2024-10,2024,10,4,304,JP,ญี่ปุ่น,1A,ทวีปเอเชีย,10987717.0,144393.0
2024-10,2024,10,4,343,PL,โปแลนด์,1B,ทวีปยุโรป,10875793.0,124407.0
2024-10,2024,10,4,288,IL,อิสราเอล,1A,ทวีปเอเชีย,2898429.0,61921.0
2024-10,2024,10,4,268,KH,กัมพูชา,1A,ทวีปเอเชีย,8572415.0,233938.0
2024-10,2024,10,4,302,CN,จีน,1A,ทวีปเอเชีย,9401261.0,149125.0
2024-10,2024,10,4,273,SG,สิงคโปร์,1A,ทวีปเอเชีย,6960462.0,119391.0
2024-10,2024,10,4,323,IT,อิตาลี,1B,ทวีปยุโรป,6372317.0,70022.0
2024-10,2024,10,4,279,IN,อินเดีย,1A,ทวีปเอเชีย,8840173.0,140085.0
2024-10,2024,10,4,272,PH,ฟิลิปปินส์,1A,ทวีปเอเชีย,5871297.0,68513.0
2024-10,2024,10,4,298,TR,ตุรกี,1A,ทวีปเอเชีย,4345516.0,85458.0
2024-10,2024,10,4,285,AE,สหรัฐอาหรับเอมิเรตส์,1A,ทวีปเอเชีย,1324077.0,20952.0
2024-10,2024,10,4,317,ES,สเปน,1B,ทวีปยุโรป,7559110.0,112462.0
2024-10,2024,10,4,316,DK,เดนมาร์ก,1B,ทวีปยุโรป,4975369.0,85391.0
2024-10,2024,10,4,296,SA,ซาอุดีอาระเบีย,1A,ทวีปเอเชีย,5034298.0,81004.0
2024-10,2024,10,4,497,NZ,นิวซีแลนด์,1F,ทวีปออสเตรเลีย,5001537.0,56610.0
2024-10,2024,10,4,274,VN,เวียดนาม,1A,ทวีปเอเชีย,4013454.0,27551.0
2024-10,2024,10,4,309,TW,ไต้หวัน,1A,ทวีปเอเชีย,6131668.0,109487.0
2024-10,2024,10,4,270,MM,เมียนมา,1A,ทวีปเอเชีย,2722144.0,66416.0
2024-10,2024,10,4,303,HK,ฮ่องกง,1A,ทวีปเอเชีย,3533387.0,55305.0
2024-10,2024,10,4,321,GR,กรีซ,1B,ทวีปยุโรป,1774245.0,24930.0
2024-10,2024,10,4,312,AT,ออสเตรีย,1B,ทวีปยุโรป,2311380.0,48710.0
2024-10,2024,10,4,478,ZA,แอฟริกาใต้,1E,ทวีปแอฟริกา,3568259.0,41319.0
2024-10,2024,10,4,318,FI,ฟินแลนด์,1B,ทวีปยุโรป,2896153.0,45330.0
2024-10,2024,10,4,366,NO,นอร์เวย์,1B,ทวีปยุโรป,1646290.0,32529.0
2024-10,2024,10,4,322,IE,ไอร์แลนด์,1B,ทวีปยุโรป,1275161.0,18221.0
2024-10,2024,10,4,336,CZ,สาธารณรัฐเช็ก,1B,ทวีปยุโรป,1129083.0,18558.0
2024-10,2024,10,4,277,BD,บังกลาเทศ,1A,ทวีปเอเชีย,4392423.0,29575.0
2024-10,2024,10,4,437,EG,อียิปต์,1E,ทวีปแอฟริกา,1296008.0,23909.0
2024-10,2024,10,4,356,CH,สวิตเซอร์แลนด์,1B,ทวีปยุโรป,2088010.0,31447.0
2024-10,2024,10,4,267,ID,อินโดนีเซีย,1A,ทวีปเอเชีย,533249.0,3579.0
2024-10,2024,10,4,291,JO,จอร์แดน,1A,ทวีปเอเชีย,1414760.0,18079.0
2024-10,2024,10,4,351,UA,ยูเครน,1B,ทวีปยุโรป,1209407.0,12787.0
2024-10,2024,10,4,292,KW,คูเวต,1A,ทวีปเอเชีย,906653.0,8517.0
2024-10,2024,10,4,307,MN,มองโกเลีย,1A,ทวีปเอเชีย,555723.0,9780.0
2024-10,2024,10,4,451,LY,ลิเบีย,1E,ทวีปแอฟริกา,0.0,0.0
2024-10,2024,10,4,372,MX,เม็กซิโก,1C,ทวีปอเมริกาเหนือ,1317.0,18.0
2024-10,2024,10,4,352,UZ,อุซเบกิสถาน,1A,ทวีปเอเชีย,6518250.0,158496.0
2024-10,2024,10,4,326,PT,โปรตุเกส,1B,ทวีปยุโรป,2820.0,19.0
2024-10,2024,10,4,363,LV,ลัตเวีย,1B,ทวีปยุโรป,2986403.0,45553.0
2024-10,2024,10,4,409,BR,บราซิล,1D,ทวีปอเมริกาใต้,0.0,0.0
2024-10,2024,10,4,287,CY,ไซปรัส,1A,ทวีปเอเชีย,0.0,0.0
2024-10,2024,10,4,289,IQ,อิรัก,1A,ทวีปเอเชีย,1464027.0,17835.0
2024-10,2024,10,4,295,QA,กาตาร์,1A,ทวีปเอเชีย,296507.0,3458.0
2024-10,2024,10,4,283,PK,ปากีสถาน,1A,ทวีปเอเชีย,390341.0,5356.0
2024-10,2024,10,4,456,MU,มอริเชียส,1E,ทวีปแอฟริกา,4408502.0,52628.0
2024-10,2024,10,4,313,BE,เบลเยียม,1B,ทวีปยุโรป,0.0,0.0
2024-10,2024,10,4,332,AZ,อาเซอร์ไบจาน,1A,ทวีปเอเชีย,1213354.0,19784.0
2024-10,2024,10,4,266,BN,บรูไน,1A,ทวีปเอเชีย,591099.0,16437.0
2024-10,2024,10,4,293,LB,เลบานอน,1A,ทวีปเอเชีย,1052356.0,15324.0
2024-10,2024,10,4,337,GE,จอร์เจีย,1A,ทวีปเอเชีย,390036.0,8391.0
2024-10,2024,10,4,339,HU,ฮังการี,1B,ทวีปยุโรป,336557.0,2692.0
2024-10,2024,10,4,389,HN,ฮอนดูรัส,1C,ทวีปอเมริกาเหนือ,606792.0,14637.0
2024-10,2024,10,4,344,RO,โรมาเนีย,1B,ทวีปยุโรป,0.0,0.0
2024-10,2024,10,4,410,CL,ชิลี,1D,ทวีปอเมริกาใต้,1154418.0,17726.0
2024-10,2024,10,4,286,BH,บาห์เรน,1A,ทวีปเอเชีย,519595.0,9166.0
2024-10,2024,10,4,384,DO,สาธารณรัฐโดมินิกัน,1C,ทวีปอเมริกาเหนือ,0.0,0.0
2024-10,2024,10,4,452,MA,โมร็อกโก,1E,ทวีปแอฟริกา,0.0,0.0
2024-10,2024,10,4,381,CR,คอสตาริกา,1C,ทวีปอเมริกาเหนือ,1303810.0,23296.0
2024-10,2024,10,4,463,RE,เรอูนียง,1E,ทวีปแอฟริกา,328494.0,4515.0
2024-10,2024,10,4,365,MT,มอลตา,1B,ทวีปยุโรป,200013.0,2995.0
2024-10,2024,10,4,420,SR,ซูรินาเม,1D,ทวีปอเมริกาใต้,460119.0,9473.0
2024-10,2024,10,4,486,FJ,ฟิจิ,1F,ทวีปออสเตรเลีย,471063.0,11000.0
2024-10,2024,10,4,415,GY,กายอานา,1D,ทวีปอเมริกาใต้,1482368.0,22392.0
2024-10,2024,10,4,342,MD,มอลโดวา,1B,ทวีปยุโรป,0.0,0.0
2024-10,2024,10,4,360,IS,ไอซ์แลนด์,1B,ทวีปยุโรป,0.0,0.0
2024-10,2024,10,4,282,NP,เนปาล,1A,ทวีปเอเชีย,242615.0,1804.0
2024-10,2024,10,4,357,EE,เอสโตเนีย,1B,ทวีปยุโรป,97646.0,962.0
2024-10,2024,10,4,407,AR,อาร์เจนตินา,1D,ทวีปอเมริกาใต้,162237.0,2315.0
2024-10,2024,10,4,281,MV,มัลดีฟส์,1A,ทวีปเอเชีย,0.0,0.0
2024-10,2024,10,4,294,OM,โอมาน,1A,ทวีปเอเชีย,257333.0,4567.0
2024-10,2024,10,4,563,RS,เซอร์เบีย,1B,ทวีปยุโรป,0.0,0.0
2024-10,2024,10,4,377,BB,บาร์เบโดส,1C,ทวีปอเมริกาเหนือ,105248.0,1260.0
2024-10,2024,10,4,504,TO,ตองกา,1F,ทวีปออสเตรเลีย,179366.0,1701.0
2024-10,2024,10,4,347,SK,สโลวาเกีย,1B,ทวีปยุโรป,0.0,0.0
2024-10,2024,10,4,411,CO,โคลอมเบีย,1D,ทวีปอเมริกาใต้,0.0,0.0
2024-10,2024,10,4,280,LK,ศรีลังกา,1A,ทวีปเอเชีย,0.0,0.0
2024-10,2024,10,4,489,GU,กวม,1F,ทวีปออสเตรเลีย,44484.0,792.0
2024-10,2024,10,4,333,BG,บัลแกเรีย,1B,ทวีปยุโรป,0.0,0.0
2024-10,2024,10,4,498,PF,เฟรนช์โปลีนีเซีย,1F,ทวีปออสเตรเลีย,465957.0,9372.0
2024-10,2024,10,4,395,MQ,มาร์ตินีก,1C,ทวีปอเมริกาเหนือ,526073.0,9588.0
2024-10,2024,10,4,387,GP,กวาเดอลูป,1C,ทวีปอเมริกาเหนือ,0.0,0.0
2024-10,2024,10,4,447,KE,เคนยา,1E,ทวีปแอฟริกา,86010.0,636.0
2024-10,2024,10,4,491,MH,หมู่เกาะมาร์แชล,1F,ทวีปออสเตรเลีย,0.0,0.0
2024-10,2024,10,4,401,TT,ตรินิแดดและโตเบโก,1C,ทวีปอเมริกาเหนือ,0.0,0.0
2024-10,2024,10,4,453,MG,มาดากัสการ์,1E,ทวีปแอฟริกา,0.0,0.0
2024-10,2024,10,4,493,NC,นิวแคลีโดเนีย,1F,ทวีปออสเตรเลีย,107616.0,1044.0
2024-10,2024,10,4,290,IR,อิหร่าน,1A,ทวีปเอเชีย,0.0,0.0
2024-10,2024,10,4,331,AM,อาร์เมเนีย,1A,ทวีปเอเชีย,0.0,0.0
2024-10,2024,10,4,414,GF,เฟรนช์เกียนา,1D,ทวีปอเมริกาใต้,57309.0,994.0
2024-10,2024,10,4,338,HR,โครเอเชีย,1B,ทวีปยุโรป,0.0,0.0
2024-10,2024,10,4,330,AL,แอลเบเนีย,1B,ทวีปยุโรป,0.0,0.0
2024-10,2024,10,4,397,PA,ปานามา,1C,ทวีปอเมริกาเหนือ,0.0,0.0
2024-10,2024,10,4,417,PE,เปรู,1D,ทวีปอเมริกาใต้,0.0,0.0
2024-10,2024,10,4,475,TN,ตูนิเซีย,1E,ทวีปแอฟริกา,0.0,0.0
2024-10,2024,10,4,502,SB,โซโลมอน,1F,ทวีปออสเตรเลีย,102020.0,840.0
2024-10,2024,10,4,341,KZ,คาซัคสถาน,1A,ทวีปเอเชีย,0.0,0.0
2024-10,2024,10,4,461,NG,ไนจีเรีย,1E,ทวีปแอฟริกา,88942.0,1410.0
2024-10,2024,10,4,492,MP,เกาะมาเรียนาเหนือ,1F,ทวีปออสเตรเลีย,10972.0,120.0
2024-10,2024,10,4,487,FM,ไมโครนีเซีย,1F,ทวีปออสเตรเลีย,0.0,0.0
2024-10,2024,10,4,597,CW,CURACAO,1G,ประเทศอื่น,0.0,0.0
2024-10,2024,10,4,421,UY,อุรุกวัย,1D,ทวีปอเมริกาใต้,0.0,0.0
2024-10,2024,10,4,499,PG,ปาปัวนิวกินี,1F,ทวีปออสเตรเลีย,0.0,0.0
2024-10,2024,10,4,526,WF,หมู่เกาะวาลลิสและฟุตูนา,1F,ทวีปออสเตรเลีย,0.0,0.0
2024-10,2024,10,4,308,MO,มาเก๊า,1A,ทวีปเอเชีย,25858.0,925.0
2024-10,2024,10,4,469,SN,เซเนกัล,1E,ทวีปแอฟริกา,0.0,0.0
2024-10,2024,10,4,511,AW,อรูบา,1C,ทวีปอเมริกาเหนือ,109023.0,1782.0
2024-10,2024,10,4,457,MW,มาลาวี,1E,ทวีปแอฟริกา,0.0,0.0
2024-10,2024,10,4,361,LI,ลิกเตนสไตน์,1B,ทวีปยุโรป,0.0,0.0
2024-10,2024,10,4,346,SI,สโลวีเนีย,1B,ทวีปยุโรป,0.0,0.0
2024-10,2024,10,4,530,YT,มายอต,1E,ทวีปแอฟริกา,0.0,0.0
2024-10,2024,10,4,443,GN,กินี,1E,ทวีปแอฟริกา,0.0,0.0
2024-10,2024,10,4,476,TZ,แทนซาเนีย,1E,ทวีปแอฟริกา,0.0,0.0
2024-10,2024,10,4,362,LT,ลิทัวเนีย,1B,ทวีปยุโรป,0.0,0.0
2024-10,2024,10,4,458,MZ,โมซัมบิก,1E,ทวีปแอฟริกา,14824.0,720.0
2024-10,2024,10,4,505,VU,วานูอาตู,1F,ทวีปออสเตรเลีย,0.0,0.0
2024-10,2024,10,4,441,GH,กานา,1E,ทวีปแอฟริกา,0.0,0.0
2024-10,2024,10,4,506,WS,ซามัวตะวันตก,1F,ทวีปออสเตรเลีย,0.0,0.0
2024-10,2024,10,4,490,KI,คิริบาส,1F,ทวีปออสเตรเลีย,5060.0,120.0
2024-10,2024,10,4,510,AS,อเมริกันซามัวร์,1F,ทวีปออสเตรเลีย,0.0,0.0
2024-10,2024,10,4,278,BT,ภูฎาน,1A,ทวีปเอเชีย,0.0,0.0
2024-11,2024,11,4,373,US,สหรัฐอเมริกา,1C,ทวีปอเมริกาเหนือ,43264705.0,431708.0
2024-11,2024,11,4,320,GB,สหราชอาณาจักร,1B,ทวีปยุโรป,36414500.0,574313.0
2024-11,2024,11,4,315,DE,เยอรมนี,1B,ทวีปยุโรป,36033118.0,462394.0
2024-11,2024,11,4,325,NL,เนเธอร์แลนด์,1B,ทวีปยุโรป,28177549.0,381139.0
2024-11,2024,11,4,271,MY,มาเลเซีย,1A,ทวีปเอเชีย,42303932.0,549068.0
2024-11,2024,11,4,345,RU,รัสเซีย,1B,ทวีปยุโรป,23710096.0,425877.0
2024-11,2024,11,4,327,SE,สวีเดน,1B,ทวีปยุโรป,25370902.0,410558.0
2024-11,2024,11,4,306,KR,เกาหลีใต้,1A,ทวีปเอเชีย,20307317.0,336013.0
2024-11,2024,11,4,371,CA,แคนาดา,1C,ทวีปอเมริกาเหนือ,12221032.0,223825.0
2024-11,2024,11,4,483,AU,ออสเตรเลีย,1F,ทวีปออสเตรเลีย,21283401.0,314107.0
2024-11,2024,11,4,319,FR,ฝรั่งเศส,1B,ทวีปยุโรป,16753033.0,329146.0
2024-11,2024,11,4,269,LA,สปป. ลาว,1A,ทวีปเอเชีย,14698113.0,445307.0
2024-11,2024,11,4,288,IL,อิสราเอล,1A,ทวีปเอเชีย,19191920.0,386197.0
2024-11,2024,11,4,304,JP,ญี่ปุ่น,1A,ทวีปเอเชีย,9557551.0,125381.0
2024-11,2024,11,4,268,KH,กัมพูชา,1A,ทวีปเอเชีย,14709525.0,363089.0
2024-11,2024,11,4,302,CN,จีน,1A,ทวีปเอเชีย,13551834.0,168871.0
2024-11,2024,11,4,343,PL,โปแลนด์,1B,ทวีปยุโรป,6664501.0,103190.0
2024-11,2024,11,4,273,SG,สิงคโปร์,1A,ทวีปเอเชีย,10108646.0,183512.0
2024-11,2024,11,4,323,IT,อิตาลี,1B,ทวีปยุโรป,13697606.0,234254.0
2024-11,2024,11,4,279,IN,อินเดีย,1A,ทวีปเอเชีย,9479314.0,182986.0
2024-11,2024,11,4,272,PH,ฟิลิปปินส์,1A,ทวีปเอเชีย,11074420.0,123757.0
2024-11,2024,11,4,298,TR,ตุรกี,1A,ทวีปเอเชีย,5170403.0,94202.0
2024-11,2024,11,4,285,AE,สหรัฐอาหรับเอมิเรตส์,1A,ทวีปเอเชีย,5086628.0,54859.0
2024-11,2024,11,4,317,ES,สเปน,1B,ทวีปยุโรป,7380629.0,92080.0
2024-11,2024,11,4,296,SA,ซาอุดีอาระเบีย,1A,ทวีปเอเชีย,5122154.0,112422.0
2024-11,2024,11,4,316,DK,เดนมาร์ก,1B,ทวีปยุโรป,1998678.0,37540.0
2024-11,2024,11,4,497,NZ,นิวซีแลนด์,1F,ทวีปออสเตรเลีย,832072.0,9338.0
2024-11,2024,11,4,274,VN,เวียดนาม,1A,ทวีปเอเชีย,3614587.0,75912.0
2024-11,2024,11,4,309,TW,ไต้หวัน,1A,ทวีปเอเชีย,2747771.0,47961.0
2024-11,2024,11,4,270,MM,เมียนมา,1A,ทวีปเอเชีย,4724153.0,107625.0
2024-11,2024,11,4,303,HK,ฮ่องกง,1A,ทวีปเอเชีย,4864568.0,81744.0
2024-11,2024,11,4,366,NO,นอร์เวย์,1B,ทวีปยุโรป,4612549.0,45188.0
2024-11,2024,11,4,321,GR,กรีซ,1B,ทวีปยุโรป,414950.0,5213.0
2024-11,2024,11,4,312,AT,ออสเตรีย,1B,ทวีปยุโรป,1241145.0,29791.0
2024-11,2024,11,4,478,ZA,แอฟริกาใต้,1E,ทวีปแอฟริกา,2487228.0,26991.0
2024-11,2024,11,4,322,IE,ไอร์แลนด์,1B,ทวีปยุโรป,2841333.0,31974.0
2024-11,2024,11,4,318,FI,ฟินแลนด์,1B,ทวีปยุโรป,426667.0,4454.0
2024-11,2024,11,4,277,BD,บังกลาเทศ,1A,ทวีปเอเชีย,3301605.0,17492.0
2024-11,2024,11,4,336,CZ,สาธารณรัฐเช็ก,1B,ทวีปยุโรป,1572026.0,21750.0
2024-11,2024,11,4,437,EG,อียิปต์,1E,ทวีปแอฟริกา,1815709.0,21626.0
2024-11,2024,11,4,356,CH,สวิตเซอร์แลนด์,1B,ทวีปยุโรป,3375443.0,42673.0
2024-11,2024,11,4,267,ID,อินโดนีเซีย,1A,ทวีปเอเชีย,1604629.0,17274.0
2024-11,2024,11,4,291,JO,จอร์แดน,1A,ทวีปเอเชีย,927097.0,15043.0
2024-11,2024,11,4,292,KW,คูเวต,1A,ทวีปเอเชีย,1925457.0,21894.0
2024-11,2024,11,4,351,UA,ยูเครน,1B,ทวีปยุโรป,925381.0,17529.0
2024-11,2024,11,4,307,MN,มองโกเลีย,1A,ทวีปเอเชีย,1680390.0,29979.0
2024-11,2024,11,4,352,UZ,อุซเบกิสถาน,1A,ทวีปเอเชีย,2946956.0,61784.0
2024-11,2024,11,4,372,MX,เม็กซิโก,1C,ทวีปอเมริกาเหนือ,414217.0,8562.0
2024-11,2024,11,4,451,LY,ลิเบีย,1E,ทวีปแอฟริกา,0.0,0.0
2024-11,2024,11,4,326,PT,โปรตุเกส,1B,ทวีปยุโรป,1857958.0,31245.0
2024-11,2024,11,4,332,AZ,อาเซอร์ไบจาน,1A,ทวีปเอเชีย,3326009.0,66516.0
2024-11,2024,11,4,289,IQ,อิรัก,1A,ทวีปเอเชีย,1455984.0,23012.0
2024-11,2024,11,4,409,BR,บราซิล,1D,ทวีปอเมริกาใต้,594344.0,10278.0
2024-11,2024,11,4,287,CY,ไซปรัส,1A,ทวีปเอเชีย,602365.0,7901.0
2024-11,2024,11,4,363,LV,ลัตเวีย,1B,ทวีปยุโรป,0.0,0.0
2024-11,2024,11,4,295,QA,กาตาร์,1A,ทวีปเอเชีย,1234203.0,19451.0
2024-11,2024,11,4,456,MU,มอริเชียส,1E,ทวีปแอฟริกา,415308.0,6102.0
2024-11,2024,11,4,283,PK,ปากีสถาน,1A,ทวีปเอเชีย,6928.0,16.0
2024-11,2024,11,4,313,BE,เบลเยียม,1B,ทวีปยุโรป,5319.0,6.0
2024-11,2024,11,4,266,BN,บรูไน,1A,ทวีปเอเชีย,352005.0,4897.0
2024-11,2024,11,4,337,GE,จอร์เจีย,1A,ทวีปเอเชีย,946112.0,14074.0
2024-11,2024,11,4,389,HN,ฮอนดูรัส,1C,ทวีปอเมริกาเหนือ,655150.0,15749.0
2024-11,2024,11,4,293,LB,เลบานอน,1A,ทวีปเอเชีย,18128.0,168.0
2024-11,2024,11,4,452,MA,โมร็อกโก,1E,ทวีปแอฟริกา,1596521.0,15880.0
2024-11,2024,11,4,339,HU,ฮังการี,1B,ทวีปยุโรป,0.0,0.0
2024-11,2024,11,4,344,RO,โรมาเนีย,1B,ทวีปยุโรป,647624.0,10421.0
2024-11,2024,11,4,410,CL,ชิลี,1D,ทวีปอเมริกาใต้,529444.0,4379.0
2024-11,2024,11,4,286,BH,บาห์เรน,1A,ทวีปเอเชีย,11141.0,91.0
2024-11,2024,11,4,384,DO,สาธารณรัฐโดมินิกัน,1C,ทวีปอเมริกาเหนือ,0.0,0.0
2024-11,2024,11,4,463,RE,เรอูนียง,1E,ทวีปแอฟริกา,924946.0,9274.0
2024-11,2024,11,4,294,OM,โอมาน,1A,ทวีปเอเชีย,1305565.0,15635.0
2024-11,2024,11,4,365,MT,มอลตา,1B,ทวีปยุโรป,308744.0,4157.0
2024-11,2024,11,4,381,CR,คอสตาริกา,1C,ทวีปอเมริกาเหนือ,0.0,0.0
2024-11,2024,11,4,282,NP,เนปาล,1A,ทวีปเอเชีย,418360.0,9643.0
2024-11,2024,11,4,342,MD,มอลโดวา,1B,ทวีปยุโรป,387123.0,9026.0
2024-11,2024,11,4,420,SR,ซูรินาเม,1D,ทวีปอเมริกาใต้,0.0,0.0
2024-11,2024,11,4,486,FJ,ฟิจิ,1F,ทวีปออสเตรเลีย,78063.0,590.0
2024-11,2024,11,4,333,BG,บัลแกเรีย,1B,ทวีปยุโรป,1256829.0,21309.0
2024-11,2024,11,4,360,IS,ไอซ์แลนด์,1B,ทวีปยุโรป,237594.0,2074.0
2024-11,2024,11,4,415,GY,กายอานา,1D,ทวีปอเมริกาใต้,0.0,0.0
2024-11,2024,11,4,281,MV,มัลดีฟส์,1A,ทวีปเอเชีย,404839.0,10139.0
2024-11,2024,11,4,411,CO,โคลอมเบีย,1D,ทวีปอเมริกาใต้,638721.0,8328.0
2024-11,2024,11,4,357,EE,เอสโตเนีย,1B,ทวีปยุโรป,94936.0,1044.0
2024-11,2024,11,4,347,SK,สโลวาเกีย,1B,ทวีปยุโรป,445543.0,9435.0
2024-11,2024,11,4,407,AR,อาร์เจนตินา,1D,ทวีปอเมริกาใต้,0.0,0.0
2024-11,2024,11,4,563,RS,เซอร์เบีย,1B,ทวีปยุโรป,0.0,0.0
2024-11,2024,11,4,377,BB,บาร์เบโดส,1C,ทวีปอเมริกาเหนือ,0.0,0.0
2024-11,2024,11,4,504,TO,ตองกา,1F,ทวีปออสเตรเลีย,0.0,0.0
2024-11,2024,11,4,280,LK,ศรีลังกา,1A,ทวีปเอเชีย,66542.0,644.0
2024-11,2024,11,4,489,GU,กวม,1F,ทวีปออสเตรเลีย,0.0,0.0
2024-11,2024,11,4,447,KE,เคนยา,1E,ทวีปแอฟริกา,217008.0,2340.0
2024-11,2024,11,4,498,PF,เฟรนช์โปลีนีเซีย,1F,ทวีปออสเตรเลีย,16380.0,89.0
2024-11,2024,11,4,395,MQ,มาร์ตินีก,1C,ทวีปอเมริกาเหนือ,0.0,0.0
2024-11,2024,11,4,341,KZ,คาซัคสถาน,1A,ทวีปเอเชีย,613139.0,9985.0
2024-11,2024,11,4,453,MG,มาดากัสการ์,1E,ทวีปแอฟริกา,175324.0,3345.0
2024-11,2024,11,4,387,GP,กวาเดอลูป,1C,ทวีปอเมริกาเหนือ,0.0,0.0
2024-11,2024,11,4,491,MH,หมู่เกาะมาร์แชล,1F,ทวีปออสเตรเลีย,0.0,0.0
2024-11,2024,11,4,493,NC,นิวแคลีโดเนีย,1F,ทวีปออสเตรเลีย,53879.0,450.0
2024-11,2024,11,4,401,TT,ตรินิแดดและโตเบโก,1C,ทวีปอเมริกาเหนือ,0.0,0.0
2024-11,2024,11,4,290,IR,อิหร่าน,1A,ทวีปเอเชีย,0.0,0.0
2024-11,2024,11,4,331,AM,อาร์เมเนีย,1A,ทวีปเอเชีย,0.0,0.0
2024-11,2024,11,4,414,GF,เฟรนช์เกียนา,1D,ทวีปอเมริกาใต้,0.0,0.0
2024-11,2024,11,4,338,HR,โครเอเชีย,1B,ทวีปยุโรป,0.0,0.0
2024-11,2024,11,4,475,TN,ตูนิเซีย,1E,ทวีปแอฟริกา,285127.0,3900.0
2024-11,2024,11,4,461,NG,ไนจีเรีย,1E,ทวีปแอฟริกา,151193.0,2247.0
2024-11,2024,11,4,330,AL,แอลเบเนีย,1B,ทวีปยุโรป,0.0,0.0
2024-11,2024,11,4,397,PA,ปานามา,1C,ทวีปอเมริกาเหนือ,0.0,0.0
2024-11,2024,11,4,417,PE,เปรู,1D,ทวีปอเมริกาใต้,0.0,0.0
2024-11,2024,11,4,492,MP,เกาะมาเรียนาเหนือ,1F,ทวีปออสเตรเลีย,54376.0,1104.0
2024-11,2024,11,4,502,SB,โซโลมอน,1F,ทวีปออสเตรเลีย,0.0,0.0
2024-11,2024,11,4,487,FM,ไมโครนีเซีย,1F,ทวีปออสเตรเลีย,0.0,0.0
2024-11,2024,11,4,597,CW,CURACAO,1G,ประเทศอื่น,0.0,0.0
2024-11,2024,11,4,346,SI,สโลวีเนีย,1B,ทวีปยุโรป,134450.0,829.0
2024-11,2024,11,4,421,UY,อุรุกวัย,1D,ทวีปอเมริกาใต้,0.0,0.0
2024-11,2024,11,4,308,MO,มาเก๊า,1A,ทวีปเอเชีย,42422.0,595.0
2024-11,2024,11,4,499,PG,ปาปัวนิวกินี,1F,ทวีปออสเตรเลีย,0.0,0.0
2024-11,2024,11,4,526,WF,หมู่เกาะวาลลิสและฟุตูนา,1F,ทวีปออสเตรเลีย,0.0,0.0
2024-11,2024,11,4,454,ML,มาลี,1E,ทวีปแอฟริกา,149203.0,7200.0
2024-11,2024,11,4,469,SN,เซเนกัล,1E,ทวีปแอฟริกา,0.0,0.0
2024-11,2024,11,4,511,AW,อรูบา,1C,ทวีปอเมริกาเหนือ,0.0,0.0
2024-11,2024,11,4,457,MW,มาลาวี,1E,ทวีปแอฟริกา,0.0,0.0
2024-11,2024,11,4,361,LI,ลิกเตนสไตน์,1B,ทวีปยุโรป,0.0,0.0
2024-11,2024,11,4,530,YT,มายอต,1E,ทวีปแอฟริกา,0.0,0.0
2024-11,2024,11,4,443,GN,กินี,1E,ทวีปแอฟริกา,0.0,0.0
2024-11,2024,11,4,476,TZ,แทนซาเนีย,1E,ทวีปแอฟริกา,0.0,0.0
2024-11,2024,11,4,505,VU,วานูอาตู,1F,ทวีปออสเตรเลีย,3105.0,23.0
2024-11,2024,11,4,362,LT,ลิทัวเนีย,1B,ทวีปยุโรป,0.0,0.0
2024-11,2024,11,4,458,MZ,โมซัมบิก,1E,ทวีปแอฟริกา,0.0,0.0
2024-11,2024,11,4,441,GH,กานา,1E,ทวีปแอฟริกา,0.0,0.0
2024-11,2024,11,4,506,WS,ซามัวตะวันตก,1F,ทวีปออสเตรเลีย,0.0,0.0
2024-11,2024,11,4,490,KI,คิริบาส,1F,ทวีปออสเตรเลีย,0.0,0.0
2024-11,2024,11,4,510,AS,อเมริกันซามัวร์,1F,ทวีปออสเตรเลีย,0.0,0.0
2024-11,2024,11,4,278,BT,ภูฎาน,1A,ทวีปเอเชีย,0.0,0.0
2024-12,2024,12,4,373,US,สหรัฐอเมริกา,1C,ทวีปอเมริกาเหนือ,50921805.0,630693.0
2024-12,2024,12,4,320,GB,สหราชอาณาจักร,1B,ทวีปยุโรป,48206173.0,588673.0
2024-12,2024,12,4,325,NL,เนเธอร์แลนด์,1B,ทวีปยุโรป,53346760.0,538365.0
2024-12,2024,12,4,315,DE,เยอรมนี,1B,ทวีปยุโรป,38918560.0,408911.0
2024-12,2024,12,4,271,MY,มาเลเซีย,1A,ทวีปเอเชีย,46833979.0,652052.0
2024-12,2024,12,4,345,RU,รัสเซีย,1B,ทวีปยุโรป,30757449.0,543595.0
2024-12,2024,12,4,327,SE,สวีเดน,1B,ทวีปยุโรป,27056648.0,446748.0
2024-12,2024,12,4,306,KR,เกาหลีใต้,1A,ทวีปเอเชีย,28886836.0,443038.0
2024-12,2024,12,4,371,CA,แคนาดา,1C,ทวีปอเมริกาเหนือ,11540089.0,241146.0
2024-12,2024,12,4,483,AU,ออสเตรเลีย,1F,ทวีปออสเตรเลีย,19811551.0,309580.0
2024-12,2024,12,4,319,FR,ฝรั่งเศส,1B,ทวีปยุโรป,11642133.0,198286.0
2024-12,2024,12,4,269,LA,สปป. ลาว,1A,ทวีปเอเชีย,18982769.0,558954.0
2024-12,2024,12,4,288,IL,อิสราเอล,1A,ทวีปเอเชีย,12167863.0,260223.0
2024-12,2024,12,4,302,CN,จีน,1A,ทวีปเอเชีย,13988850.0,241285.0
2024-12,2024,12,4,268,KH,กัมพูชา,1A,ทวีปเอเชีย,11810797.0,327332.0
2024-12,2024,12,4,304,JP,ญี่ปุ่น,1A,ทวีปเอเชีย,8340653.0,108043.0
2024-12,2024,12,4,343,PL,โปแลนด์,1B,ทวีปยุโรป,5554221.0,73392.0
2024-12,2024,12,4,273,SG,สิงคโปร์,1A,ทวีปเอเชีย,8403369.0,135694.0
2024-12,2024,12,4,323,IT,อิตาลี,1B,ทวีปยุโรป,8467608.0,139579.0
2024-12,2024,12,4,279,IN,อินเดีย,1A,ทวีปเอเชีย,9167656.0,160932.0
2024-12,2024,12,4,272,PH,ฟิลิปปินส์,1A,ทวีปเอเชีย,4572882.0,42339.0
2024-12,2024,12,4,285,AE,สหรัฐอาหรับเอมิเรตส์,1A,ทวีปเอเชีย,6803008.0,60436.0
2024-12,2024,12,4,298,TR,ตุรกี,1A,ทวีปเอเชีย,4799997.0,83173.0
2024-12,2024,12,4,317,ES,สเปน,1B,ทวีปยุโรป,1395338.0,10304.0
2024-12,2024,12,4,316,DK,เดนมาร์ก,1B,ทวีปยุโรป,9225091.0,105692.0
2024-12,2024,12,4,296,SA,ซาอุดีอาระเบีย,1A,ทวีปเอเชีย,5337785.0,92335.0
2024-12,2024,12,4,497,NZ,นิวซีแลนด์,1F,ทวีปออสเตรเลีย,6475673.0,62714.0
2024-12,2024,12,4,274,VN,เวียดนาม,1A,ทวีปเอเชีย,5688503.0,105086.0
2024-12,2024,12,4,309,TW,ไต้หวัน,1A,ทวีปเอเชีย,5441986.0,86177.0
2024-12,2024,12,4,270,MM,เมียนมา,1A,ทวีปเอเชีย,4396211.0,100589.0
2024-12,2024,12,4,303,HK,ฮ่องกง,1A,ทวีปเอเชีย,3932531.0,66097.0
2024-12,2024,12,4,321,GR,กรีซ,1B,ทวีปยุโรป,1970827.0,35696.0
2024-12,2024,12,4,366,NO,นอร์เวย์,1B,ทวีปยุโรป,1425602.0,26910.0
2024-12,2024,12,4,312,AT,ออสเตรีย,1B,ทวีปยุโรป,1814949.0,26660.0
2024-12,2024,12,4,322,IE,ไอร์แลนด์,1B,ทวีปยุโรป,2772779.0,28614.0
2024-12,2024,12,4,478,ZA,แอฟริกาใต้,1E,ทวีปแอฟริกา,1267706.0,19261.0
2024-12,2024,12,4,318,FI,ฟินแลนด์,1B,ทวีปยุโรป,3680375.0,64262.0
2024-12,2024,12,4,277,BD,บังกลาเทศ,1A,ทวีปเอเชีย,3704180.0,30104.0
2024-12,2024,12,4,336,CZ,สาธารณรัฐเช็ก,1B,ทวีปยุโรป,1867829.0,20746.0
2024-12,2024,12,4,437,EG,อียิปต์,1E,ทวีปแอฟริกา,1855236.0,17840.0
2024-12,2024,12,4,356,CH,สวิตเซอร์แลนด์,1B,ทวีปยุโรป,1012513.0,15190.0
2024-12,2024,12,4,267,ID,อินโดนีเซีย,1A,ทวีปเอเชีย,196796.0,1941.0
2024-12,2024,12,4,291,JO,จอร์แดน,1A,ทวีปเอเชีย,1382361.0,16564.0
2024-12,2024,12,4,351,UA,ยูเครน,1B,ทวีปยุโรป,1265445.0,19113.0
2024-12,2024,12,4,292,KW,คูเวต,1A,ทวีปเอเชีย,848784.0,14002.0
2024-12,2024,12,4,307,MN,มองโกเลีย,1A,ทวีปเอเชีย,0.0,0.0
2024-12,2024,12,4,352,UZ,อุซเบกิสถาน,1A,ทวีปเอเชีย,0.0,0.0
2024-12,2024,12,4,372,MX,เม็กซิโก,1C,ทวีปอเมริกาเหนือ,7700.0,23.0
2024-12,2024,12,4,451,LY,ลิเบีย,1E,ทวีปแอฟริกา,0.0,0.0
2024-12,2024,12,4,326,PT,โปรตุเกส,1B,ทวีปยุโรป,375557.0,8100.0
2024-12,2024,12,4,332,AZ,อาเซอร์ไบจาน,1A,ทวีปเอเชีย,1250575.0,24363.0
2024-12,2024,12,4,409,BR,บราซิล,1D,ทวีปอเมริกาใต้,853217.0,10113.0
2024-12,2024,12,4,289,IQ,อิรัก,1A,ทวีปเอเชีย,146261.0,1800.0
2024-12,2024,12,4,287,CY,ไซปรัส,1A,ทวีปเอเชีย,96629.0,777.0
2024-12,2024,12,4,295,QA,กาตาร์,1A,ทวีปเอเชีย,255827.0,3150.0
2024-12,2024,12,4,456,MU,มอริเชียส,1E,ทวีปแอฟริกา,1238116.0,16262.0
2024-12,2024,12,4,363,LV,ลัตเวีย,1B,ทวีปยุโรป,0.0,0.0
2024-12,2024,12,4,283,PK,ปากีสถาน,1A,ทวีปเอเชีย,1359408.0,11904.0
2024-12,2024,12,4,452,MA,โมร็อกโก,1E,ทวีปแอฟริกา,2674286.0,22417.0
2024-12,2024,12,4,266,BN,บรูไน,1A,ทวีปเอเชีย,842076.0,12218.0
2024-12,2024,12,4,313,BE,เบลเยียม,1B,ทวีปยุโรป,504935.0,5352.0
2024-12,2024,12,4,339,HU,ฮังการี,1B,ทวีปยุโรป,1954429.0,16422.0
2024-12,2024,12,4,337,GE,จอร์เจีย,1A,ทวีปเอเชีย,0.0,0.0
2024-12,2024,12,4,389,HN,ฮอนดูรัส,1C,ทวีปอเมริกาเหนือ,0.0,0.0
2024-12,2024,12,4,293,LB,เลบานอน,1A,ทวีปเอเชีย,8441.0,88.0
2024-12,2024,12,4,286,BH,บาห์เรน,1A,ทวีปเอเชีย,1205143.0,16389.0
2024-12,2024,12,4,344,RO,โรมาเนีย,1B,ทวีปยุโรป,80455.0,578.0
2024-12,2024,12,4,410,CL,ชิลี,1D,ทวีปอเมริกาใต้,81285.0,1159.0
2024-12,2024,12,4,463,RE,เรอูนียง,1E,ทวีปแอฟริกา,291818.0,3879.0
2024-12,2024,12,4,384,DO,สาธารณรัฐโดมินิกัน,1C,ทวีปอเมริกาเหนือ,0.0,0.0
2024-12,2024,12,4,365,MT,มอลตา,1B,ทวีปยุโรป,933484.0,17276.0
2024-12,2024,12,4,294,OM,โอมาน,1A,ทวีปเอเชีย,475024.0,4164.0
2024-12,2024,12,4,357,EE,เอสโตเนีย,1B,ทวีปยุโรป,1031768.0,6750.0
2024-12,2024,12,4,486,FJ,ฟิจิ,1F,ทวีปออสเตรเลีย,432039.0,6621.0
2024-12,2024,12,4,407,AR,อาร์เจนตินา,1D,ทวีปอเมริกาใต้,800144.0,6041.0
2024-12,2024,12,4,381,CR,คอสตาริกา,1C,ทวีปอเมริกาเหนือ,0.0,0.0
2024-12,2024,12,4,282,NP,เนปาล,1A,ทวีปเอเชีย,0.0,0.0
2024-12,2024,12,4,342,MD,มอลโดวา,1B,ทวีปยุโรป,0.0,0.0
2024-12,2024,12,4,420,SR,ซูรินาเม,1D,ทวีปอเมริกาใต้,0.0,0.0
2024-12,2024,12,4,281,MV,มัลดีฟส์,1A,ทวีปเอเชีย,124610.0,3705.0
2024-12,2024,12,4,333,BG,บัลแกเรีย,1B,ทวีปยุโรป,0.0,0.0
2024-12,2024,12,4,360,IS,ไอซ์แลนด์,1B,ทวีปยุโรป,0.0,0.0
2024-12,2024,12,4,415,GY,กายอานา,1D,ทวีปอเมริกาใต้,0.0,0.0
2024-12,2024,12,4,411,CO,โคลอมเบีย,1D,ทวีปอเมริกาใต้,67876.0,750.0
2024-12,2024,12,4,377,BB,บาร์เบโดส,1C,ทวีปอเมริกาเหนือ,430733.0,8107.0
2024-12,2024,12,4,347,SK,สโลวาเกีย,1B,ทวีปยุโรป,0.0,0.0
2024-12,2024,12,4,563,RS,เซอร์เบีย,1B,ทวีปยุโรป,0.0,0.0
2024-12,2024,12,4,489,GU,กวม,1F,ทวีปออสเตรเลีย,420348.0,5012.0
2024-12,2024,12,4,504,TO,ตองกา,1F,ทวีปออสเตรเลีย,0.0,0.0
2024-12,2024,12,4,280,LK,ศรีลังกา,1A,ทวีปเอเชีย,2500.0,23.0
2024-12,2024,12,4,447,KE,เคนยา,1E,ทวีปแอฟริกา,182325.0,1842.0
2024-12,2024,12,4,498,PF,เฟรนช์โปลีนีเซีย,1F,ทวีปออสเตรเลีย,37124.0,324.0
2024-12,2024,12,4,395,MQ,มาร์ตินีก,1C,ทวีปอเมริกาเหนือ,0.0,0.0
2024-12,2024,12,4,341,KZ,คาซัคสถาน,1A,ทวีปเอเชีย,0.0,0.0
2024-12,2024,12,4,453,MG,มาดากัสการ์,1E,ทวีปแอฟริกา,0.0,0.0
2024-12,2024,12,4,493,NC,นิวแคลีโดเนีย,1F,ทวีปออสเตรเลีย,80349.0,873.0
2024-12,2024,12,4,387,GP,กวาเดอลูป,1C,ทวีปอเมริกาเหนือ,0.0,0.0
2024-12,2024,12,4,491,MH,หมู่เกาะมาร์แชล,1F,ทวีปออสเตรเลีย,0.0,0.0
2024-12,2024,12,4,401,TT,ตรินิแดดและโตเบโก,1C,ทวีปอเมริกาเหนือ,0.0,0.0
2024-12,2024,12,4,414,GF,เฟรนช์เกียนา,1D,ทวีปอเมริกาใต้,109222.0,1601.0
2024-12,2024,12,4,290,IR,อิหร่าน,1A,ทวีปเอเชีย,0.0,0.0
2024-12,2024,12,4,331,AM,อาร์เมเนีย,1A,ทวีปเอเชีย,0.0,0.0
2024-12,2024,12,4,338,HR,โครเอเชีย,1B,ทวีปยุโรป,0.0,0.0
2024-12,2024,12,4,475,TN,ตูนิเซีย,1E,ทวีปแอฟริกา,0.0,0.0
2024-12,2024,12,4,461,NG,ไนจีเรีย,1E,ทวีปแอฟริกา,12404.0,360.0
2024-12,2024,12,4,330,AL,แอลเบเนีย,1B,ทวีปยุโรป,0.0,0.0
2024-12,2024,12,4,502,SB,โซโลมอน,1F,ทวีปออสเตรเลีย,78529.0,779.0
2024-12,2024,12,4,397,PA,ปานามา,1C,ทวีปอเมริกาเหนือ,0.0,0.0
2024-12,2024,12,4,417,PE,เปรู,1D,ทวีปอเมริกาใต้,0.0,0.0
2024-12,2024,12,4,492,MP,เกาะมาเรียนาเหนือ,1F,ทวีปออสเตรเลีย,0.0,0.0
2024-12,2024,12,4,487,FM,ไมโครนีเซีย,1F,ทวีปออสเตรเลีย,0.0,0.0
2024-12,2024,12,4,597,CW,CURACAO,1G,ประเทศอื่น,0.0,0.0
2024-12,2024,12,4,346,SI,สโลวีเนีย,1B,ทวีปยุโรป,0.0,0.0
2024-12,2024,12,4,308,MO,มาเก๊า,1A,ทวีปเอเชีย,14246.0,158.0
2024-12,2024,12,4,421,UY,อุรุกวัย,1D,ทวีปอเมริกาใต้,0.0,0.0
2024-12,2024,12,4,499,PG,ปาปัวนิวกินี,1F,ทวีปออสเตรเลีย,0.0,0.0
2024-12,2024,12,4,526,WF,หมู่เกาะวาลลิสและฟุตูนา,1F,ทวีปออสเตรเลีย,3790.0,35.0
2024-12,2024,12,4,441,GH,กานา,1E,ทวีปแอฟริกา,125415.0,1820.0
2024-12,2024,12,4,454,ML,มาลี,1E,ทวีปแอฟริกา,0.0,0.0
2024-12,2024,12,4,469,SN,เซเนกัล,1E,ทวีปแอฟริกา,0.0,0.0
2024-12,2024,12,4,511,AW,อรูบา,1C,ทวีปอเมริกาเหนือ,0.0,0.0
2024-12,2024,12,4,457,MW,มาลาวี,1E,ทวีปแอฟริกา,0.0,0.0
2024-12,2024,12,4,361,LI,ลิกเตนสไตน์,1B,ทวีปยุโรป,0.0,0.0
2024-12,2024,12,4,530,YT,มายอต,1E,ทวีปแอฟริกา,0.0,0.0
2024-12,2024,12,4,443,GN,กินี,1E,ทวีปแอฟริกา,0.0,0.0
2024-12,2024,12,4,458,MZ,โมซัมบิก,1E,ทวีปแอฟริกา,16538.0,384.0
2024-12,2024,12,4,476,TZ,แทนซาเนีย,1E,ทวีปแอฟริกา,0.0,0.0
2024-12,2024,12,4,362,LT,ลิทัวเนีย,1B,ทวีปยุโรป,7029.0,103.0
2024-12,2024,12,4,505,VU,วานูอาตู,1F,ทวีปออสเตรเลีย,4138.0,103.0
2024-12,2024,12,4,506,WS,ซามัวตะวันตก,1F,ทวีปออสเตรเลีย,0.0,0.0
2024-12,2024,12,4,490,KI,คิริบาส,1F,ทวีปออสเตรเลีย,0.0,0.0
2024-12,2024,12,4,510,AS,อเมริกันซามัวร์,1F,ทวีปออสเตรเลีย,0.0,0.0
2024-12,2024,12,4,278,BT,ภูฎาน,1A,ทวีปเอเชีย,0.0,0.0
2025-01,2025,1,1,315,DE,เยอรมนี,1B,ทวีปยุโรป,52921954.0,669951.0
2025-01,2025,1,1,345,RU,รัสเซีย,1B,ทวีปยุโรป,50412073.0,948067.0
2025-01,2025,1,1,325,NL,เนเธอร์แลนด์,1B,ทวีปยุโรป,40083604.0,547016.0
2025-01,2025,1,1,373,US,สหรัฐอเมริกา,1C,ทวีปอเมริกาเหนือ,39336769.0,465955.0
2025-01,2025,1,1,320,GB,สหราชอาณาจักร,1B,ทวีปยุโรป,33655776.0,479230.0
2025-01,2025,1,1,271,MY,มาเลเซีย,1A,ทวีปเอเชีย,33466130.0,450000.0
2025-01,2025,1,1,327,SE,สวีเดน,1B,ทวีปยุโรป,22756598.0,429935.0
2025-01,2025,1,1,306,KR,เกาหลีใต้,1A,ทวีปเอเชีย,17033781.0,288989.0
2025-01,2025,1,1,269,LA,สปป. ลาว,1A,ทวีปเอเชีย,16441697.0,527299.0
2025-01,2025,1,1,483,AU,ออสเตรเลีย,1F,ทวีปออสเตรเลีย,15522776.0,232276.0
2025-01,2025,1,1,304,JP,ญี่ปุ่น,1A,ทวีปเอเชีย,15213700.0,186639.0
2025-01,2025,1,1,319,FR,ฝรั่งเศส,1B,ทวีปยุโรป,12579055.0,231763.0
2025-01,2025,1,1,268,KH,กัมพูชา,1A,ทวีปเอเชีย,12526741.0,309050.0
2025-01,2025,1,1,273,SG,สิงคโปร์,1A,ทวีปเอเชีย,10776256.0,185487.0
2025-01,2025,1,1,371,CA,แคนาดา,1C,ทวีปอเมริกาเหนือ,10535664.0,209780.0
2025-01,2025,1,1,272,PH,ฟิลิปปินส์,1A,ทวีปเอเชีย,9561140.0,89353.0
2025-01,2025,1,1,296,SA,ซาอุดีอาระเบีย,1A,ทวีปเอเชีย,8012774.0,143120.0
2025-01,2025,1,1,352,UZ,อุซเบกิสถาน,1A,ทวีปเอเชีย,7114525.0,141000.0
2025-01,2025,1,1,343,PL,โปแลนด์,1B,ทวีปยุโรป,6618794.0,96461.0
2025-01,2025,1,1,317,ES,สเปน,1B,ทวีปยุโรป,6224783.0,79596.0
2025-01,2025,1,1,302,CN,จีน,1A,ทวีปเอเชีย,5703209.0,88966.0
2025-01,2025,1,1,270,MM,เมียนมา,1A,ทวีปเอเชีย,4611268.0,103659.0
2025-01,2025,1,1,316,DK,เดนมาร์ก,1B,ทวีปยุโรป,4021402.0,65265.0
2025-01,2025,1,1,323,IT,อิตาลี,1B,ทวีปยุโรป,3877583.0,68805.0
2025-01,2025,1,1,277,BD,บังกลาเทศ,1A,ทวีปเอเชีย,3844611.0,26500.0
2025-01,2025,1,1,303,HK,ฮ่องกง,1A,ทวีปเอเชีย,3813365.0,71526.0
2025-01,2025,1,1,279,IN,อินเดีย,1A,ทวีปเอเชีย,3550193.0,40572.0
2025-01,2025,1,1,288,IL,อิสราเอล,1A,ทวีปเอเชีย,3429989.0,103128.0
2025-01,2025,1,1,356,CH,สวิตเซอร์แลนด์,1B,ทวีปยุโรป,2811181.0,39827.0
2025-01,2025,1,1,366,NO,นอร์เวย์,1B,ทวีปยุโรป,2707866.0,54948.0
2025-01,2025,1,1,309,TW,ไต้หวัน,1A,ทวีปเอเชีย,2696333.0,44749.0
2025-01,2025,1,1,285,AE,สหรัฐอาหรับเอมิเรตส์,1A,ทวีปเอเชีย,2604454.0,30156.0
2025-01,2025,1,1,336,CZ,สาธารณรัฐเช็ก,1B,ทวีปยุโรป,2443494.0,34236.0
2025-01,2025,1,1,318,FI,ฟินแลนด์,1B,ทวีปยุโรป,2425031.0,42568.0
2025-01,2025,1,1,312,AT,ออสเตรีย,1B,ทวีปยุโรป,2399225.0,49806.0
2025-01,2025,1,1,267,ID,อินโดนีเซีย,1A,ทวีปเอเชีย,2356571.0,32971.0
2025-01,2025,1,1,274,VN,เวียดนาม,1A,ทวีปเอเชีย,2336552.0,24251.0
2025-01,2025,1,1,478,ZA,แอฟริกาใต้,1E,ทวีปแอฟริกา,1711075.0,22225.0
2025-01,2025,1,1,344,RO,โรมาเนีย,1B,ทวีปยุโรป,1450927.0,10899.0
2025-01,2025,1,1,341,KZ,คาซัคสถาน,1A,ทวีปเอเชีย,1404926.0,29976.0
2025-01,2025,1,1,291,JO,จอร์แดน,1A,ทวีปเอเชีย,1345920.0,24496.0
2025-01,2025,1,1,497,NZ,นิวซีแลนด์,1F,ทวีปออสเตรเลีย,1315566.0,15416.0
2025-01,2025,1,1,337,GE,จอร์เจีย,1A,ทวีปเอเชีย,1277480.0,18736.0
2025-01,2025,1,1,420,SR,ซูรินาเม,1D,ทวีปอเมริกาใต้,1213496.0,22615.0
2025-01,2025,1,1,266,BN,บรูไน,1A,ทวีปเอเชีย,1071400.0,21001.0
2025-01,2025,1,1,298,TR,ตุรกี,1A,ทวีปเอเชีย,877601.0,12960.0
2025-01,2025,1,1,321,GR,กรีซ,1B,ทวีปยุโรป,840267.0,9651.0
2025-01,2025,1,1,339,HU,ฮังการี,1B,ทวีปยุโรป,828479.0,7320.0
2025-01,2025,1,1,377,BB,บาร์เบโดส,1C,ทวีปอเมริกาเหนือ,794640.0,10653.0
2025-01,2025,1,1,331,AM,อาร์เมเนีย,1A,ทวีปเอเชีย,695640.0,15505.0
2025-01,2025,1,1,322,IE,ไอร์แลนด์,1B,ทวีปยุโรป,667423.0,10183.0
2025-01,2025,1,1,307,MN,มองโกเลีย,1A,ทวีปเอเชีย,649923.0,9756.0
2025-01,2025,1,1,363,LV,ลัตเวีย,1B,ทวีปยุโรป,647219.0,8592.0
2025-01,2025,1,1,295,QA,กาตาร์,1A,ทวีปเอเชีย,599509.0,7035.0
2025-01,2025,1,1,293,LB,เลบานอน,1A,ทวีปเอเชีย,596395.0,8696.0
2025-01,2025,1,1,286,BH,บาห์เรน,1A,ทวีปเอเชีย,591456.0,8844.0
2025-01,2025,1,1,281,MV,มัลดีฟส์,1A,ทวีปเอเชีย,571852.0,11488.0
2025-01,2025,1,1,395,MQ,มาร์ตินีก,1C,ทวีปอเมริกาเหนือ,521790.0,8358.0
2025-01,2025,1,1,409,BR,บราซิล,1D,ทวีปอเมริกาใต้,516312.0,8425.0
2025-01,2025,1,1,437,EG,อียิปต์,1E,ทวีปแอฟริกา,504538.0,7682.0
2025-01,2025,1,1,294,OM,โอมาน,1A,ทวีปเอเชีย,474708.0,7903.0
2025-01,2025,1,1,360,IS,ไอซ์แลนด์,1B,ทวีปยุโรป,445488.0,3888.0
2025-01,2025,1,1,342,MD,มอลโดวา,1B,ทวีปยุโรป,380606.0,7721.0
2025-01,2025,1,1,282,NP,เนปาล,1A,ทวีปเอเชีย,375392.0,8347.0
2025-01,2025,1,1,410,CL,ชิลี,1D,ทวีปอเมริกาใต้,324791.0,2124.0
2025-01,2025,1,1,489,GU,กวม,1F,ทวีปออสเตรเลีย,273412.0,4522.0
2025-01,2025,1,1,389,HN,ฮอนดูรัส,1C,ทวีปอเมริกาเหนือ,249086.0,4261.0
2025-01,2025,1,1,453,MG,มาดากัสการ์,1E,ทวีปแอฟริกา,204065.0,3551.0
2025-01,2025,1,1,280,LK,ศรีลังกา,1A,ทวีปเอเชีย,197648.0,2066.0
2025-01,2025,1,1,292,KW,คูเวต,1A,ทวีปเอเชีย,182416.0,1463.0
2025-01,2025,1,1,458,MZ,โมซัมบิก,1E,ทวีปแอฟริกา,166398.0,1409.0
2025-01,2025,1,1,365,MT,มอลตา,1B,ทวีปยุโรป,143120.0,3123.0
2025-01,2025,1,1,414,GF,เฟรนช์เกียนา,1D,ทวีปอเมริกาใต้,133908.0,1932.0
2025-01,2025,1,1,313,BE,เบลเยียม,1B,ทวีปยุโรป,122820.0,1080.0
2025-01,2025,1,1,456,MU,มอริเชียส,1E,ทวีปแอฟริกา,110782.0,1209.0
2025-01,2025,1,1,357,EE,เอสโตเนีย,1B,ทวีปยุโรป,84257.0,1062.0
2025-01,2025,1,1,492,MP,เกาะมาเรียนาเหนือ,1F,ทวีปออสเตรเลีย,83927.0,1656.0
2025-01,2025,1,1,401,TT,ตรินิแดดและโตเบโก,1C,ทวีปอเมริกาเหนือ,79322.0,528.0
2025-01,2025,1,1,504,TO,ตองกา,1F,ทวีปออสเตรเลีย,60660.0,583.0
2025-01,2025,1,1,526,WF,หมู่เกาะวาลลิสและฟุตูนา,1F,ทวีปออสเตรเลีย,31302.0,318.0
2025-01,2025,1,1,308,MO,มาเก๊า,1A,ทวีปเอเชีย,17288.0,162.0
2025-01,2025,1,1,411,CO,โคลอมเบีย,1D,ทวีปอเมริกาใต้,13425.0,150.0
2025-01,2025,1,1,461,NG,ไนจีเรีย,1E,ทวีปแอฟริกา,6823.0,120.0
2025-01,2025,1,1,484,CK,หมู่เกาะดุก,1F,ทวีปออสเตรเลีย,2568.0,13.0
2025-02,2025,2,1,315,DE,เยอรมนี,1B,ทวีปยุโรป,47073536.0,508345.0
2025-02,2025,2,1,345,RU,รัสเซีย,1B,ทวีปยุโรป,42640889.0,732171.0
2025-02,2025,2,1,373,US,สหรัฐอเมริกา,1C,ทวีปอเมริกาเหนือ,48412558.0,610226.0
2025-02,2025,2,1,325,NL,เนเธอร์แลนด์,1B,ทวีปยุโรป,44567607.0,581464.0
2025-02,2025,2,1,320,GB,สหราชอาณาจักร,1B,ทวีปยุโรป,45317268.0,624912.0
2025-02,2025,2,1,271,MY,มาเลเซีย,1A,ทวีปเอเชีย,39525723.0,510318.0
2025-02,2025,2,1,306,KR,เกาหลีใต้,1A,ทวีปเอเชีย,34467553.0,592413.0
2025-02,2025,2,1,327,SE,สวีเดน,1B,ทวีปยุโรป,20031307.0,327513.0
2025-02,2025,2,1,483,AU,ออสเตรเลีย,1F,ทวีปออสเตรเลีย,21546667.0,365298.0
2025-02,2025,2,1,269,LA,สปป. ลาว,1A,ทวีปเอเชีย,13267474.0,346459.0
2025-02,2025,2,1,371,CA,แคนาดา,1C,ทวีปอเมริกาเหนือ,16223081.0,295716.0
2025-02,2025,2,1,304,JP,ญี่ปุ่น,1A,ทวีปเอเชีย,11326383.0,151670.0
2025-02,2025,2,1,268,KH,กัมพูชา,1A,ทวีปเอเชีย,13459275.0,309960.0
2025-02,2025,2,1,319,FR,ฝรั่งเศส,1B,ทวีปยุโรป,11274911.0,202005.0
2025-02,2025,2,1,273,SG,สิงคโปร์,1A,ทวีปเอเชีย,9443913.0,167208.0
2025-02,2025,2,1,343,PL,โปแลนด์,1B,ทวีปยุโรป,8670100.0,105533.0
2025-02,2025,2,1,302,CN,จีน,1A,ทวีปเอเชีย,8150164.0,132567.0
2025-02,2025,2,1,272,PH,ฟิลิปปินส์,1A,ทวีปเอเชีย,3902247.0,46023.0
2025-02,2025,2,1,316,DK,เดนมาร์ก,1B,ทวีปยุโรป,9069282.0,138305.0
2025-02,2025,2,1,296,SA,ซาอุดีอาระเบีย,1A,ทวีปเอเชีย,4616367.0,85845.0
2025-02,2025,2,1,288,IL,อิสราเอล,1A,ทวีปเอเชีย,9036672.0,221132.0
2025-02,2025,2,1,317,ES,สเปน,1B,ทวีปยุโรป,5339723.0,87745.0
2025-02,2025,2,1,323,IT,อิตาลี,1B,ทวีปยุโรป,7672680.0,150518.0
2025-02,2025,2,1,279,IN,อินเดีย,1A,ทวีปเอเชีย,7916241.0,104276.0
2025-02,2025,2,1,270,MM,เมียนมา,1A,ทวีปเอเชีย,4296912.0,102840.0
2025-02,2025,2,1,303,HK,ฮ่องกง,1A,ทวีปเอเชีย,5060133.0,70774.0
2025-02,2025,2,1,277,BD,บังกลาเทศ,1A,ทวีปเอเชีย,3522994.0,29610.0
2025-02,2025,2,1,352,UZ,อุซเบกิสถาน,1A,ทวีปเอเชีย,0.0,0.0
2025-02,2025,2,1,309,TW,ไต้หวัน,1A,ทวีปเอเชีย,3628209.0,72005.0
2025-02,2025,2,1,298,TR,ตุรกี,1A,ทวีปเอเชีย,5079677.0,65229.0
2025-02,2025,2,1,285,AE,สหรัฐอาหรับเอมิเรตส์,1A,ทวีปเอเชีย,3130635.0,38478.0
2025-02,2025,2,1,497,NZ,นิวซีแลนด์,1F,ทวีปออสเตรเลีย,4337148.0,38795.0
2025-02,2025,2,1,274,VN,เวียดนาม,1A,ทวีปเอเชีย,3150824.0,42111.0
2025-02,2025,2,1,267,ID,อินโดนีเซีย,1A,ทวีปเอเชีย,3051197.0,52453.0
2025-02,2025,2,1,321,GR,กรีซ,1B,ทวีปยุโรป,3710790.0,49962.0
2025-02,2025,2,1,366,NO,นอร์เวย์,1B,ทวีปยุโรป,1088975.0,15667.0
2025-02,2025,2,1,336,CZ,สาธารณรัฐเช็ก,1B,ทวีปยุโรป,1192081.0,16114.0
2025-02,2025,2,1,478,ZA,แอฟริกาใต้,1E,ทวีปแอฟริกา,1578503.0,17401.0
2025-02,2025,2,1,312,AT,ออสเตรีย,1B,ทวีปยุโรป,805838.0,10873.0
2025-02,2025,2,1,356,CH,สวิตเซอร์แลนด์,1B,ทวีปยุโรป,70933.0,1122.0
2025-02,2025,2,1,318,FI,ฟินแลนด์,1B,ทวีปยุโรป,352457.0,3198.0
2025-02,2025,2,1,291,JO,จอร์แดน,1A,ทวีปเอเชีย,762869.0,10217.0
2025-02,2025,2,1,337,GE,จอร์เจีย,1A,ทวีปเอเชีย,781987.0,18593.0
2025-02,2025,2,1,344,RO,โรมาเนีย,1B,ทวีปยุโรป,488514.0,6969.0
2025-02,2025,2,1,410,CL,ชิลี,1D,ทวีปอเมริกาใต้,1566927.0,12883.0
2025-02,2025,2,1,287,CY,ไซปรัส,1A,ทวีปเอเชีย,1889068.0,26059.0
2025-02,2025,2,1,283,PK,ปากีสถาน,1A,ทวีปเอเชีย,1733299.0,14112.0
2025-02,2025,2,1,326,PT,โปรตุเกส,1B,ทวีปยุโรป,1524211.0,30480.0
2025-02,2025,2,1,452,MA,โมร็อกโก,1E,ทวีปแอฟริกา,1451118.0,13893.0
2025-02,2025,2,1,341,KZ,คาซัคสถาน,1A,ทวีปเอเชีย,0.0,0.0
2025-02,2025,2,1,420,SR,ซูรินาเม,1D,ทวีปอเมริกาใต้,17820.0,180.0
2025-02,2025,2,1,377,BB,บาร์เบโดส,1C,ทวีปอเมริกาเหนือ,384540.0,7012.0
2025-02,2025,2,1,266,BN,บรูไน,1A,ทวีปเอเชีย,0.0,0.0
2025-02,2025,2,1,307,MN,มองโกเลีย,1A,ทวีปเอเชีย,409862.0,6936.0
2025-02,2025,2,1,322,IE,ไอร์แลนด์,1B,ทวีปยุโรป,356826.0,3480.0
2025-02,2025,2,1,294,OM,โอมาน,1A,ทวีปเอเชีย,482180.0,7878.0
2025-02,2025,2,1,437,EG,อียิปต์,1E,ทวีปแอฟริกา,452087.0,10244.0
2025-02,2025,2,1,363,LV,ลัตเวีย,1B,ทวีปยุโรป,298291.0,3669.0
2025-02,2025,2,1,286,BH,บาห์เรน,1A,ทวีปเอเชีย,320014.0,2774.0
2025-02,2025,2,1,289,IQ,อิรัก,1A,ทวีปเอเชีย,866767.0,12215.0
2025-02,2025,2,1,339,HU,ฮังการี,1B,ทวีปยุโรป,0.0,0.0
2025-02,2025,2,1,295,QA,กาตาร์,1A,ทวีปเอเชีย,98497.0,484.0
2025-02,2025,2,1,331,AM,อาร์เมเนีย,1A,ทวีปเอเชีย,0.0,0.0
2025-02,2025,2,1,332,AZ,อาเซอร์ไบจาน,1A,ทวีปเอเชีย,635752.0,12936.0
2025-02,2025,2,1,281,MV,มัลดีฟส์,1A,ทวีปเอเชีย,37486.0,935.0
2025-02,2025,2,1,293,LB,เลบานอน,1A,ทวีปเอเชีย,0.0,0.0
2025-02,2025,2,1,384,DO,สาธารณรัฐโดมินิกัน,1C,ทวีปอเมริกาเหนือ,538506.0,8691.0
2025-02,2025,2,1,395,MQ,มาร์ตินีก,1C,ทวีปอเมริกาเหนือ,0.0,0.0
2025-02,2025,2,1,409,BR,บราซิล,1D,ทวีปอเมริกาใต้,409.0,2.0
2025-02,2025,2,1,347,SK,สโลวาเกีย,1B,ทวีปยุโรป,514746.0,8586.0
2025-02,2025,2,1,292,KW,คูเวต,1A,ทวีปเอเชีย,324794.0,4784.0
2025-02,2025,2,1,463,RE,เรอูนียง,1E,ทวีปแอฟริกา,488925.0,4925.0
2025-02,2025,2,1,499,PG,ปาปัวนิวกินี,1F,ทวีปออสเตรเลีย,460558.0,7421.0
2025-02,2025,2,1,360,IS,ไอซ์แลนด์,1B,ทวีปยุโรป,7905.0,48.0
2025-02,2025,2,1,456,MU,มอริเชียส,1E,ทวีปแอฟริกา,340279.0,4760.0
2025-02,2025,2,1,342,MD,มอลโดวา,1B,ทวีปยุโรป,0.0,0.0
2025-02,2025,2,1,282,NP,เนปาล,1A,ทวีปเอเชีย,0.0,0.0
2025-02,2025,2,1,313,BE,เบลเยียม,1B,ทวีปยุโรป,224118.0,1813.0
2025-02,2025,2,1,407,AR,อาร์เจนตินา,1D,ทวีปอเมริกาใต้,338433.0,4710.0
2025-02,2025,2,1,372,MX,เม็กซิโก,1C,ทวีปอเมริกาเหนือ,315263.0,5263.0
2025-02,2025,2,1,365,MT,มอลตา,1B,ทวีปยุโรป,169085.0,2321.0
2025-02,2025,2,1,486,FJ,ฟิจิ,1F,ทวีปออสเตรเลีย,284171.0,3528.0
2025-02,2025,2,1,489,GU,กวม,1F,ทวีปออสเตรเลีย,0.0,0.0
2025-02,2025,2,1,389,HN,ฮอนดูรัส,1C,ทวีปอเมริกาเหนือ,0.0,0.0
2025-02,2025,2,1,290,IR,อิหร่าน,1A,ทวีปเอเชีย,207914.0,2268.0
2025-02,2025,2,1,453,MG,มาดากัสการ์,1E,ทวีปแอฟริกา,0.0,0.0
2025-02,2025,2,1,280,LK,ศรีลังกา,1A,ทวีปเอเชีย,0.0,0.0
2025-02,2025,2,1,458,MZ,โมซัมบิก,1E,ทวีปแอฟริกา,16293.0,384.0
2025-02,2025,2,1,414,GF,เฟรนช์เกียนา,1D,ทวีปอเมริกาใต้,0.0,0.0
2025-02,2025,2,1,501,PW,ปาลัว,1F,ทวีปออสเตรเลีย,118890.0,867.0
2025-02,2025,2,1,493,NC,นิวแคลีโดเนีย,1F,ทวีปออสเตรเลีย,107174.0,1052.0
2025-02,2025,2,1,357,EE,เอสโตเนีย,1B,ทวีปยุโรป,0.0,0.0
2025-02,2025,2,1,492,MP,เกาะมาเรียนาเหนือ,1F,ทวีปออสเตรเลีย,0.0,0.0
2025-02,2025,2,1,401,TT,ตรินิแดดและโตเบโก,1C,ทวีปอเมริกาเหนือ,0.0,0.0
2025-02,2025,2,1,526,WF,หมู่เกาะวาลลิสและฟุตูนา,1F,ทวีปออสเตรเลีย,42683.0,478.0
2025-02,2025,2,1,504,TO,ตองกา,1F,ทวีปออสเตรเลีย,0.0,0.0
2025-02,2025,2,1,505,VU,วานูอาตู,1F,ทวีปออสเตรเลีย,35033.0,314.0
2025-02,2025,2,1,502,SB,โซโลมอน,1F,ทวีปออสเตรเลีย,34194.0,282.0
2025-02,2025,2,1,411,CO,โคลอมเบีย,1D,ทวีปอเมริกาใต้,13713.0,150.0
2025-02,2025,2,1,308,MO,มาเก๊า,1A,ทวีปเอเชีย,8706.0,49.0
2025-02,2025,2,1,346,SI,สโลวีเนีย,1B,ทวีปยุโรป,8971.0,91.0
2025-02,2025,2,1,461,NG,ไนจีเรีย,1E,ทวีปแอฟริกา,0.0,0.0
2025-02,2025,2,1,351,UA,ยูเครน,1B,ทวีปยุโรป,6347.0,33.0
2025-02,2025,2,1,278,BT,ภูฎาน,1A,ทวีปเอเชีย,2650.0,30.0
2025-02,2025,2,1,484,CK,หมู่เกาะดุก,1F,ทวีปออสเตรเลีย,0.0,0.0
2025-03,2025,3,1,315,DE,เยอรมนี,1B,ทวีปยุโรป,55772066.0,608060.0
2025-03,2025,3,1,325,NL,เนเธอร์แลนด์,1B,ทวีปยุโรป,49231032.0,695617.0
2025-03,2025,3,1,373,US,สหรัฐอเมริกา,1C,ทวีปอเมริกาเหนือ,41021711.0,417741.0
2025-03,2025,3,1,320,GB,สหราชอาณาจักร,1B,ทวีปยุโรป,47329281.0,676269.0
2025-03,2025,3,1,345,RU,รัสเซีย,1B,ทวีปยุโรป,27194110.0,522396.0
2025-03,2025,3,1,271,MY,มาเลเซีย,1A,ทวีปเอเชีย,28802880.0,393159.0
2025-03,2025,3,1,306,KR,เกาหลีใต้,1A,ทวีปเอเชีย,27346452.0,426102.0
2025-03,2025,3,1,327,SE,สวีเดน,1B,ทวีปยุโรป,28356976.0,494371.0
2025-03,2025,3,1,483,AU,ออสเตรเลีย,1F,ทวีปออสเตรเลีย,18738665.0,259944.0
2025-03,2025,3,1,269,LA,สปป. ลาว,1A,ทวีปเอเชีย,18865713.0,533453.0
2025-03,2025,3,1,268,KH,กัมพูชา,1A,ทวีปเอเชีย,16821030.0,433992.0
2025-03,2025,3,1,371,CA,แคนาดา,1C,ทวีปอเมริกาเหนือ,15254393.0,283100.0
2025-03,2025,3,1,319,FR,ฝรั่งเศส,1B,ทวีปยุโรป,15437142.0,276450.0
2025-03,2025,3,1,304,JP,ญี่ปุ่น,1A,ทวีปเอเชีย,8818948.0,127986.0
2025-03,2025,3,1,343,PL,โปแลนด์,1B,ทวีปยุโรป,19233757.0,212474.0
2025-03,2025,3,1,273,SG,สิงคโปร์,1A,ทวีปเอเชีย,9812332.0,169467.0
2025-03,2025,3,1,302,CN,จีน,1A,ทวีปเอเชีย,13210373.0,221991.0
2025-03,2025,3,1,288,IL,อิสราเอล,1A,ทวีปเอเชีย,12539060.0,236108.0
2025-03,2025,3,1,323,IT,อิตาลี,1B,ทวีปยุโรป,12342034.0,198970.0
2025-03,2025,3,1,272,PH,ฟิลิปปินส์,1A,ทวีปเอเชีย,10117147.0,107267.0
2025-03,2025,3,1,316,DK,เดนมาร์ก,1B,ทวีปยุโรป,9485457.0,151578.0
2025-03,2025,3,1,317,ES,สเปน,1B,ทวีปยุโรป,9120273.0,163164.0
2025-03,2025,3,1,279,IN,อินเดีย,1A,ทวีปเอเชีย,5272752.0,83282.0
2025-03,2025,3,1,309,TW,ไต้หวัน,1A,ทวีปเอเชีย,8106958.0,126348.0
2025-03,2025,3,1,296,SA,ซาอุดีอาระเบีย,1A,ทวีปเอเชีย,1285017.0,27547.0
2025-03,2025,3,1,270,MM,เมียนมา,1A,ทวีปเอเชีย,4490805.0,90062.0
2025-03,2025,3,1,285,AE,สหรัฐอาหรับเอมิเรตส์,1A,ทวีปเอเชีย,7147563.0,70908.0
2025-03,2025,3,1,303,HK,ฮ่องกง,1A,ทวีปเอเชีย,3325957.0,44641.0
2025-03,2025,3,1,298,TR,ตุรกี,1A,ทวีปเอเชีย,6198322.0,71075.0
2025-03,2025,3,1,277,BD,บังกลาเทศ,1A,ทวีปเอเชีย,3484330.0,24679.0
2025-03,2025,3,1,267,ID,อินโดนีเซีย,1A,ทวีปเอเชีย,3907093.0,69756.0
2025-03,2025,3,1,274,VN,เวียดนาม,1A,ทวีปเอเชีย,3678358.0,50407.0
2025-03,2025,3,1,366,NO,นอร์เวย์,1B,ทวีปยุโรป,4965835.0,60506.0
2025-03,2025,3,1,497,NZ,นิวซีแลนด์,1F,ทวีปออสเตรเลีย,1847552.0,39003.0
2025-03,2025,3,1,321,GR,กรีซ,1B,ทวีปยุโรป,2785622.0,67196.0
2025-03,2025,3,1,352,UZ,อุซเบกิสถาน,1A,ทวีปเอเชีย,203120.0,2660.0
2025-03,2025,3,1,318,FI,ฟินแลนด์,1B,ทวีปยุโรป,3442325.0,54212.0
2025-03,2025,3,1,336,CZ,สาธารณรัฐเช็ก,1B,ทวีปยุโรป,2510403.0,39631.0
2025-03,2025,3,1,312,AT,ออสเตรีย,1B,ทวีปยุโรป,2226885.0,41515.0
2025-03,2025,3,1,478,ZA,แอฟริกาใต้,1E,ทวีปแอฟริกา,1869637.0,21254.0
2025-03,2025,3,1,356,CH,สวิตเซอร์แลนด์,1B,ทวีปยุโรป,2004236.0,20662.0
2025-03,2025,3,1,283,PK,ปากีสถาน,1A,ทวีปเอเชีย,2503505.0,20139.0
2025-03,2025,3,1,344,RO,โรมาเนีย,1B,ทวีปยุโรป,2291699.0,24034.0
2025-03,2025,3,1,326,PT,โปรตุเกส,1B,ทวีปยุโรป,1635151.0,28378.0
2025-03,2025,3,1,292,KW,คูเวต,1A,ทวีปเอเชีย,2152817.0,30577.0
2025-03,2025,3,1,291,JO,จอร์แดน,1A,ทวีปเอเชีย,540772.0,4897.0
2025-03,2025,3,1,287,CY,ไซปรัส,1A,ทวีปเอเชีย,557931.0,5091.0
2025-03,2025,3,1,452,MA,โมร็อกโก,1E,ทวีปแอฟริกา,632355.0,9291.0
2025-03,2025,3,1,337,GE,จอร์เจีย,1A,ทวีปเอเชีย,0.0,0.0
2025-03,2025,3,1,351,UA,ยูเครน,1B,ทวีปยุโรป,1968142.0,22482.0
2025-03,2025,3,1,410,CL,ชิลี,1D,ทวีปอเมริกาใต้,0.0,0.0
2025-03,2025,3,1,286,BH,บาห์เรน,1A,ทวีปเอเชีย,968615.0,10404.0
2025-03,2025,3,1,437,EG,อียิปต์,1E,ทวีปแอฟริกา,858028.0,14810.0
2025-03,2025,3,1,289,IQ,อิรัก,1A,ทวีปเอเชีย,860344.0,11856.0
2025-03,2025,3,1,294,OM,โอมาน,1A,ทวีปเอเชีย,674292.0,8028.0
2025-03,2025,3,1,339,HU,ฮังการี,1B,ทวีปยุโรป,767771.0,5489.0
2025-03,2025,3,1,266,BN,บรูไน,1A,ทวีปเอเชีย,418816.0,8712.0
2025-03,2025,3,1,409,BR,บราซิล,1D,ทวีปอเมริกาใต้,942503.0,10072.0
2025-03,2025,3,1,341,KZ,คาซัคสถาน,1A,ทวีปเอเชีย,0.0,0.0
2025-03,2025,3,1,363,LV,ลัตเวีย,1B,ทวีปยุโรป,441655.0,5313.0
2025-03,2025,3,1,384,DO,สาธารณรัฐโดมินิกัน,1C,ทวีปอเมริกาเหนือ,794015.0,14244.0
2025-03,2025,3,1,295,QA,กาตาร์,1A,ทวีปเอเชีย,588227.0,6777.0
2025-03,2025,3,1,420,SR,ซูรินาเม,1D,ทวีปอเมริกาใต้,0.0,0.0
2025-03,2025,3,1,293,LB,เลบานอน,1A,ทวีปเอเชีย,606349.0,13375.0
2025-03,2025,3,1,322,IE,ไอร์แลนด์,1B,ทวีปยุโรป,167510.0,2013.0
2025-03,2025,3,1,377,BB,บาร์เบโดส,1C,ทวีปอเมริกาเหนือ,0.0,0.0
2025-03,2025,3,1,307,MN,มองโกเลีย,1A,ทวีปเอเชีย,0.0,0.0
2025-03,2025,3,1,281,MV,มัลดีฟส์,1A,ทวีปเอเชีย,396332.0,9475.0
2025-03,2025,3,1,463,RE,เรอูนียง,1E,ทวีปแอฟริกา,467033.0,5290.0
2025-03,2025,3,1,563,RS,เซอร์เบีย,1B,ทวีปยุโรป,874411.0,16648.0
2025-03,2025,3,1,456,MU,มอริเชียส,1E,ทวีปแอฟริกา,357404.0,5188.0
2025-03,2025,3,1,411,CO,โคลอมเบีย,1D,ทวีปอเมริกาใต้,691811.0,9030.0
2025-03,2025,3,1,331,AM,อาร์เมเนีย,1A,ทวีปเอเชีย,0.0,0.0
2025-03,2025,3,1,332,AZ,อาเซอร์ไบจาน,1A,ทวีปเอเชีย,0.0,0.0
2025-03,2025,3,1,313,BE,เบลเยียม,1B,ทวีปยุโรป,255216.0,2591.0
2025-03,2025,3,1,280,LK,ศรีลังกา,1A,ทวีปเอเชีย,385149.0,3575.0
2025-03,2025,3,1,387,GP,กวาเดอลูป,1C,ทวีปอเมริกาเหนือ,527318.0,10470.0
2025-03,2025,3,1,395,MQ,มาร์ตินีก,1C,ทวีปอเมริกาเหนือ,0.0,0.0
2025-03,2025,3,1,347,SK,สโลวาเกีย,1B,ทวีปยุโรป,0.0,0.0
2025-03,2025,3,1,499,PG,ปาปัวนิวกินี,1F,ทวีปออสเตรเลีย,16457.0,401.0
2025-03,2025,3,1,360,IS,ไอซ์แลนด์,1B,ทวีปยุโรป,0.0,0.0
2025-03,2025,3,1,453,MG,มาดากัสการ์,1E,ทวีปแอฟริกา,245130.0,4321.0
2025-03,2025,3,1,389,HN,ฮอนดูรัส,1C,ทวีปอเมริกาเหนือ,157987.0,3180.0
2025-03,2025,3,1,342,MD,มอลโดวา,1B,ทวีปยุโรป,0.0,0.0
2025-03,2025,3,1,282,NP,เนปาล,1A,ทวีปเอเชีย,0.0,0.0
2025-03,2025,3,1,407,AR,อาร์เจนตินา,1D,ทวีปอเมริกาใต้,0.0,0.0
2025-03,2025,3,1,365,MT,มอลตา,1B,ทวีปยุโรป,23548.0,144.0
2025-03,2025,3,1,372,MX,เม็กซิโก,1C,ทวีปอเมริกาเหนือ,0.0,0.0
2025-03,2025,3,1,489,GU,กวม,1F,ทวีปออสเตรเลีย,21022.0,336.0
2025-03,2025,3,1,469,SN,เซเนกัล,1E,ทวีปแอฟริกา,288833.0,3906.0
2025-03,2025,3,1,486,FJ,ฟิจิ,1F,ทวีปออสเตรเลีย,0.0,0.0
2025-03,2025,3,1,290,IR,อิหร่าน,1A,ทวีปเอเชีย,0.0,0.0
2025-03,2025,3,1,414,GF,เฟรนช์เกียนา,1D,ทวีปอเมริกาใต้,65644.0,966.0
2025-03,2025,3,1,458,MZ,โมซัมบิก,1E,ทวีปแอฟริกา,0.0,0.0
2025-03,2025,3,1,492,MP,เกาะมาเรียนาเหนือ,1F,ทวีปออสเตรเลีย,82285.0,1656.0
2025-03,2025,3,1,493,NC,นิวแคลีโดเนีย,1F,ทวีปออสเตรเลีย,58302.0,522.0
2025-03,2025,3,1,501,PW,ปาลัว,1F,ทวีปออสเตรเลีย,0.0,0.0
2025-03,2025,3,1,357,EE,เอสโตเนีย,1B,ทวีปยุโรป,33685.0,586.0
2025-03,2025,3,1,526,WF,หมู่เกาะวาลลิสและฟุตูนา,1F,ทวีปออสเตรเลีย,30690.0,318.0
2025-03,2025,3,1,401,TT,ตรินิแดดและโตเบโก,1C,ทวีปอเมริกาเหนือ,0.0,0.0
2025-03,2025,3,1,530,YT,มายอต,1E,ทวีปแอฟริกา,61795.0,540.0
2025-03,2025,3,1,504,TO,ตองกา,1F,ทวีปออสเตรเลีย,0.0,0.0
2025-03,2025,3,1,505,VU,วานูอาตู,1F,ทวีปออสเตรเลีย,19558.0,198.0
2025-03,2025,3,1,498,PF,เฟรนช์โปลีนีเซีย,1F,ทวีปออสเตรเลีย,54351.0,271.0
2025-03,2025,3,1,397,PA,ปานามา,1C,ทวีปอเมริกาเหนือ,47832.0,264.0
2025-03,2025,3,1,308,MO,มาเก๊า,1A,ทวีปเอเชีย,12933.0,149.0
2025-03,2025,3,1,502,SB,โซโลมอน,1F,ทวีปออสเตรเลีย,0.0,0.0
2025-03,2025,3,1,278,BT,ภูฎาน,1A,ทวีปเอเชีย,10500.0,176.0
2025-03,2025,3,1,346,SI,สโลวีเนีย,1B,ทวีปยุโรป,0.0,0.0
2025-03,2025,3,1,461,NG,ไนจีเรีย,1E,ทวีปแอฟริกา,0.0,0.0
2025-03,2025,3,1,484,CK,หมู่เกาะดุก,1F,ทวีปออสเตรเลีย,0.0,0.0
2025-04,2025,4,2,315,DE,เยอรมนี,1B,ทวีปยุโรป,64710597.0,698898.0
2025-04,2025,4,2,320,GB,สหราชอาณาจักร,1B,ทวีปยุโรป,69727944.0,892543.0
2025-04,2025,4,2,373,US,สหรัฐอเมริกา,1C,ทวีปอเมริกาเหนือ,49252076.0,593868.0
2025-04,2025,4,2,325,NL,เนเธอร์แลนด์,1B,ทวีปยุโรป,38379417.0,452194.0
2025-04,2025,4,2,345,RU,รัสเซีย,1B,ทวีปยุโรป,21746906.0,467928.0
2025-04,2025,4,2,271,MY,มาเลเซีย,1A,ทวีปเอเชีย,33481260.0,470481.0
2025-04,2025,4,2,306,KR,เกาหลีใต้,1A,ทวีปเอเชีย,17495735.0,310510.0
2025-04,2025,4,2,327,SE,สวีเดน,1B,ทวีปยุโรป,18943938.0,314456.0
2025-04,2025,4,2,483,AU,ออสเตรเลีย,1F,ทวีปออสเตรเลีย,12296855.0,239573.0
2025-04,2025,4,2,319,FR,ฝรั่งเศส,1B,ทวีปยุโรป,24810417.0,308491.0
2025-04,2025,4,2,269,LA,สปป. ลาว,1A,ทวีปเอเชีย,14121651.0,342690.0
2025-04,2025,4,2,371,CA,แคนาดา,1C,ทวีปอเมริกาเหนือ,15990164.0,298301.0
2025-04,2025,4,2,268,KH,กัมพูชา,1A,ทวีปเอเชีย,10612186.0,261773.0
2025-04,2025,4,2,304,JP,ญี่ปุ่น,1A,ทวีปเอเชีย,11684940.0,171459.0
2025-04,2025,4,2,343,PL,โปแลนด์,1B,ทวีปยุโรป,6462131.0,75144.0
2025-04,2025,4,2,273,SG,สิงคโปร์,1A,ทวีปเอเชีย,8644609.0,140351.0
2025-04,2025,4,2,302,CN,จีน,1A,ทวีปเอเชีย,11287240.0,198003.0
2025-04,2025,4,2,288,IL,อิสราเอล,1A,ทวีปเอเชีย,6191051.0,115576.0
2025-04,2025,4,2,323,IT,อิตาลี,1B,ทวีปยุโรป,6875143.0,80561.0
2025-04,2025,4,2,272,PH,ฟิลิปปินส์,1A,ทวีปเอเชีย,6741479.0,67498.0
2025-04,2025,4,2,316,DK,เดนมาร์ก,1B,ทวีปยุโรป,7591624.0,93699.0
2025-04,2025,4,2,317,ES,สเปน,1B,ทวีปยุโรป,5622509.0,84524.0
2025-04,2025,4,2,279,IN,อินเดีย,1A,ทวีปเอเชีย,9427392.0,154135.0
2025-04,2025,4,2,309,TW,ไต้หวัน,1A,ทวีปเอเชีย,4232172.0,74168.0
2025-04,2025,4,2,303,HK,ฮ่องกง,1A,ทวีปเอเชีย,6132367.0,80096.0
2025-04,2025,4,2,285,AE,สหรัฐอาหรับเอมิเรตส์,1A,ทวีปเอเชีย,3932093.0,42432.0
2025-04,2025,4,2,296,SA,ซาอุดีอาระเบีย,1A,ทวีปเอเชีย,2733380.0,63919.0
2025-04,2025,4,2,298,TR,ตุรกี,1A,ทวีปเอเชีย,4007572.0,51556.0
2025-04,2025,4,2,270,MM,เมียนมา,1A,ทวีปเอเชีย,1135176.0,25568.0
2025-04,2025,4,2,267,ID,อินโดนีเซีย,1A,ทวีปเอเชีย,4715864.0,73331.0
2025-04,2025,4,2,277,BD,บังกลาเทศ,1A,ทวีปเอเชีย,2493597.0,20000.0
2025-04,2025,4,2,352,UZ,อุซเบกิสถาน,1A,ทวีปเอเชีย,4850020.0,89940.0
2025-04,2025,4,2,274,VN,เวียดนาม,1A,ทวีปเอเชีย,2985947.0,20491.0
2025-04,2025,4,2,497,NZ,นิวซีแลนด์,1F,ทวีปออสเตรเลีย,3336041.0,30274.0
2025-04,2025,4,2,366,NO,นอร์เวย์,1B,ทวีปยุโรป,1532874.0,12948.0
2025-04,2025,4,2,318,FI,ฟินแลนด์,1B,ทวีปยุโรป,3316981.0,45081.0
2025-04,2025,4,2,321,GR,กรีซ,1B,ทวีปยุโรป,1985352.0,26869.0
2025-04,2025,4,2,336,CZ,สาธารณรัฐเช็ก,1B,ทวีปยุโรป,2556555.0,35358.0
2025-04,2025,4,2,478,ZA,แอฟริกาใต้,1E,ทวีปแอฟริกา,1873830.0,21041.0
2025-04,2025,4,2,312,AT,ออสเตรีย,1B,ทวีปยุโรป,1219893.0,22271.0
2025-04,2025,4,2,326,PT,โปรตุเกส,1B,ทวีปยุโรป,3141753.0,64085.0
2025-04,2025,4,2,356,CH,สวิตเซอร์แลนด์,1B,ทวีปยุโรป,815948.0,6838.0
2025-04,2025,4,2,344,RO,โรมาเนีย,1B,ทวีปยุโรป,366994.0,5122.0
2025-04,2025,4,2,307,MN,มองโกเลีย,1A,ทวีปเอเชีย,3201435.0,60367.0
2025-04,2025,4,2,283,PK,ปากีสถาน,1A,ทวีปเอเชีย,0.0,0.0
2025-04,2025,4,2,437,EG,อียิปต์,1E,ทวีปแอฟริกา,1942822.0,30184.0
2025-04,2025,4,2,287,CY,ไซปรัส,1A,ทวีปเอเชีย,798084.0,14520.0
2025-04,2025,4,2,286,BH,บาห์เรน,1A,ทวีปเอเชีย,919487.0,12729.0
2025-04,2025,4,2,292,KW,คูเวต,1A,ทวีปเอเชีย,0.0,0.0
2025-04,2025,4,2,291,JO,จอร์แดน,1A,ทวีปเอเชีย,0.0,0.0
2025-04,2025,4,2,322,IE,ไอร์แลนด์,1B,ทวีปยุโรป,1333856.0,16997.0
2025-04,2025,4,2,452,MA,โมร็อกโก,1E,ทวีปแอฟริกา,280739.0,1854.0
2025-04,2025,4,2,337,GE,จอร์เจีย,1A,ทวีปเอเชีย,147932.0,1433.0
2025-04,2025,4,2,351,UA,ยูเครน,1B,ทวีปยุโรป,226747.0,1974.0
2025-04,2025,4,2,295,QA,กาตาร์,1A,ทวีปเอเชีย,826699.0,10315.0
2025-04,2025,4,2,332,AZ,อาเซอร์ไบจาน,1A,ทวีปเอเชีย,1268541.0,26656.0
2025-04,2025,4,2,410,CL,ชิลี,1D,ทวีปอเมริกาใต้,0.0,0.0
2025-04,2025,4,2,420,SR,ซูรินาเม,1D,ทวีปอเมริกาใต้,650008.0,10620.0
2025-04,2025,4,2,341,KZ,คาซัคสถาน,1A,ทวีปเอเชีย,384457.0,6254.0
2025-04,2025,4,2,293,LB,เลบานอน,1A,ทวีปเอเชีย,549106.0,6558.0
2025-04,2025,4,2,289,IQ,อิรัก,1A,ทวีปเอเชีย,0.0,0.0
2025-04,2025,4,2,266,BN,บรูไน,1A,ทวีปเอเชีย,223395.0,4477.0
2025-04,2025,4,2,294,OM,โอมาน,1A,ทวีปเอเชีย,60676.0,794.0
2025-04,2025,4,2,339,HU,ฮังการี,1B,ทวีปยุโรป,0.0,0.0
2025-04,2025,4,2,409,BR,บราซิล,1D,ทวีปอเมริกาใต้,0.0,0.0
2025-04,2025,4,2,363,LV,ลัตเวีย,1B,ทวีปยุโรป,0.0,0.0
2025-04,2025,4,2,384,DO,สาธารณรัฐโดมินิกัน,1C,ทวีปอเมริกาเหนือ,0.0,0.0
2025-04,2025,4,2,338,HR,โครเอเชีย,1B,ทวีปยุโรป,1245631.0,12491.0
2025-04,2025,4,2,281,MV,มัลดีฟส์,1A,ทวีปเอเชีย,181485.0,3725.0
2025-04,2025,4,2,377,BB,บาร์เบโดส,1C,ทวีปอเมริกาเหนือ,0.0,0.0
2025-04,2025,4,2,463,RE,เรอูนียง,1E,ทวีปแอฟริกา,129533.0,1800.0
2025-04,2025,4,2,313,BE,เบลเยียม,1B,ทวีปยุโรป,470239.0,3631.0
2025-04,2025,4,2,563,RS,เซอร์เบีย,1B,ทวีปยุโรป,0.0,0.0
2025-04,2025,4,2,280,LK,ศรีลังกา,1A,ทวีปเอเชีย,271923.0,2490.0
2025-04,2025,4,2,456,MU,มอริเชียส,1E,ทวีปแอฟริกา,32418.0,281.0
2025-04,2025,4,2,372,MX,เม็กซิโก,1C,ทวีปอเมริกาเหนือ,486000.0,8328.0
2025-04,2025,4,2,407,AR,อาร์เจนตินา,1D,ทวีปอเมริกาใต้,425669.0,3972.0
2025-04,2025,4,2,282,NP,เนปาล,1A,ทวีปเอเชีย,381095.0,8504.0
2025-04,2025,4,2,411,CO,โคลอมเบีย,1D,ทวีปอเมริกาใต้,0.0,0.0
2025-04,2025,4,2,360,IS,ไอซ์แลนด์,1B,ทวีปยุโรป,247860.0,3370.0
2025-04,2025,4,2,331,AM,อาร์เมเนีย,1A,ทวีปเอเชีย,0.0,0.0
2025-04,2025,4,2,342,MD,มอลโดวา,1B,ทวีปยุโรป,301074.0,6234.0
2025-04,2025,4,2,347,SK,สโลวาเกีย,1B,ทวีปยุโรป,159055.0,2074.0
2025-04,2025,4,2,453,MG,มาดากัสการ์,1E,ทวีปแอฟริกา,180865.0,3144.0
2025-04,2025,4,2,365,MT,มอลตา,1B,ทวีปยุโรป,218932.0,3020.0
2025-04,2025,4,2,395,MQ,มาร์ตินีก,1C,ทวีปอเมริกาเหนือ,25304.0,126.0
2025-04,2025,4,2,387,GP,กวาเดอลูป,1C,ทวีปอเมริกาเหนือ,0.0,0.0
2025-04,2025,4,2,401,TT,ตรินิแดดและโตเบโก,1C,ทวีปอเมริกาเหนือ,410422.0,3232.0
2025-04,2025,4,2,499,PG,ปาปัวนิวกินี,1F,ทวีปออสเตรเลีย,0.0,0.0
2025-04,2025,4,2,389,HN,ฮอนดูรัส,1C,ทวีปอเมริกาเหนือ,0.0,0.0
2025-04,2025,4,2,414,GF,เฟรนช์เกียนา,1D,ทวีปอเมริกาใต้,122253.0,1960.0
2025-04,2025,4,2,489,GU,กวม,1F,ทวีปออสเตรเลีย,0.0,0.0
2025-04,2025,4,2,469,SN,เซเนกัล,1E,ทวีปแอฟริกา,0.0,0.0
2025-04,2025,4,2,486,FJ,ฟิจิ,1F,ทวีปออสเตรเลีย,0.0,0.0
2025-04,2025,4,2,475,TN,ตูนิเซีย,1E,ทวีปแอฟริกา,277539.0,1440.0
2025-04,2025,4,2,357,EE,เอสโตเนีย,1B,ทวีปยุโรป,130520.0,2106.0
2025-04,2025,4,2,493,NC,นิวแคลีโดเนีย,1F,ทวีปออสเตรเลีย,45991.0,281.0
2025-04,2025,4,2,526,WF,หมู่เกาะวาลลิสและฟุตูนา,1F,ทวีปออสเตรเลีย,104180.0,1099.0
2025-04,2025,4,2,290,IR,อิหร่าน,1A,ทวีปเอเชีย,0.0,0.0
2025-04,2025,4,2,458,MZ,โมซัมบิก,1E,ทวีปแอฟริกา,0.0,0.0
2025-04,2025,4,2,333,BG,บัลแกเรีย,1B,ทวีปยุโรป,181882.0,1224.0
2025-04,2025,4,2,447,KE,เคนยา,1E,ทวีปแอฟริกา,169397.0,2583.0
2025-04,2025,4,2,492,MP,เกาะมาเรียนาเหนือ,1F,ทวีปออสเตรเลีย,0.0,0.0
2025-04,2025,4,2,381,CR,คอสตาริกา,1C,ทวีปอเมริกาเหนือ,121500.0,2082.0
2025-04,2025,4,2,501,PW,ปาลัว,1F,ทวีปออสเตรเลีย,0.0,0.0
2025-04,2025,4,2,461,NG,ไนจีเรีย,1E,ทวีปแอฟริกา,75591.0,1027.0
2025-04,2025,4,2,530,YT,มายอต,1E,ทวีปแอฟริกา,0.0,0.0
2025-04,2025,4,2,308,MO,มาเก๊า,1A,ทวีปเอเชีย,22590.0,230.0
2025-04,2025,4,2,504,TO,ตองกา,1F,ทวีปออสเตรเลีย,0.0,0.0
2025-04,2025,4,2,498,PF,เฟรนช์โปลีนีเซีย,1F,ทวีปออสเตรเลีย,2940.0,16.0
2025-04,2025,4,2,505,VU,วานูอาตู,1F,ทวีปออสเตรเลีย,0.0,0.0
2025-04,2025,4,2,397,PA,ปานามา,1C,ทวีปอเมริกาเหนือ,0.0,0.0
2025-04,2025,4,2,443,GN,กินี,1E,ทวีปแอฟริกา,36316.0,399.0
2025-04,2025,4,2,502,SB,โซโลมอน,1F,ทวีปออสเตรเลีย,0.0,0.0
2025-04,2025,4,2,278,BT,ภูฎาน,1A,ทวีปเอเชีย,4600.0,88.0
2025-04,2025,4,2,346,SI,สโลวีเนีย,1B,ทวีปยุโรป,0.0,0.0
2025-04,2025,4,2,506,WS,ซามัวตะวันตก,1F,ทวีปออสเตรเลีย,7988.0,75.0
2025-04,2025,4,2,484,CK,หมู่เกาะดุก,1F,ทวีปออสเตรเลีย,0.0,0.0
2025-04,2025,4,2,465,SC,เซเชลส์,1E,ทวีปแอฟริกา,1940.0,20.0
2025-04,2025,4,2,476,TZ,แทนซาเนีย,1E,ทวีปแอฟริกา,1169.0,28.0
2025-05,2025,5,2,315,DE,เยอรมนี,1B,ทวีปยุโรป,84504022.0,852239.0
2025-05,2025,5,2,373,US,สหรัฐอเมริกา,1C,ทวีปอเมริกาเหนือ,62130869.0,837095.0
2025-05,2025,5,2,320,GB,สหราชอาณาจักร,1B,ทวีปยุโรป,36050596.0,554751.0
2025-05,2025,5,2,325,NL,เนเธอร์แลนด์,1B,ทวีปยุโรป,43708881.0,539992.0
2025-05,2025,5,2,271,MY,มาเลเซีย,1A,ทวีปเอเชีย,41054086.0,638198.0
2025-05,2025,5,2,345,RU,รัสเซีย,1B,ทวีปยุโรป,9974616.0,206770.0
2025-05,2025,5,2,306,KR,เกาหลีใต้,1A,ทวีปเอเชีย,20780189.0,324648.0
2025-05,2025,5,2,327,SE,สวีเดน,1B,ทวีปยุโรป,25323815.0,513237.0
2025-05,2025,5,2,483,AU,ออสเตรเลีย,1F,ทวีปออสเตรเลีย,19484677.0,321128.0
2025-05,2025,5,2,269,LA,สปป. ลาว,1A,ทวีปเอเชีย,15519789.0,486406.0
2025-05,2025,5,2,319,FR,ฝรั่งเศส,1B,ทวีปยุโรป,13589425.0,254710.0
2025-05,2025,5,2,371,CA,แคนาดา,1C,ทวีปอเมริกาเหนือ,13958170.0,242162.0
2025-05,2025,5,2,268,KH,กัมพูชา,1A,ทวีปเอเชีย,13927942.0,348466.0
2025-05,2025,5,2,304,JP,ญี่ปุ่น,1A,ทวีปเอเชีย,8338499.0,112303.0
2025-05,2025,5,2,343,PL,โปแลนด์,1B,ทวีปยุโรป,12150954.0,199204.0
2025-05,2025,5,2,273,SG,สิงคโปร์,1A,ทวีปเอเชีย,9175180.0,162450.0
2025-05,2025,5,2,302,CN,จีน,1A,ทวีปเอเชีย,6968716.0,143753.0
2025-05,2025,5,2,323,IT,อิตาลี,1B,ทวีปยุโรป,12595267.0,231704.0
2025-05,2025,5,2,317,ES,สเปน,1B,ทวีปยุโรป,13169397.0,221588.0
2025-05,2025,5,2,272,PH,ฟิลิปปินส์,1A,ทวีปเอเชีย,6016885.0,66446.0
2025-05,2025,5,2,288,IL,อิสราเอล,1A,ทวีปเอเชีย,4053824.0,92014.0
2025-05,2025,5,2,279,IN,อินเดีย,1A,ทวีปเอเชีย,8055425.0,118985.0
2025-05,2025,5,2,316,DK,เดนมาร์ก,1B,ทวีปยุโรป,4035359.0,53016.0
2025-05,2025,5,2,296,SA,ซาอุดีอาระเบีย,1A,ทวีปเอเชีย,8558892.0,149522.0
2025-05,2025,5,2,309,TW,ไต้หวัน,1A,ทวีปเอเชีย,3986977.0,72177.0
2025-05,2025,5,2,285,AE,สหรัฐอาหรับเอมิเรตส์,1A,ทวีปเอเชีย,5330428.0,57431.0
2025-05,2025,5,2,303,HK,ฮ่องกง,1A,ทวีปเอเชีย,2486923.0,39288.0
2025-05,2025,5,2,267,ID,อินโดนีเซีย,1A,ทวีปเอเชีย,3823516.0,124895.0
2025-05,2025,5,2,298,TR,ตุรกี,1A,ทวีปเอเชีย,1615285.0,20384.0
2025-05,2025,5,2,270,MM,เมียนมา,1A,ทวีปเอเชีย,3128015.0,69207.0
2025-05,2025,5,2,277,BD,บังกลาเทศ,1A,ทวีปเอเชีย,3907134.0,28632.0
2025-05,2025,5,2,274,VN,เวียดนาม,1A,ทวีปเอเชีย,4877032.0,71351.0
2025-05,2025,5,2,366,NO,นอร์เวย์,1B,ทวีปยุโรป,3778689.0,73881.0
2025-05,2025,5,2,321,GR,กรีซ,1B,ทวีปยุโรป,4364500.0,56367.0
2025-05,2025,5,2,497,NZ,นิวซีแลนด์,1F,ทวีปออสเตรเลีย,2660304.0,23533.0
2025-05,2025,5,2,352,UZ,อุซเบกิสถาน,1A,ทวีปเอเชีย,228188.0,3214.0
2025-05,2025,5,2,318,FI,ฟินแลนด์,1B,ทวีปยุโรป,1903959.0,30254.0
2025-05,2025,5,2,312,AT,ออสเตรีย,1B,ทวีปยุโรป,3712540.0,74838.0
2025-05,2025,5,2,478,ZA,แอฟริกาใต้,1E,ทวีปแอฟริกา,2980062.0,29725.0
2025-05,2025,5,2,336,CZ,สาธารณรัฐเช็ก,1B,ทวีปยุโรป,1150511.0,17298.0
2025-05,2025,5,2,326,PT,โปรตุเกส,1B,ทวีปยุโรป,1728256.0,38880.0
2025-05,2025,5,2,356,CH,สวิตเซอร์แลนด์,1B,ทวีปยุโรป,2282641.0,36705.0
2025-05,2025,5,2,307,MN,มองโกเลีย,1A,ทวีปเอเชีย,2242946.0,22083.0
2025-05,2025,5,2,287,CY,ไซปรัส,1A,ทวีปเอเชีย,2001075.0,33770.0
2025-05,2025,5,2,283,PK,ปากีสถาน,1A,ทวีปเอเชีย,829935.0,8627.0
2025-05,2025,5,2,437,EG,อียิปต์,1E,ทวีปแอฟริกา,870584.0,19102.0
2025-05,2025,5,2,344,RO,โรมาเนีย,1B,ทวีปยุโรป,99.0,1.0
2025-05,2025,5,2,322,IE,ไอร์แลนด์,1B,ทวีปยุโรป,1952493.0,33095.0
2025-05,2025,5,2,410,CL,ชิลี,1D,ทวีปอเมริกาใต้,2454144.0,22852.0
2025-05,2025,5,2,291,JO,จอร์แดน,1A,ทวีปเอเชีย,1430211.0,14676.0
2025-05,2025,5,2,286,BH,บาห์เรน,1A,ทวีปเอเชีย,938428.0,9931.0
2025-05,2025,5,2,351,UA,ยูเครน,1B,ทวีปยุโรป,1458512.0,20009.0
2025-05,2025,5,2,292,KW,คูเวต,1A,ทวีปเอเชีย,336610.0,4681.0
2025-05,2025,5,2,289,IQ,อิรัก,1A,ทวีปเอเชีย,1251820.0,15012.0
2025-05,2025,5,2,363,LV,ลัตเวีย,1B,ทวีปยุโรป,1521837.0,22180.0
2025-05,2025,5,2,339,HU,ฮังการี,1B,ทวีปยุโรป,1037533.0,9198.0
2025-05,2025,5,2,332,AZ,อาเซอร์ไบจาน,1A,ทวีปเอเชีย,571315.0,11997.0
2025-05,2025,5,2,452,MA,โมร็อกโก,1E,ทวีปแอฟริกา,0.0,0.0
2025-05,2025,5,2,266,BN,บรูไน,1A,ทวีปเอเชีย,566703.0,9836.0
2025-05,2025,5,2,341,KZ,คาซัคสถาน,1A,ทวีปเอเชีย,464297.0,9372.0
2025-05,2025,5,2,337,GE,จอร์เจีย,1A,ทวีปเอเชีย,0.0,0.0
2025-05,2025,5,2,295,QA,กาตาร์,1A,ทวีปเอเชีย,0.0,0.0
2025-05,2025,5,2,420,SR,ซูรินาเม,1D,ทวีปอเมริกาใต้,0.0,0.0
2025-05,2025,5,2,293,LB,เลบานอน,1A,ทวีปเอเชีย,39639.0,972.0
2025-05,2025,5,2,372,MX,เม็กซิโก,1C,ทวีปอเมริกาเหนือ,940218.0,17118.0
2025-05,2025,5,2,294,OM,โอมาน,1A,ทวีปเอเชีย,0.0,0.0
2025-05,2025,5,2,409,BR,บราซิล,1D,ทวีปอเมริกาใต้,34089.0,238.0
2025-05,2025,5,2,463,RE,เรอูนียง,1E,ทวีปแอฟริกา,306445.0,3350.0
2025-05,2025,5,2,384,DO,สาธารณรัฐโดมินิกัน,1C,ทวีปอเมริกาเหนือ,0.0,0.0
2025-05,2025,5,2,377,BB,บาร์เบโดส,1C,ทวีปอเมริกาเหนือ,146053.0,2545.0
2025-05,2025,5,2,563,RS,เซอร์เบีย,1B,ทวีปยุโรป,392199.0,3947.0
2025-05,2025,5,2,338,HR,โครเอเชีย,1B,ทวีปยุโรป,0.0,0.0
2025-05,2025,5,2,281,MV,มัลดีฟส์,1A,ทวีปเอเชีย,13996.0,220.0
2025-05,2025,5,2,456,MU,มอริเชียส,1E,ทวีปแอฟริกา,237500.0,1900.0
2025-05,2025,5,2,313,BE,เบลเยียม,1B,ทวีปยุโรป,0.0,0.0
2025-05,2025,5,2,347,SK,สโลวาเกีย,1B,ทวีปยุโรป,198899.0,2826.0
2025-05,2025,5,2,280,LK,ศรีลังกา,1A,ทวีปเอเชีย,2820.0,45.0
2025-05,2025,5,2,407,AR,อาร์เจนตินา,1D,ทวีปอเมริกาใต้,0.0,0.0
2025-05,2025,5,2,411,CO,โคลอมเบีย,1D,ทวีปอเมริกาใต้,41373.0,450.0
2025-05,2025,5,2,282,NP,เนปาล,1A,ทวีปเอเชีย,0.0,0.0
2025-05,2025,5,2,365,MT,มอลตา,1B,ทวีปยุโรป,200046.0,2652.0
2025-05,2025,5,2,360,IS,ไอซ์แลนด์,1B,ทวีปยุโรป,0.0,0.0
2025-05,2025,5,2,331,AM,อาร์เมเนีย,1A,ทวีปเอเชีย,0.0,0.0
2025-05,2025,5,2,504,TO,ตองกา,1F,ทวีปออสเตรเลีย,625085.0,10836.0
2025-05,2025,5,2,342,MD,มอลโดวา,1B,ทวีปยุโรป,0.0,0.0
2025-05,2025,5,2,333,BG,บัลแกเรีย,1B,ทวีปยุโรป,489937.0,5774.0
2025-05,2025,5,2,453,MG,มาดากัสการ์,1E,ทวีปแอฟริกา,0.0,0.0
2025-05,2025,5,2,330,AL,แอลเบเนีย,1B,ทวีปยุโรป,564162.0,5461.0
2025-05,2025,5,2,486,FJ,ฟิจิ,1F,ทวีปออสเตรเลีย,266433.0,3664.0
2025-05,2025,5,2,395,MQ,มาร์ตินีก,1C,ทวีปอเมริกาเหนือ,0.0,0.0
2025-05,2025,5,2,387,GP,กวาเดอลูป,1C,ทวีปอเมริกาเหนือ,0.0,0.0
2025-05,2025,5,2,401,TT,ตรินิแดดและโตเบโก,1C,ทวีปอเมริกาเหนือ,0.0,0.0
2025-05,2025,5,2,499,PG,ปาปัวนิวกินี,1F,ทวีปออสเตรเลีย,0.0,0.0
2025-05,2025,5,2,389,HN,ฮอนดูรัส,1C,ทวีปอเมริกาเหนือ,0.0,0.0
2025-05,2025,5,2,489,GU,กวม,1F,ทวีปออสเตรเลีย,93812.0,256.0
2025-05,2025,5,2,414,GF,เฟรนช์เกียนา,1D,ทวีปอเมริกาใต้,0.0,0.0
2025-05,2025,5,2,469,SN,เซเนกัล,1E,ทวีปแอฟริกา,0.0,0.0
2025-05,2025,5,2,475,TN,ตูนิเซีย,1E,ทวีปแอฟริกา,0.0,0.0
2025-05,2025,5,2,357,EE,เอสโตเนีย,1B,ทวีปยุโรป,0.0,0.0
2025-05,2025,5,2,493,NC,นิวแคลีโดเนีย,1F,ทวีปออสเตรเลีย,24972.0,274.0
2025-05,2025,5,2,526,WF,หมู่เกาะวาลลิสและฟุตูนา,1F,ทวีปออสเตรเลีย,0.0,0.0
2025-05,2025,5,2,290,IR,อิหร่าน,1A,ทวีปเอเชีย,0.0,0.0
2025-05,2025,5,2,458,MZ,โมซัมบิก,1E,ทวีปแอฟริกา,15856.0,420.0
2025-05,2025,5,2,447,KE,เคนยา,1E,ทวีปแอฟริกา,0.0,0.0
2025-05,2025,5,2,492,MP,เกาะมาเรียนาเหนือ,1F,ทวีปออสเตรเลีย,0.0,0.0
2025-05,2025,5,2,381,CR,คอสตาริกา,1C,ทวีปอเมริกาเหนือ,0.0,0.0
2025-05,2025,5,2,501,PW,ปาลัว,1F,ทวีปออสเตรเลีย,0.0,0.0
2025-05,2025,5,2,498,PF,เฟรนช์โปลีนีเซีย,1F,ทวีปออสเตรเลีย,59649.0,416.0
2025-05,2025,5,2,530,YT,มายอต,1E,ทวีปแอฟริกา,50827.0,512.0
2025-05,2025,5,2,461,NG,ไนจีเรีย,1E,ทวีปแอฟริกา,0.0,0.0
2025-05,2025,5,2,308,MO,มาเก๊า,1A,ทวีปเอเชีย,16576.0,205.0
2025-05,2025,5,2,502,SB,โซโลมอน,1F,ทวีปออสเตรเลีย,31817.0,240.0
2025-05,2025,5,2,397,PA,ปานามา,1C,ทวีปอเมริกาเหนือ,18168.0,245.0
2025-05,2025,5,2,505,VU,วานูอาตู,1F,ทวีปออสเตรเลีย,0.0,0.0
2025-05,2025,5,2,443,GN,กินี,1E,ทวีปแอฟริกา,0.0,0.0
2025-05,2025,5,2,362,LT,ลิทัวเนีย,1B,ทวีปยุโรป,22891.0,361.0
2025-05,2025,5,2,278,BT,ภูฎาน,1A,ทวีปเอเชีย,0.0,0.0
2025-05,2025,5,2,346,SI,สโลวีเนีย,1B,ทวีปยุโรป,0.0,0.0
2025-05,2025,5,2,506,WS,ซามัวตะวันตก,1F,ทวีปออสเตรเลีย,0.0,0.0
2025-05,2025,5,2,484,CK,หมู่เกาะดุก,1F,ทวีปออสเตรเลีย,0.0,0.0
2025-05,2025,5,2,465,SC,เซเชลส์,1E,ทวีปแอฟริกา,0.0,0.0
2025-05,2025,5,2,476,TZ,แทนซาเนีย,1E,ทวีปแอฟริกา,0.0,0.0
2025-06,2025,6,2,315,DE,เยอรมนี,1B,ทวีปยุโรป,47907116.0,548450.0
2025-06,2025,6,2,373,US,สหรัฐอเมริกา,1C,ทวีปอเมริกาเหนือ,52699971.0,660740.0
2025-06,2025,6,2,320,GB,สหราชอาณาจักร,1B,ทวีปยุโรป,42818568.0,585705.0
2025-06,2025,6,2,325,NL,เนเธอร์แลนด์,1B,ทวีปยุโรป,30673089.0,419394.0
2025-06,2025,6,2,271,MY,มาเลเซีย,1A,ทวีปเอเชีย,41620372.0,591549.0
2025-06,2025,6,2,345,RU,รัสเซีย,1B,ทวีปยุโรป,400287.0,5253.0
2025-06,2025,6,2,306,KR,เกาหลีใต้,1A,ทวีปเอเชีย,15203151.0,242989.0
2025-06,2025,6,2,327,SE,สวีเดน,1B,ทวีปยุโรป,16545601.0,256515.0
2025-06,2025,6,2,483,AU,ออสเตรเลีย,1F,ทวีปออสเตรเลีย,31692578.0,426322.0
2025-06,2025,6,2,269,LA,สปป. ลาว,1A,ทวีปเอเชีย,17195873.0,507563.0
2025-06,2025,6,2,319,FR,ฝรั่งเศส,1B,ทวีปยุโรป,15482596.0,268711.0
2025-06,2025,6,2,371,CA,แคนาดา,1C,ทวีปอเมริกาเหนือ,18239773.0,318797.0
2025-06,2025,6,2,268,KH,กัมพูชา,1A,ทวีปเอเชีย,10106644.0,271464.0
2025-06,2025,6,2,304,JP,ญี่ปุ่น,1A,ทวีปเอเชีย,8254583.0,105073.0
2025-06,2025,6,2,343,PL,โปแลนด์,1B,ทวีปยุโรป,9671843.0,97701.0
2025-06,2025,6,2,273,SG,สิงคโปร์,1A,ทวีปเอเชีย,8214587.0,156007.0
2025-06,2025,6,2,323,IT,อิตาลี,1B,ทวีปยุโรป,10584682.0,167335.0
2025-06,2025,6,2,302,CN,จีน,1A,ทวีปเอเชีย,8026889.0,118596.0
2025-06,2025,6,2,317,ES,สเปน,1B,ทวีปยุโรป,8742019.0,113559.0
2025-06,2025,6,2,288,IL,อิสราเอล,1A,ทวีปเอเชีย,10093148.0,199998.0
2025-06,2025,6,2,272,PH,ฟิลิปปินส์,1A,ทวีปเอเชีย,7957169.0,83146.0
2025-06,2025,6,2,279,IN,อินเดีย,1A,ทวีปเอเชีย,9097291.0,135449.0
2025-06,2025,6,2,316,DK,เดนมาร์ก,1B,ทวีปยุโรป,5964035.0,68634.0
2025-06,2025,6,2,285,AE,สหรัฐอาหรับเอมิเรตส์,1A,ทวีปเอเชีย,8865477.0,90112.0
2025-06,2025,6,2,296,SA,ซาอุดีอาระเบีย,1A,ทวีปเอเชีย,5512322.0,112123.0
2025-06,2025,6,2,298,TR,ตุรกี,1A,ทวีปเอเชีย,9907667.0,120209.0
2025-06,2025,6,2,309,TW,ไต้หวัน,1A,ทวีปเอเชีย,3595896.0,71898.0
2025-06,2025,6,2,274,VN,เวียดนาม,1A,ทวีปเอเชีย,7637435.0,101966.0
2025-06,2025,6,2,303,HK,ฮ่องกง,1A,ทวีปเอเชีย,3049196.0,36211.0
2025-06,2025,6,2,270,MM,เมียนมา,1A,ทวีปเอเชีย,2921840.0,76481.0
2025-06,2025,6,2,267,ID,อินโดนีเซีย,1A,ทวีปเอเชีย,2199592.0,26969.0
2025-06,2025,6,2,277,BD,บังกลาเทศ,1A,ทวีปเอเชีย,2016974.0,17232.0
2025-06,2025,6,2,321,GR,กรีซ,1B,ทวีปยุโรป,3329773.0,60204.0
2025-06,2025,6,2,366,NO,นอร์เวย์,1B,ทวีปยุโรป,1383598.0,8459.0
2025-06,2025,6,2,497,NZ,นิวซีแลนด์,1F,ทวีปออสเตรเลีย,1446409.0,14654.0
2025-06,2025,6,2,352,UZ,อุซเบกิสถาน,1A,ทวีปเอเชีย,2389878.0,51516.0
2025-06,2025,6,2,318,FI,ฟินแลนด์,1B,ทวีปยุโรป,2110673.0,33079.0
2025-06,2025,6,2,312,AT,ออสเตรีย,1B,ทวีปยุโรป,2041433.0,42744.0
2025-06,2025,6,2,336,CZ,สาธารณรัฐเช็ก,1B,ทวีปยุโรป,2393142.0,34729.0
2025-06,2025,6,2,478,ZA,แอฟริกาใต้,1E,ทวีปแอฟริกา,1402843.0,17700.0
2025-06,2025,6,2,326,PT,โปรตุเกส,1B,ทวีปยุโรป,2327997.0,49920.0
2025-06,2025,6,2,356,CH,สวิตเซอร์แลนด์,1B,ทวีปยุโรป,688591.0,10764.0
2025-06,2025,6,2,437,EG,อียิปต์,1E,ทวีปแอฟริกา,2370040.0,26284.0
2025-06,2025,6,2,307,MN,มองโกเลีย,1A,ทวีปเอเชีย,0.0,0.0
2025-06,2025,6,2,287,CY,ไซปรัส,1A,ทวีปเอเชีย,1252446.0,14318.0
2025-06,2025,6,2,322,IE,ไอร์แลนด์,1B,ทวีปยุโรป,1459801.0,17956.0
2025-06,2025,6,2,291,JO,จอร์แดน,1A,ทวีปเอเชีย,1336543.0,21226.0
2025-06,2025,6,2,283,PK,ปากีสถาน,1A,ทวีปเอเชีย,0.0,0.0
2025-06,2025,6,2,410,CL,ชิลี,1D,ทวีปอเมริกาใต้,465693.0,5459.0
2025-06,2025,6,2,344,RO,โรมาเนีย,1B,ทวีปยุโรป,0.0,0.0
2025-06,2025,6,2,351,UA,ยูเครน,1B,ทวีปยุโรป,403097.0,3527.0
2025-06,2025,6,2,286,BH,บาห์เรน,1A,ทวีปเอเชีย,145793.0,1620.0
2025-06,2025,6,2,289,IQ,อิรัก,1A,ทวีปเอเชีย,826895.0,12960.0
2025-06,2025,6,2,339,HU,ฮังการี,1B,ทวีปยุโรป,1027195.0,8884.0
2025-06,2025,6,2,292,KW,คูเวต,1A,ทวีปเอเชีย,607216.0,12018.0
2025-06,2025,6,2,384,DO,สาธารณรัฐโดมินิกัน,1C,ทวีปอเมริกาเหนือ,2070481.0,39482.0
2025-06,2025,6,2,363,LV,ลัตเวีย,1B,ทวีปยุโรป,408213.0,5170.0
2025-06,2025,6,2,337,GE,จอร์เจีย,1A,ทวีปเอเชีย,955243.0,16936.0
2025-06,2025,6,2,372,MX,เม็กซิโก,1C,ทวีปอเมริกาเหนือ,1159658.0,19260.0
2025-06,2025,6,2,293,LB,เลบานอน,1A,ทวีปเอเชีย,761855.0,10986.0
2025-06,2025,6,2,420,SR,ซูรินาเม,1D,ทวีปอเมริกาใต้,604726.0,10524.0
2025-06,2025,6,2,332,AZ,อาเซอร์ไบจาน,1A,ทวีปเอเชีย,0.0,0.0
2025-06,2025,6,2,452,MA,โมร็อกโก,1E,ทวีปแอฟริกา,0.0,0.0
2025-06,2025,6,2,266,BN,บรูไน,1A,ทวีปเอเชีย,75744.0,2189.0
2025-06,2025,6,2,341,KZ,คาซัคสถาน,1A,ทวีปเอเชีย,5302.0,31.0
2025-06,2025,6,2,295,QA,กาตาร์,1A,ทวีปเอเชีย,0.0,0.0
2025-06,2025,6,2,338,HR,โครเอเชีย,1B,ทวีปยุโรป,695468.0,14397.0
2025-06,2025,6,2,294,OM,โอมาน,1A,ทวีปเอเชีย,0.0,0.0
2025-06,2025,6,2,463,RE,เรอูนียง,1E,ทวีปแอฟริกา,214790.0,1754.0
2025-06,2025,6,2,411,CO,โคลอมเบีย,1D,ทวีปอเมริกาใต้,737071.0,9000.0
2025-06,2025,6,2,409,BR,บราซิล,1D,ทวีปอเมริกาใต้,0.0,0.0
2025-06,2025,6,2,280,LK,ศรีลังกา,1A,ทวีปเอเชีย,541367.0,4924.0
2025-06,2025,6,2,313,BE,เบลเยียม,1B,ทวีปยุโรป,287807.0,2949.0
2025-06,2025,6,2,563,RS,เซอร์เบีย,1B,ทวีปยุโรป,59588.0,870.0
2025-06,2025,6,2,377,BB,บาร์เบโดส,1C,ทวีปอเมริกาเหนือ,0.0,0.0
2025-06,2025,6,2,281,MV,มัลดีฟส์,1A,ทวีปเอเชีย,93653.0,1263.0
2025-06,2025,6,2,357,EE,เอสโตเนีย,1B,ทวีปยุโรป,1045212.0,6725.0
2025-06,2025,6,2,331,AM,อาร์เมเนีย,1A,ทวีปเอเชีย,517876.0,6683.0
2025-06,2025,6,2,365,MT,มอลตา,1B,ทวีปยุโรป,387931.0,4795.0
2025-06,2025,6,2,456,MU,มอริเชียส,1E,ทวีปแอฟริกา,0.0,0.0
2025-06,2025,6,2,387,GP,กวาเดอลูป,1C,ทวีปอเมริกาเหนือ,503825.0,8814.0
2025-06,2025,6,2,347,SK,สโลวาเกีย,1B,ทวีปยุโรป,155243.0,3396.0
2025-06,2025,6,2,407,AR,อาร์เจนตินา,1D,ทวีปอเมริกาใต้,0.0,0.0
2025-06,2025,6,2,282,NP,เนปาล,1A,ทวีปเอเชีย,0.0,0.0
2025-06,2025,6,2,333,BG,บัลแกเรีย,1B,ทวีปยุโรป,42108.0,288.0
2025-06,2025,6,2,360,IS,ไอซ์แลนด์,1B,ทวีปยุโรป,2680.0,16.0
2025-06,2025,6,2,504,TO,ตองกา,1F,ทวีปออสเตรเลีย,0.0,0.0
2025-06,2025,6,2,342,MD,มอลโดวา,1B,ทวีปยุโรป,0.0,0.0
2025-06,2025,6,2,498,PF,เฟรนช์โปลีนีเซีย,1F,ทวีปออสเตรเลีย,560142.0,9246.0
2025-06,2025,6,2,486,FJ,ฟิจิ,1F,ทวีปออสเตรเลีย,107285.0,900.0
2025-06,2025,6,2,453,MG,มาดากัสการ์,1E,ทวีปแอฟริกา,0.0,0.0
2025-06,2025,6,2,330,AL,แอลเบเนีย,1B,ทวีปยุโรป,0.0,0.0
2025-06,2025,6,2,395,MQ,มาร์ตินีก,1C,ทวีปอเมริกาเหนือ,0.0,0.0
2025-06,2025,6,2,401,TT,ตรินิแดดและโตเบโก,1C,ทวีปอเมริกาเหนือ,52008.0,500.0
2025-06,2025,6,2,499,PG,ปาปัวนิวกินี,1F,ทวีปออสเตรเลีย,0.0,0.0
2025-06,2025,6,2,414,GF,เฟรนช์เกียนา,1D,ทวีปอเมริกาใต้,129043.0,1841.0
2025-06,2025,6,2,489,GU,กวม,1F,ทวีปออสเตรเลีย,32595.0,295.0
2025-06,2025,6,2,475,TN,ตูนิเซีย,1E,ทวีปแอฟริกา,133082.0,1747.0
2025-06,2025,6,2,389,HN,ฮอนดูรัส,1C,ทวีปอเมริกาเหนือ,0.0,0.0
2025-06,2025,6,2,381,CR,คอสตาริกา,1C,ทวีปอเมริกาเหนือ,258793.0,4608.0
2025-06,2025,6,2,493,NC,นิวแคลีโดเนีย,1F,ทวีปออสเตรเลีย,90611.0,768.0
2025-06,2025,6,2,469,SN,เซเนกัล,1E,ทวีปแอฟริกา,0.0,0.0
2025-06,2025,6,2,526,WF,หมู่เกาะวาลลิสและฟุตูนา,1F,ทวีปออสเตรเลีย,31285.0,318.0
2025-06,2025,6,2,290,IR,อิหร่าน,1A,ทวีปเอเชีย,0.0,0.0
2025-06,2025,6,2,458,MZ,โมซัมบิก,1E,ทวีปแอฟริกา,0.0,0.0
2025-06,2025,6,2,447,KE,เคนยา,1E,ทวีปแอฟริกา,0.0,0.0
2025-06,2025,6,2,492,MP,เกาะมาเรียนาเหนือ,1F,ทวีปออสเตรเลีย,0.0,0.0
2025-06,2025,6,2,501,PW,ปาลัว,1F,ทวีปออสเตรเลีย,0.0,0.0
2025-06,2025,6,2,530,YT,มายอต,1E,ทวีปแอฟริกา,0.0,0.0
2025-06,2025,6,2,461,NG,ไนจีเรีย,1E,ทวีปแอฟริกา,0.0,0.0
2025-06,2025,6,2,308,MO,มาเก๊า,1A,ทวีปเอเชีย,3276.0,2.0
2025-06,2025,6,2,502,SB,โซโลมอน,1F,ทวีปออสเตรเลีย,0.0,0.0
2025-06,2025,6,2,397,PA,ปานามา,1C,ทวีปอเมริกาเหนือ,0.0,0.0
2025-06,2025,6,2,505,VU,วานูอาตู,1F,ทวีปออสเตรเลีย,0.0,0.0
2025-06,2025,6,2,443,GN,กินี,1E,ทวีปแอฟริกา,0.0,0.0
2025-06,2025,6,2,362,LT,ลิทัวเนีย,1B,ทวีปยุโรป,0.0,0.0
2025-06,2025,6,2,278,BT,ภูฎาน,1A,ทวีปเอเชีย,0.0,0.0
2025-06,2025,6,2,346,SI,สโลวีเนีย,1B,ทวีปยุโรป,0.0,0.0
2025-06,2025,6,2,506,WS,ซามัวตะวันตก,1F,ทวีปออสเตรเลีย,0.0,0.0
2025-06,2025,6,2,484,CK,หมู่เกาะดุก,1F,ทวีปออสเตรเลีย,0.0,0.0
2025-06,2025,6,2,465,SC,เซเชลส์,1E,ทวีปแอฟริกา,0.0,0.0
2025-06,2025,6,2,476,TZ,แทนซาเนีย,1E,ทวีปแอฟริกา,0.0,0.0
2025-07,2025,7,3,315,DE,เยอรมนี,1B,ทวีปยุโรป,46784936.0,573330.0
2025-07,2025,7,3,373,US,สหรัฐอเมริกา,1C,ทวีปอเมริกาเหนือ,51640768.0,531437.0
2025-07,2025,7,3,320,GB,สหราชอาณาจักร,1B,ทวีปยุโรป,46098150.0,657091.0
2025-07,2025,7,3,325,NL,เนเธอร์แลนด์,1B,ทวีปยุโรป,37499562.0,535299.0
2025-07,2025,7,3,271,MY,มาเลเซีย,1A,ทวีปเอเชีย,39616087.0,553652.0
2025-07,2025,7,3,345,RU,รัสเซีย,1B,ทวีปยุโรป,30560981.0,589932.0
2025-07,2025,7,3,306,KR,เกาหลีใต้,1A,ทวีปเอเชีย,21955272.0,382173.0
2025-07,2025,7,3,327,SE,สวีเดน,1B,ทวีปยุโรป,19245472.0,344896.0
2025-07,2025,7,3,483,AU,ออสเตรเลีย,1F,ทวีปออสเตรเลีย,24547741.0,371297.0
2025-07,2025,7,3,371,CA,แคนาดา,1C,ทวีปอเมริกาเหนือ,22521198.0,423498.0
2025-07,2025,7,3,269,LA,สปป. ลาว,1A,ทวีปเอเชีย,15764106.0,472262.0
2025-07,2025,7,3,319,FR,ฝรั่งเศส,1B,ทวีปยุโรป,12800030.0,242582.0
2025-07,2025,7,3,268,KH,กัมพูชา,1A,ทวีปเอเชีย,7036720.0,157054.0
2025-07,2025,7,3,304,JP,ญี่ปุ่น,1A,ทวีปเอเชีย,13147979.0,185112.0
2025-07,2025,7,3,343,PL,โปแลนด์,1B,ทวีปยุโรป,11328333.0,160425.0
2025-07,2025,7,3,323,IT,อิตาลี,1B,ทวีปยุโรป,12891753.0,197811.0
2025-07,2025,7,3,273,SG,สิงคโปร์,1A,ทวีปเอเชีย,10126190.0,151892.0
2025-07,2025,7,3,302,CN,จีน,1A,ทวีปเอเชีย,12340291.0,217827.0
2025-07,2025,7,3,288,IL,อิสราเอล,1A,ทวีปเอเชีย,8885789.0,168278.0
2025-07,2025,7,3,317,ES,สเปน,1B,ทวีปยุโรป,4250328.0,63740.0
2025-07,2025,7,3,272,PH,ฟิลิปปินส์,1A,ทวีปเอเชีย,7518438.0,80817.0
2025-07,2025,7,3,279,IN,อินเดีย,1A,ทวีปเอเชีย,6395927.0,104010.0
2025-07,2025,7,3,316,DK,เดนมาร์ก,1B,ทวีปยุโรป,6346402.0,119845.0
2025-07,2025,7,3,296,SA,ซาอุดีอาระเบีย,1A,ทวีปเอเชีย,7888580.0,141423.0
2025-07,2025,7,3,285,AE,สหรัฐอาหรับเอมิเรตส์,1A,ทวีปเอเชีย,4202431.0,56230.0
2025-07,2025,7,3,309,TW,ไต้หวัน,1A,ทวีปเอเชีย,6479072.0,103601.0
2025-07,2025,7,3,298,TR,ตุรกี,1A,ทวีปเอเชีย,2395949.0,34041.0
2025-07,2025,7,3,274,VN,เวียดนาม,1A,ทวีปเอเชีย,4447554.0,38270.0
2025-07,2025,7,3,303,HK,ฮ่องกง,1A,ทวีปเอเชีย,3113095.0,29839.0
2025-07,2025,7,3,366,NO,นอร์เวย์,1B,ทวีปยุโรป,7628440.0,77993.0
2025-07,2025,7,3,270,MM,เมียนมา,1A,ทวีปเอเชีย,1958373.0,51041.0
2025-07,2025,7,3,267,ID,อินโดนีเซีย,1A,ทวีปเอเชีย,38752.0,80.0
2025-07,2025,7,3,277,BD,บังกลาเทศ,1A,ทวีปเอเชีย,261517.0,3426.0
2025-07,2025,7,3,321,GR,กรีซ,1B,ทวีปยุโรป,2223426.0,42725.0
2025-07,2025,7,3,497,NZ,นิวซีแลนด์,1F,ทวีปออสเตรเลีย,2612808.0,44986.0
2025-07,2025,7,3,318,FI,ฟินแลนด์,1B,ทวีปยุโรป,2297800.0,23710.0
2025-07,2025,7,3,352,UZ,อุซเบกิสถาน,1A,ทวีปเอเชีย,683181.0,10773.0
2025-07,2025,7,3,312,AT,ออสเตรีย,1B,ทวีปยุโรป,3023874.0,55873.0
2025-07,2025,7,3,478,ZA,แอฟริกาใต้,1E,ทวีปแอฟริกา,2576033.0,28206.0
2025-07,2025,7,3,336,CZ,สาธารณรัฐเช็ก,1B,ทวีปยุโรป,1577972.0,25830.0
2025-07,2025,7,3,326,PT,โปรตุเกส,1B,ทวีปยุโรป,0.0,0.0
2025-07,2025,7,3,437,EG,อียิปต์,1E,ทวีปแอฟริกา,2898490.0,54396.0
2025-07,2025,7,3,356,CH,สวิตเซอร์แลนด์,1B,ทวีปยุโรป,999539.0,14211.0
2025-07,2025,7,3,307,MN,มองโกเลีย,1A,ทวีปเอเชีย,610569.0,13608.0
2025-07,2025,7,3,322,IE,ไอร์แลนด์,1B,ทวีปยุโรป,939832.0,9531.0
2025-07,2025,7,3,287,CY,ไซปรัส,1A,ทวีปเอเชีย,29700.0,264.0
2025-07,2025,7,3,291,JO,จอร์แดน,1A,ทวีปเอเชีย,168481.0,3051.0
2025-07,2025,7,3,351,UA,ยูเครน,1B,ทวีปยุโรป,1355009.0,20801.0
2025-07,2025,7,3,286,BH,บาห์เรน,1A,ทวีปเอเชีย,1413716.0,19072.0
2025-07,2025,7,3,283,PK,ปากีสถาน,1A,ทวีปเอเชีย,144000.0,1418.0
2025-07,2025,7,3,292,KW,คูเวต,1A,ทวีปเอเชีย,1562456.0,22719.0
2025-07,2025,7,3,410,CL,ชิลี,1D,ทวีปอเมริกาใต้,297101.0,2027.0
2025-07,2025,7,3,344,RO,โรมาเนีย,1B,ทวีปยุโรป,0.0,0.0
2025-07,2025,7,3,337,GE,จอร์เจีย,1A,ทวีปเอเชีย,1094115.0,19400.0
2025-07,2025,7,3,339,HU,ฮังการี,1B,ทวีปยุโรป,153474.0,1962.0
2025-07,2025,7,3,289,IQ,อิรัก,1A,ทวีปเอเชีย,0.0,0.0
2025-07,2025,7,3,295,QA,กาตาร์,1A,ทวีปเอเชีย,1421112.0,11764.0
2025-07,2025,7,3,384,DO,สาธารณรัฐโดมินิกัน,1C,ทวีปอเมริกาเหนือ,0.0,0.0
2025-07,2025,7,3,363,LV,ลัตเวีย,1B,ทวีปยุโรป,0.0,0.0
2025-07,2025,7,3,372,MX,เม็กซิโก,1C,ทวีปอเมริกาเหนือ,410077.0,6118.0
2025-07,2025,7,3,266,BN,บรูไน,1A,ทวีปเอเชีย,892914.0,17990.0
2025-07,2025,7,3,332,AZ,อาเซอร์ไบจาน,1A,ทวีปเอเชีย,721593.0,13221.0
2025-07,2025,7,3,293,LB,เลบานอน,1A,ทวีปเอเชีย,100693.0,1592.0
2025-07,2025,7,3,452,MA,โมร็อกโก,1E,ทวีปแอฟริกา,225810.0,1524.0
2025-07,2025,7,3,420,SR,ซูรินาเม,1D,ทวีปอเมริกาใต้,0.0,0.0
2025-07,2025,7,3,456,MU,มอริเชียส,1E,ทวีปแอฟริกา,1389555.0,16727.0
2025-07,2025,7,3,341,KZ,คาซัคสถาน,1A,ทวีปเอเชีย,0.0,0.0
2025-07,2025,7,3,463,RE,เรอูนียง,1E,ทวีปแอฟริกา,597996.0,5473.0
2025-07,2025,7,3,365,MT,มอลตา,1B,ทวีปยุโรป,978218.0,16062.0
2025-07,2025,7,3,338,HR,โครเอเชีย,1B,ทวีปยุโรป,0.0,0.0
2025-07,2025,7,3,347,SK,สโลวาเกีย,1B,ทวีปยุโรป,781697.0,15557.0
2025-07,2025,7,3,294,OM,โอมาน,1A,ทวีปเอเชีย,18038.0,207.0
2025-07,2025,7,3,313,BE,เบลเยียม,1B,ทวีปยุโรป,279508.0,1916.0
2025-07,2025,7,3,409,BR,บราซิล,1D,ทวีปอเมริกาใต้,119554.0,1325.0
2025-07,2025,7,3,333,BG,บัลแกเรีย,1B,ทวีปยุโรป,849713.0,19440.0
2025-07,2025,7,3,411,CO,โคลอมเบีย,1D,ทวีปอเมริกาใต้,0.0,0.0
2025-07,2025,7,3,357,EE,เอสโตเนีย,1B,ทวีปยุโรป,138444.0,1471.0
2025-07,2025,7,3,281,MV,มัลดีฟส์,1A,ทวีปเอเชีย,120240.0,1889.0
2025-07,2025,7,3,280,LK,ศรีลังกา,1A,ทวีปเอเชีย,0.0,0.0
2025-07,2025,7,3,563,RS,เซอร์เบีย,1B,ทวีปยุโรป,0.0,0.0
2025-07,2025,7,3,377,BB,บาร์เบโดส,1C,ทวีปอเมริกาเหนือ,0.0,0.0
2025-07,2025,7,3,389,HN,ฮอนดูรัส,1C,ทวีปอเมริกาเหนือ,859847.0,16953.0
2025-07,2025,7,3,331,AM,อาร์เมเนีย,1A,ทวีปเอเชีย,0.0,0.0
2025-07,2025,7,3,419,PY,ปารากวัย,1D,ทวีปอเมริกาใต้,1116765.0,7549.0
2025-07,2025,7,3,387,GP,กวาเดอลูป,1C,ทวีปอเมริกาเหนือ,0.0,0.0
2025-07,2025,7,3,486,FJ,ฟิจิ,1F,ทวีปออสเตรเลีย,303539.0,2485.0
2025-07,2025,7,3,282,NP,เนปาล,1A,ทวีปเอเชีย,105630.0,764.0
2025-07,2025,7,3,407,AR,อาร์เจนตินา,1D,ทวีปอเมริกาใต้,0.0,0.0
2025-07,2025,7,3,360,IS,ไอซ์แลนด์,1B,ทวีปยุโรป,0.0,0.0
2025-07,2025,7,3,498,PF,เฟรนช์โปลีนีเซีย,1F,ทวีปออสเตรเลีย,19294.0,99.0
2025-07,2025,7,3,504,TO,ตองกา,1F,ทวีปออสเตรเลีย,0.0,0.0
2025-07,2025,7,3,342,MD,มอลโดวา,1B,ทวีปยุโรป,0.0,0.0
2025-07,2025,7,3,401,TT,ตรินิแดดและโตเบโก,1C,ทวีปอเมริกาเหนือ,135447.0,1162.0
2025-07,2025,7,3,447,KE,เคนยา,1E,ทวีปแอฟริกา,468150.0,5596.0
2025-07,2025,7,3,453,MG,มาดากัสการ์,1E,ทวีปแอฟริกา,0.0,0.0
2025-07,2025,7,3,469,SN,เซเนกัล,1E,ทวีปแอฟริกา,305650.0,4191.0
2025-07,2025,7,3,330,AL,แอลเบเนีย,1B,ทวีปยุโรป,30000.0,480.0
2025-07,2025,7,3,489,GU,กวม,1F,ทวีปออสเตรเลีย,164648.0,1466.0
2025-07,2025,7,3,395,MQ,มาร์ตินีก,1C,ทวีปอเมริกาเหนือ,0.0,0.0
2025-07,2025,7,3,414,GF,เฟรนช์เกียนา,1D,ทวีปอเมริกาใต้,63151.0,974.0
2025-07,2025,7,3,499,PG,ปาปัวนิวกินี,1F,ทวีปออสเตรเลีย,0.0,0.0
2025-07,2025,7,3,475,TN,ตูนิเซีย,1E,ทวีปแอฟริกา,0.0,0.0
2025-07,2025,7,3,493,NC,นิวแคลีโดเนีย,1F,ทวีปออสเตรเลีย,68815.0,520.0
2025-07,2025,7,3,417,PE,เปรู,1D,ทวีปอเมริกาใต้,394796.0,2981.0
2025-07,2025,7,3,381,CR,คอสตาริกา,1C,ทวีปอเมริกาเหนือ,0.0,0.0
2025-07,2025,7,3,290,IR,อิหร่าน,1A,ทวีปเอเชีย,36704.0,600.0
2025-07,2025,7,3,526,WF,หมู่เกาะวาลลิสและฟุตูนา,1F,ทวีปออสเตรเลีย,0.0,0.0
2025-07,2025,7,3,458,MZ,โมซัมบิก,1E,ทวีปแอฟริกา,14617.0,360.0
2025-07,2025,7,3,492,MP,เกาะมาเรียนาเหนือ,1F,ทวีปออสเตรเลีย,26635.0,552.0
2025-07,2025,7,3,501,PW,ปาลัว,1F,ทวีปออสเตรเลีย,0.0,0.0
2025-07,2025,7,3,530,YT,มายอต,1E,ทวีปแอฟริกา,0.0,0.0
2025-07,2025,7,3,397,PA,ปานามา,1C,ทวีปอเมริกาเหนือ,46448.0,264.0
2025-07,2025,7,3,308,MO,มาเก๊า,1A,ทวีปเอเชีย,27558.0,479.0
2025-07,2025,7,3,502,SB,โซโลมอน,1F,ทวีปออสเตรเลีย,30273.0,270.0
2025-07,2025,7,3,461,NG,ไนจีเรีย,1E,ทวีปแอฟริกา,0.0,0.0
2025-07,2025,7,3,505,VU,วานูอาตู,1F,ทวีปออสเตรเลีย,5230.0,70.0
2025-07,2025,7,3,362,LT,ลิทัวเนีย,1B,ทวีปยุโรป,24117.0,387.0
2025-07,2025,7,3,443,GN,กินี,1E,ทวีปแอฟริกา,0.0,0.0
2025-07,2025,7,3,278,BT,ภูฎาน,1A,ทวีปเอเชีย,7620.0,318.0
2025-07,2025,7,3,346,SI,สโลวีเนีย,1B,ทวีปยุโรป,0.0,0.0
2025-07,2025,7,3,506,WS,ซามัวตะวันตก,1F,ทวีปออสเตรเลีย,0.0,0.0
2025-07,2025,7,3,484,CK,หมู่เกาะดุก,1F,ทวีปออสเตรเลีย,0.0,0.0
2025-07,2025,7,3,465,SC,เซเชลส์,1E,ทวีปแอฟริกา,0.0,0.0
2025-07,2025,7,3,476,TZ,แทนซาเนีย,1E,ทวีปแอฟริกา,0.0,0.0
2025-08,2025,8,3,315,DE,เยอรมนี,1B,ทวีปยุโรป,59497951.0,632681.0
2025-08,2025,8,3,373,US,สหรัฐอเมริกา,1C,ทวีปอเมริกาเหนือ,34644645.0,404705.0
2025-08,2025,8,3,320,GB,สหราชอาณาจักร,1B,ทวีปยุโรป,48082084.0,603342.0
2025-08,2025,8,3,325,NL,เนเธอร์แลนด์,1B,ทวีปยุโรป,39454659.0,535601.0
2025-08,2025,8,3,271,MY,มาเลเซีย,1A,ทวีปเอเชีย,41469750.0,602473.0
2025-08,2025,8,3,345,RU,รัสเซีย,1B,ทวีปยุโรป,22512350.0,454821.0
2025-08,2025,8,3,327,SE,สวีเดน,1B,ทวีปยุโรป,32789788.0,536438.0
2025-08,2025,8,3,306,KR,เกาหลีใต้,1A,ทวีปเอเชีย,23222673.0,370064.0
2025-08,2025,8,3,483,AU,ออสเตรเลีย,1F,ทวีปออสเตรเลีย,22832532.0,321030.0
2025-08,2025,8,3,319,FR,ฝรั่งเศส,1B,ทวีปยุโรป,21078395.0,340409.0
2025-08,2025,8,3,269,LA,สปป. ลาว,1A,ทวีปเอเชีย,13442110.0,292748.0
2025-08,2025,8,3,371,CA,แคนาดา,1C,ทวีปอเมริกาเหนือ,10944254.0,213446.0
2025-08,2025,8,3,304,JP,ญี่ปุ่น,1A,ทวีปเอเชีย,12350654.0,178246.0
2025-08,2025,8,3,268,KH,กัมพูชา,1A,ทวีปเอเชีย,2394618.0,41503.0
2025-08,2025,8,3,343,PL,โปแลนด์,1B,ทวีปยุโรป,10780497.0,159584.0
2025-08,2025,8,3,302,CN,จีน,1A,ทวีปเอเชีย,14548189.0,240842.0
2025-08,2025,8,3,323,IT,อิตาลี,1B,ทวีปยุโรป,9588608.0,155300.0
2025-08,2025,8,3,273,SG,สิงคโปร์,1A,ทวีปเอเชีย,6055917.0,106550.0
2025-08,2025,8,3,288,IL,อิสราเอล,1A,ทวีปเอเชีย,9969966.0,238159.0
2025-08,2025,8,3,272,PH,ฟิลิปปินส์,1A,ทวีปเอเชีย,6127722.0,65959.0
2025-08,2025,8,3,279,IN,อินเดีย,1A,ทวีปเอเชีย,7864355.0,112217.0
2025-08,2025,8,3,317,ES,สเปน,1B,ทวีปยุโรป,3045589.0,52043.0
2025-08,2025,8,3,316,DK,เดนมาร์ก,1B,ทวีปยุโรป,4980080.0,86120.0
2025-08,2025,8,3,296,SA,ซาอุดีอาระเบีย,1A,ทวีปเอเชีย,3386933.0,67050.0
2025-08,2025,8,3,285,AE,สหรัฐอาหรับเอมิเรตส์,1A,ทวีปเอเชีย,5130299.0,55556.0
2025-08,2025,8,3,298,TR,ตุรกี,1A,ทวีปเอเชีย,8922483.0,113385.0
2025-08,2025,8,3,309,TW,ไต้หวัน,1A,ทวีปเอเชีย,4376841.0,62768.0
2025-08,2025,8,3,274,VN,เวียดนาม,1A,ทวีปเอเชีย,7350104.0,128330.0
2025-08,2025,8,3,303,HK,ฮ่องกง,1A,ทวีปเอเชีย,2361485.0,30467.0
2025-08,2025,8,3,366,NO,นอร์เวย์,1B,ทวีปยุโรป,4797887.0,80576.0
2025-08,2025,8,3,270,MM,เมียนมา,1A,ทวีปเอเชีย,2954143.0,58849.0
2025-08,2025,8,3,321,GR,กรีซ,1B,ทวีปยุโรป,4073568.0,79363.0
2025-08,2025,8,3,267,ID,อินโดนีเซีย,1A,ทวีปเอเชีย,2819301.0,38852.0
2025-08,2025,8,3,497,NZ,นิวซีแลนด์,1F,ทวีปออสเตรเลีย,4878920.0,68408.0
2025-08,2025,8,3,277,BD,บังกลาเทศ,1A,ทวีปเอเชีย,2095297.0,6720.0
2025-08,2025,8,3,312,AT,ออสเตรีย,1B,ทวีปยุโรป,2857730.0,59762.0
2025-08,2025,8,3,478,ZA,แอฟริกาใต้,1E,ทวีปแอฟริกา,4245581.0,46756.0
2025-08,2025,8,3,318,FI,ฟินแลนด์,1B,ทวีปยุโรป,1024438.0,14106.0
2025-08,2025,8,3,352,UZ,อุซเบกิสถาน,1A,ทวีปเอเชีย,957711.0,23166.0
2025-08,2025,8,3,336,CZ,สาธารณรัฐเช็ก,1B,ทวีปยุโรป,2229723.0,35401.0
2025-08,2025,8,3,437,EG,อียิปต์,1E,ทวีปแอฟริกา,1940609.0,43296.0
2025-08,2025,8,3,326,PT,โปรตุเกส,1B,ทวีปยุโรป,742661.0,14844.0
2025-08,2025,8,3,356,CH,สวิตเซอร์แลนด์,1B,ทวีปยุโรป,1015123.0,14815.0
2025-08,2025,8,3,307,MN,มองโกเลีย,1A,ทวีปเอเชีย,1390487.0,30267.0
2025-08,2025,8,3,322,IE,ไอร์แลนด์,1B,ทวีปยุโรป,1414920.0,25046.0
2025-08,2025,8,3,287,CY,ไซปรัส,1A,ทวีปเอเชีย,1082075.0,18451.0
2025-08,2025,8,3,283,PK,ปากีสถาน,1A,ทวีปเอเชีย,2210710.0,20509.0
2025-08,2025,8,3,339,HU,ฮังการี,1B,ทวีปยุโรป,2546329.0,21000.0
2025-08,2025,8,3,291,JO,จอร์แดน,1A,ทวีปเอเชีย,673653.0,9603.0
2025-08,2025,8,3,337,GE,จอร์เจีย,1A,ทวีปเอเชีย,1998496.0,46025.0
2025-08,2025,8,3,351,UA,ยูเครน,1B,ทวีปยุโรป,827794.0,17878.0
2025-08,2025,8,3,286,BH,บาห์เรน,1A,ทวีปเอเชีย,166719.0,1313.0
2025-08,2025,8,3,292,KW,คูเวต,1A,ทวีปเอเชีย,234925.0,3695.0
2025-08,2025,8,3,410,CL,ชิลี,1D,ทวีปอเมริกาใต้,24943.0,219.0
2025-08,2025,8,3,372,MX,เม็กซิโก,1C,ทวีปอเมริกาเหนือ,1381018.0,23428.0
2025-08,2025,8,3,295,QA,กาตาร์,1A,ทวีปเอเชีย,1085008.0,12760.0
2025-08,2025,8,3,344,RO,โรมาเนีย,1B,ทวีปยุโรป,0.0,0.0
2025-08,2025,8,3,266,BN,บรูไน,1A,ทวีปเอเชีย,1230513.0,20018.0
2025-08,2025,8,3,363,LV,ลัตเวีย,1B,ทวีปยุโรป,1101504.0,18509.0
2025-08,2025,8,3,289,IQ,อิรัก,1A,ทวีปเอเชีย,428586.0,7217.0
2025-08,2025,8,3,332,AZ,อาเซอร์ไบจาน,1A,ทวีปเอเชีย,554227.0,11997.0
2025-08,2025,8,3,341,KZ,คาซัคสถาน,1A,ทวีปเอเชีย,1408992.0,32136.0
2025-08,2025,8,3,293,LB,เลบานอน,1A,ทวีปเอเชีย,995005.0,11495.0
2025-08,2025,8,3,384,DO,สาธารณรัฐโดมินิกัน,1C,ทวีปอเมริกาเหนือ,0.0,0.0
2025-08,2025,8,3,456,MU,มอริเชียส,1E,ทวีปแอฟริกา,560536.0,8642.0
2025-08,2025,8,3,452,MA,โมร็อกโก,1E,ทวีปแอฟริกา,0.0,0.0
2025-08,2025,8,3,463,RE,เรอูนียง,1E,ทวีปแอฟริกา,357360.0,2904.0
2025-08,2025,8,3,420,SR,ซูรินาเม,1D,ทวีปอเมริกาใต้,0.0,0.0
2025-08,2025,8,3,365,MT,มอลตา,1B,ทวีปยุโรป,63162.0,432.0
2025-08,2025,8,3,347,SK,สโลวาเกีย,1B,ทวีปยุโรป,226073.0,3333.0
2025-08,2025,8,3,294,OM,โอมาน,1A,ทวีปเอเชีย,307745.0,2982.0
2025-08,2025,8,3,389,HN,ฮอนดูรัส,1C,ทวีปอเมริกาเหนือ,698824.0,15749.0
2025-08,2025,8,3,338,HR,โครเอเชีย,1B,ทวีปยุโรป,0.0,0.0
2025-08,2025,8,3,313,BE,เบลเยียม,1B,ทวีปยุโรป,234478.0,2432.0
2025-08,2025,8,3,280,LK,ศรีลังกา,1A,ทวีปเอเชีย,415512.0,4171.0
2025-08,2025,8,3,281,MV,มัลดีฟส์,1A,ทวีปเอเชีย,333304.0,4587.0
2025-08,2025,8,3,297,SY,ซีเรีย,1A,ทวีปเอเชีย,1670571.0,13080.0
2025-08,2025,8,3,360,IS,ไอซ์แลนด์,1B,ทวีปยุโรป,934362.0,9539.0
2025-08,2025,8,3,409,BR,บราซิล,1D,ทวีปอเมริกาใต้,0.0,0.0
2025-08,2025,8,3,401,TT,ตรินิแดดและโตเบโก,1C,ทวีปอเมริกาเหนือ,931961.0,7321.0
2025-08,2025,8,3,333,BG,บัลแกเรีย,1B,ทวีปยุโรป,0.0,0.0
2025-08,2025,8,3,377,BB,บาร์เบโดส,1C,ทวีปอเมริกาเหนือ,181204.0,2984.0
2025-08,2025,8,3,411,CO,โคลอมเบีย,1D,ทวีปอเมริกาใต้,0.0,0.0
2025-08,2025,8,3,357,EE,เอสโตเนีย,1B,ทวีปยุโรป,25724.0,240.0
2025-08,2025,8,3,486,FJ,ฟิจิ,1F,ทวีปออสเตรเลีย,458876.0,4965.0
2025-08,2025,8,3,563,RS,เซอร์เบีย,1B,ทวีปยุโรป,0.0,0.0
2025-08,2025,8,3,451,LY,ลิเบีย,1E,ทวีปแอฟริกา,1234421.0,11311.0
2025-08,2025,8,3,331,AM,อาร์เมเนีย,1A,ทวีปเอเชีย,0.0,0.0
2025-08,2025,8,3,342,MD,มอลโดวา,1B,ทวีปยุโรป,438534.0,9616.0
2025-08,2025,8,3,419,PY,ปารากวัย,1D,ทวีปอเมริกาใต้,0.0,0.0
2025-08,2025,8,3,387,GP,กวาเดอลูป,1C,ทวีปอเมริกาเหนือ,0.0,0.0
2025-08,2025,8,3,504,TO,ตองกา,1F,ทวีปออสเตรเลีย,178904.0,1620.0
2025-08,2025,8,3,282,NP,เนปาล,1A,ทวีปเอเชีย,0.0,0.0
2025-08,2025,8,3,453,MG,มาดากัสการ์,1E,ทวีปแอฟริกา,190289.0,3481.0
2025-08,2025,8,3,407,AR,อาร์เจนตินา,1D,ทวีปอเมริกาใต้,0.0,0.0
2025-08,2025,8,3,498,PF,เฟรนช์โปลีนีเซีย,1F,ทวีปออสเตรเลีย,39644.0,338.0
2025-08,2025,8,3,447,KE,เคนยา,1E,ทวีปแอฟริกา,0.0,0.0
2025-08,2025,8,3,489,GU,กวม,1F,ทวีปออสเตรเลีย,35665.0,714.0
2025-08,2025,8,3,469,SN,เซเนกัล,1E,ทวีปแอฟริกา,0.0,0.0
2025-08,2025,8,3,330,AL,แอลเบเนีย,1B,ทวีปยุโรป,0.0,0.0
2025-08,2025,8,3,414,GF,เฟรนช์เกียนา,1D,ทวีปอเมริกาใต้,66364.0,1037.0
2025-08,2025,8,3,395,MQ,มาร์ตินีก,1C,ทวีปอเมริกาเหนือ,0.0,0.0
2025-08,2025,8,3,499,PG,ปาปัวนิวกินี,1F,ทวีปออสเตรเลีย,0.0,0.0
2025-08,2025,8,3,493,NC,นิวแคลีโดเนีย,1F,ทวีปออสเตรเลีย,73354.0,242.0
2025-08,2025,8,3,475,TN,ตูนิเซีย,1E,ทวีปแอฟริกา,0.0,0.0
2025-08,2025,8,3,417,PE,เปรู,1D,ทวีปอเมริกาใต้,0.0,0.0
2025-08,2025,8,3,381,CR,คอสตาริกา,1C,ทวีปอเมริกาเหนือ,0.0,0.0
2025-08,2025,8,3,492,MP,เกาะมาเรียนาเหนือ,1F,ทวีปออสเตรเลีย,58145.0,981.0
2025-08,2025,8,3,526,WF,หมู่เกาะวาลลิสและฟุตูนา,1F,ทวีปออสเตรเลีย,5287.0,53.0
2025-08,2025,8,3,290,IR,อิหร่าน,1A,ทวีปเอเชีย,0.0,0.0
2025-08,2025,8,3,458,MZ,โมซัมบิก,1E,ทวีปแอฟริกา,0.0,0.0
2025-08,2025,8,3,530,YT,มายอต,1E,ทวีปแอฟริกา,49709.0,459.0
2025-08,2025,8,3,501,PW,ปาลัว,1F,ทวีปออสเตรเลีย,0.0,0.0
2025-08,2025,8,3,397,PA,ปานามา,1C,ทวีปอเมริกาเหนือ,0.0,0.0
2025-08,2025,8,3,308,MO,มาเก๊า,1A,ทวีปเอเชีย,0.0,0.0
2025-08,2025,8,3,502,SB,โซโลมอน,1F,ทวีปออสเตรเลีย,0.0,0.0
2025-08,2025,8,3,461,NG,ไนจีเรีย,1E,ทวีปแอฟริกา,0.0,0.0
2025-08,2025,8,3,362,LT,ลิทัวเนีย,1B,ทวีปยุโรป,23745.0,364.0
2025-08,2025,8,3,505,VU,วานูอาตู,1F,ทวีปออสเตรเลีย,0.0,0.0
2025-08,2025,8,3,443,GN,กินี,1E,ทวีปแอฟริกา,0.0,0.0
2025-08,2025,8,3,278,BT,ภูฎาน,1A,ทวีปเอเชีย,0.0,0.0
2025-08,2025,8,3,346,SI,สโลวีเนีย,1B,ทวีปยุโรป,0.0,0.0
2025-08,2025,8,3,506,WS,ซามัวตะวันตก,1F,ทวีปออสเตรเลีย,0.0,0.0
2025-08,2025,8,3,484,CK,หมู่เกาะดุก,1F,ทวีปออสเตรเลีย,0.0,0.0
2025-08,2025,8,3,465,SC,เซเชลส์,1E,ทวีปแอฟริกา,0.0,0.0
2025-08,2025,8,3,476,TZ,แทนซาเนีย,1E,ทวีปแอฟริกา,0.0,0.0
2025-09,2025,9,3,315,DE,เยอรมนี,1B,ทวีปยุโรป,45996943.0,604606.0
2025-09,2025,9,3,373,US,สหรัฐอเมริกา,1C,ทวีปอเมริกาเหนือ,46924927.0,628853.0
2025-09,2025,9,3,320,GB,สหราชอาณาจักร,1B,ทวีปยุโรป,54465419.0,749974.0
2025-09,2025,9,3,325,NL,เนเธอร์แลนด์,1B,ทวีปยุโรป,36956743.0,485615.0
2025-09,2025,9,3,271,MY,มาเลเซีย,1A,ทวีปเอเชีย,34187384.0,518863.0
2025-09,2025,9,3,345,RU,รัสเซีย,1B,ทวีปยุโรป,27098000.0,512373.0
2025-09,2025,9,3,327,SE,สวีเดน,1B,ทวีปยุโรป,17776367.0,348610.0
2025-09,2025,9,3,306,KR,เกาหลีใต้,1A,ทวีปเอเชีย,15174107.0,255437.0
2025-09,2025,9,3,483,AU,ออสเตรเลีย,1F,ทวีปออสเตรเลีย,25141977.0,394372.0
2025-09,2025,9,3,319,FR,ฝรั่งเศส,1B,ทวีปยุโรป,21953715.0,377851.0
2025-09,2025,9,3,269,LA,สปป. ลาว,1A,ทวีปเอเชีย,15491359.0,472061.0
2025-09,2025,9,3,371,CA,แคนาดา,1C,ทวีปอเมริกาเหนือ,10998571.0,188334.0
2025-09,2025,9,3,302,CN,จีน,1A,ทวีปเอเชีย,17595188.0,279630.0
2025-09,2025,9,3,304,JP,ญี่ปุ่น,1A,ทวีปเอเชีย,5187181.0,71832.0
2025-09,2025,9,3,343,PL,โปแลนด์,1B,ทวีปยุโรป,8122875.0,104351.0
2025-09,2025,9,3,268,KH,กัมพูชา,1A,ทวีปเอเชีย,2035033.0,48974.0
2025-09,2025,9,3,273,SG,สิงคโปร์,1A,ทวีปเอเชีย,15004702.0,243725.0
2025-09,2025,9,3,323,IT,อิตาลี,1B,ทวีปยุโรป,10522361.0,204019.0
2025-09,2025,9,3,288,IL,อิสราเอล,1A,ทวีปเอเชีย,8827872.0,167566.0
2025-09,2025,9,3,279,IN,อินเดีย,1A,ทวีปเอเชีย,7244809.0,118471.0
2025-09,2025,9,3,272,PH,ฟิลิปปินส์,1A,ทวีปเอเชีย,6814918.0,79048.0
2025-09,2025,9,3,317,ES,สเปน,1B,ทวีปยุโรป,5376163.0,85825.0
2025-09,2025,9,3,316,DK,เดนมาร์ก,1B,ทวีปยุโรป,3787211.0,71861.0
2025-09,2025,9,3,296,SA,ซาอุดีอาระเบีย,1A,ทวีปเอเชีย,4749908.0,110096.0
2025-09,2025,9,3,285,AE,สหรัฐอาหรับเอมิเรตส์,1A,ทวีปเอเชีย,5896240.0,67946.0
2025-09,2025,9,3,298,TR,ตุรกี,1A,ทวีปเอเชีย,4230530.0,65723.0
2025-09,2025,9,3,309,TW,ไต้หวัน,1A,ทวีปเอเชีย,5201231.0,87847.0
2025-09,2025,9,3,274,VN,เวียดนาม,1A,ทวีปเอเชีย,3655563.0,69981.0
2025-09,2025,9,3,303,HK,ฮ่องกง,1A,ทวีปเอเชีย,3239116.0,40873.0
2025-09,2025,9,3,366,NO,นอร์เวย์,1B,ทวีปยุโรป,2492365.0,21767.0
2025-09,2025,9,3,321,GR,กรีซ,1B,ทวีปยุโรป,5801625.0,80062.0
2025-09,2025,9,3,270,MM,เมียนมา,1A,ทวีปเอเชีย,1798450.0,46520.0
2025-09,2025,9,3,497,NZ,นิวซีแลนด์,1F,ทวีปออสเตรเลีย,3309400.0,32048.0
2025-09,2025,9,3,267,ID,อินโดนีเซีย,1A,ทวีปเอเชีย,2001950.0,33004.0
2025-09,2025,9,3,277,BD,บังกลาเทศ,1A,ทวีปเอเชีย,1222076.0,18086.0
2025-09,2025,9,3,312,AT,ออสเตรีย,1B,ทวีปยุโรป,4167597.0,71310.0
2025-09,2025,9,3,478,ZA,แอฟริกาใต้,1E,ทวีปแอฟริกา,2092618.0,23563.0
2025-09,2025,9,3,318,FI,ฟินแลนด์,1B,ทวีปยุโรป,2912242.0,47769.0
2025-09,2025,9,3,352,UZ,อุซเบกิสถาน,1A,ทวีปเอเชีย,2305552.0,48024.0
2025-09,2025,9,3,336,CZ,สาธารณรัฐเช็ก,1B,ทวีปยุโรป,734910.0,10266.0
2025-09,2025,9,3,437,EG,อียิปต์,1E,ทวีปแอฟริกา,2523631.0,42483.0
2025-09,2025,9,3,326,PT,โปรตุเกส,1B,ทวีปยุโรป,974059.0,21396.0
2025-09,2025,9,3,356,CH,สวิตเซอร์แลนด์,1B,ทวีปยุโรป,1248524.0,12789.0
2025-09,2025,9,3,307,MN,มองโกเลีย,1A,ทวีปเอเชีย,1428947.0,31307.0
2025-09,2025,9,3,283,PK,ปากีสถาน,1A,ทวีปเอเชีย,2295339.0,20381.0
2025-09,2025,9,3,291,JO,จอร์แดน,1A,ทวีปเอเชีย,2479632.0,34072.0
2025-09,2025,9,3,322,IE,ไอร์แลนด์,1B,ทวีปยุโรป,188952.0,1864.0
2025-09,2025,9,3,456,MU,มอริเชียส,1E,ทวีปแอฟริกา,5045877.0,60671.0
2025-09,2025,9,3,287,CY,ไซปรัส,1A,ทวีปเอเชีย,75785.0,715.0
2025-09,2025,9,3,351,UA,ยูเครน,1B,ทวีปยุโรป,1399162.0,22316.0
2025-09,2025,9,3,337,GE,จอร์เจีย,1A,ทวีปเอเชีย,603697.0,10338.0
2025-09,2025,9,3,292,KW,คูเวต,1A,ทวีปเอเชีย,1211938.0,21661.0
2025-09,2025,9,3,339,HU,ฮังการี,1B,ทวีปยุโรป,0.0,0.0
2025-09,2025,9,3,295,QA,กาตาร์,1A,ทวีปเอเชีย,1554655.0,20126.0
2025-09,2025,9,3,286,BH,บาห์เรน,1A,ทวีปเอเชีย,186278.0,2056.0
2025-09,2025,9,3,410,CL,ชิลี,1D,ทวีปอเมริกาใต้,83041.0,1569.0
2025-09,2025,9,3,363,LV,ลัตเวีย,1B,ทวีปยุโรป,777351.0,9389.0
2025-09,2025,9,3,344,RO,โรมาเนีย,1B,ทวีปยุโรป,359445.0,4107.0
2025-09,2025,9,3,372,MX,เม็กซิโก,1C,ทวีปอเมริกาเหนือ,263681.0,4010.0
2025-09,2025,9,3,266,BN,บรูไน,1A,ทวีปเอเชีย,55447.0,1466.0
2025-09,2025,9,3,332,AZ,อาเซอร์ไบจาน,1A,ทวีปเอเชีย,757207.0,11931.0
2025-09,2025,9,3,289,IQ,อิรัก,1A,ทวีปเอเชีย,0.0,0.0
2025-09,2025,9,3,293,LB,เลบานอน,1A,ทวีปเอเชีย,548595.0,11503.0
2025-09,2025,9,3,341,KZ,คาซัคสถาน,1A,ทวีปเอเชีย,0.0,0.0
2025-09,2025,9,3,384,DO,สาธารณรัฐโดมินิกัน,1C,ทวีปอเมริกาเหนือ,0.0,0.0
2025-09,2025,9,3,463,RE,เรอูนียง,1E,ทวีปแอฟริกา,819577.0,5967.0
2025-09,2025,9,3,452,MA,โมร็อกโก,1E,ทวีปแอฟริกา,618562.0,12320.0
2025-09,2025,9,3,420,SR,ซูรินาเม,1D,ทวีปอเมริกาใต้,717746.0,12732.0
2025-09,2025,9,3,409,BR,บราซิล,1D,ทวีปอเมริกาใต้,852511.0,8888.0
2025-09,2025,9,3,294,OM,โอมาน,1A,ทวีปเอเชีย,377214.0,7002.0
2025-09,2025,9,3,365,MT,มอลตา,1B,ทวีปยุโรป,196768.0,2439.0
2025-09,2025,9,3,331,AM,อาร์เมเนีย,1A,ทวีปเอเชีย,995146.0,20634.0
2025-09,2025,9,3,347,SK,สโลวาเกีย,1B,ทวีปยุโรป,49317.0,1134.0
2025-09,2025,9,3,389,HN,ฮอนดูรัส,1C,ทวีปอเมริกาเหนือ,0.0,0.0
2025-09,2025,9,3,338,HR,โครเอเชีย,1B,ทวีปยุโรป,0.0,0.0
2025-09,2025,9,3,313,BE,เบลเยียม,1B,ทวีปยุโรป,0.0,0.0
2025-09,2025,9,3,280,LK,ศรีลังกา,1A,ทวีปเอเชีย,0.0,0.0
2025-09,2025,9,3,281,MV,มัลดีฟส์,1A,ทวีปเอเชีย,11422.0,91.0
2025-09,2025,9,3,342,MD,มอลโดวา,1B,ทวีปยุโรป,603445.0,13136.0
2025-09,2025,9,3,297,SY,ซีเรีย,1A,ทวีปเอเชีย,0.0,0.0
2025-09,2025,9,3,401,TT,ตรินิแดดและโตเบโก,1C,ทวีปอเมริกาเหนือ,42756.0,417.0
2025-09,2025,9,3,333,BG,บัลแกเรีย,1B,ทวีปยุโรป,85473.0,1383.0
2025-09,2025,9,3,360,IS,ไอซ์แลนด์,1B,ทวีปยุโรป,2195.0,21.0
2025-09,2025,9,3,377,BB,บาร์เบโดส,1C,ทวีปอเมริกาเหนือ,0.0,0.0
2025-09,2025,9,3,411,CO,โคลอมเบีย,1D,ทวีปอเมริกาใต้,0.0,0.0
2025-09,2025,9,3,357,EE,เอสโตเนีย,1B,ทวีปยุโรป,4877.0,61.0
2025-09,2025,9,3,486,FJ,ฟิจิ,1F,ทวีปออสเตรเลีย,0.0,0.0
2025-09,2025,9,3,563,RS,เซอร์เบีย,1B,ทวีปยุโรป,0.0,0.0
2025-09,2025,9,3,282,NP,เนปาล,1A,ทวีปเอเชีย,409219.0,4488.0
2025-09,2025,9,3,469,SN,เซเนกัล,1E,ทวีปแอฟริกา,654935.0,8558.0
2025-09,2025,9,3,451,LY,ลิเบีย,1E,ทวีปแอฟริกา,0.0,0.0
2025-09,2025,9,3,419,PY,ปารากวัย,1D,ทวีปอเมริกาใต้,0.0,0.0
2025-09,2025,9,3,387,GP,กวาเดอลูป,1C,ทวีปอเมริกาเหนือ,0.0,0.0
2025-09,2025,9,3,453,MG,มาดากัสการ์,1E,ทวีปแอฟริกา,205708.0,3748.0
2025-09,2025,9,3,381,CR,คอสตาริกา,1C,ทวีปอเมริกาเหนือ,605150.0,8664.0
2025-09,2025,9,3,504,TO,ตองกา,1F,ทวีปออสเตรเลีย,0.0,0.0
2025-09,2025,9,3,407,AR,อาร์เจนตินา,1D,ทวีปอเมริกาใต้,85642.0,352.0
2025-09,2025,9,3,498,PF,เฟรนช์โปลีนีเซีย,1F,ทวีปออสเตรเลีย,0.0,0.0
2025-09,2025,9,3,414,GF,เฟรนช์เกียนา,1D,ทวีปอเมริกาใต้,97955.0,1572.0
2025-09,2025,9,3,489,GU,กวม,1F,ทวีปออสเตรเลีย,30864.0,343.0
2025-09,2025,9,3,346,SI,สโลวีเนีย,1B,ทวีปยุโรป,642126.0,5705.0
2025-09,2025,9,3,447,KE,เคนยา,1E,ทวีปแอฟริกา,1067.0,1031.0
2025-09,2025,9,3,330,AL,แอลเบเนีย,1B,ทวีปยุโรป,0.0,0.0
2025-09,2025,9,3,493,NC,นิวแคลีโดเนีย,1F,ทวีปออสเตรเลีย,99927.0,971.0
2025-09,2025,9,3,395,MQ,มาร์ตินีก,1C,ทวีปอเมริกาเหนือ,0.0,0.0
2025-09,2025,9,3,499,PG,ปาปัวนิวกินี,1F,ทวีปออสเตรเลีย,0.0,0.0
2025-09,2025,9,3,475,TN,ตูนิเซีย,1E,ทวีปแอฟริกา,0.0,0.0
2025-09,2025,9,3,417,PE,เปรู,1D,ทวีปอเมริกาใต้,0.0,0.0
2025-09,2025,9,3,492,MP,เกาะมาเรียนาเหนือ,1F,ทวีปออสเตรเลีย,53001.0,1104.0
2025-09,2025,9,3,526,WF,หมู่เกาะวาลลิสและฟุตูนา,1F,ทวีปออสเตรเลีย,0.0,0.0
2025-09,2025,9,3,290,IR,อิหร่าน,1A,ทวีปเอเชีย,0.0,0.0
2025-09,2025,9,3,458,MZ,โมซัมบิก,1E,ทวีปแอฟริกา,0.0,0.0
2025-09,2025,9,3,530,YT,มายอต,1E,ทวีปแอฟริกา,0.0,0.0
2025-09,2025,9,3,397,PA,ปานามา,1C,ทวีปอเมริกาเหนือ,46214.0,264.0
2025-09,2025,9,3,501,PW,ปาลัว,1F,ทวีปออสเตรเลีย,0.0,0.0
2025-09,2025,9,3,308,MO,มาเก๊า,1A,ทวีปเอเชีย,0.0,0.0
2025-09,2025,9,3,421,UY,อุรุกวัย,1D,ทวีปอเมริกาใต้,105647.0,1038.0
2025-09,2025,9,3,361,LI,ลิกเตนสไตน์,1B,ทวีปยุโรป,99257.0,1321.0
2025-09,2025,9,3,502,SB,โซโลมอน,1F,ทวีปออสเตรเลีย,0.0,0.0
2025-09,2025,9,3,461,NG,ไนจีเรีย,1E,ทวีปแอฟริกา,0.0,0.0
2025-09,2025,9,3,362,LT,ลิทัวเนีย,1B,ทวีปยุโรป,0.0,0.0
2025-09,2025,9,3,505,VU,วานูอาตู,1F,ทวีปออสเตรเลีย,0.0,0.0
2025-09,2025,9,3,443,GN,กินี,1E,ทวีปแอฟริกา,0.0,0.0
2025-09,2025,9,3,476,TZ,แทนซาเนีย,1E,ทวีปแอฟริกา,24238.0,360.0
2025-09,2025,9,3,278,BT,ภูฎาน,1A,ทวีปเอเชีย,0.0,0.0
2025-09,2025,9,3,358,FO,หมู่เกาะแฟโร (เดนมาร์ก),1B,ทวีปยุโรป,9812.0,417.0
2025-09,2025,9,3,506,WS,ซามัวตะวันตก,1F,ทวีปออสเตรเลีย,0.0,0.0
2025-09,2025,9,3,484,CK,หมู่เกาะดุก,1F,ทวีปออสเตรเลีย,0.0,0.0
2025-09,2025,9,3,465,SC,เซเชลส์,1E,ทวีปแอฟริกา,0.0,0.0
2025-10,2025,10,4,315,DE,เยอรมนี,1B,ทวีปยุโรป,29305025.0,406400.0
2025-10,2025,10,4,373,US,สหรัฐอเมริกา,1C,ทวีปอเมริกาเหนือ,45254680.0,504105.0
2025-10,2025,10,4,320,GB,สหราชอาณาจักร,1B,ทวีปยุโรป,46132275.0,634904.0
2025-10,2025,10,4,325,NL,เนเธอร์แลนด์,1B,ทวีปยุโรป,55255305.0,768996.0
2025-10,2025,10,4,271,MY,มาเลเซีย,1A,ทวีปเอเชีย,43861137.0,674901.0
2025-10,2025,10,4,345,RU,รัสเซีย,1B,ทวีปยุโรป,31795883.0,672357.0
2025-10,2025,10,4,327,SE,สวีเดน,1B,ทวีปยุโรป,23900503.0,438416.0
2025-10,2025,10,4,483,AU,ออสเตรเลีย,1F,ทวีปออสเตรเลีย,25461713.0,390307.0
2025-10,2025,10,4,306,KR,เกาหลีใต้,1A,ทวีปเอเชีย,19092492.0,344263.0
2025-10,2025,10,4,319,FR,ฝรั่งเศส,1B,ทวีปยุโรป,14030603.0,294669.0
2025-10,2025,10,4,371,CA,แคนาดา,1C,ทวีปอเมริกาเหนือ,21240684.0,415371.0
2025-10,2025,10,4,269,LA,สปป. ลาว,1A,ทวีปเอเชีย,15561897.0,435202.0
2025-10,2025,10,4,302,CN,จีน,1A,ทวีปเอเชีย,13424896.0,266070.0
2025-10,2025,10,4,304,JP,ญี่ปุ่น,1A,ทวีปเอเชีย,15406341.0,190756.0
2025-10,2025,10,4,343,PL,โปแลนด์,1B,ทวีปยุโรป,8976201.0,155967.0
2025-10,2025,10,4,273,SG,สิงคโปร์,1A,ทวีปเอเชีย,9593437.0,173285.0
2025-10,2025,10,4,323,IT,อิตาลี,1B,ทวีปยุโรป,7148218.0,118461.0
2025-10,2025,10,4,268,KH,กัมพูชา,1A,ทวีปเอเชีย,1658057.0,44091.0
2025-10,2025,10,4,288,IL,อิสราเอล,1A,ทวีปเอเชีย,8022201.0,191602.0
2025-10,2025,10,4,279,IN,อินเดีย,1A,ทวีปเอเชีย,13554918.0,212344.0
2025-10,2025,10,4,272,PH,ฟิลิปปินส์,1A,ทวีปเอเชีย,8140912.0,88291.0
2025-10,2025,10,4,317,ES,สเปน,1B,ทวีปยุโรป,5919576.0,97206.0
2025-10,2025,10,4,316,DK,เดนมาร์ก,1B,ทวีปยุโรป,3638688.0,57647.0
2025-10,2025,10,4,285,AE,สหรัฐอาหรับเอมิเรตส์,1A,ทวีปเอเชีย,4164495.0,55395.0
2025-10,2025,10,4,296,SA,ซาอุดีอาระเบีย,1A,ทวีปเอเชีย,3415472.0,54020.0
2025-10,2025,10,4,298,TR,ตุรกี,1A,ทวีปเอเชีย,5158647.0,91028.0
2025-10,2025,10,4,274,VN,เวียดนาม,1A,ทวีปเอเชีย,7681846.0,124275.0
2025-10,2025,10,4,309,TW,ไต้หวัน,1A,ทวีปเอเชีย,4576275.0,86957.0
2025-10,2025,10,4,366,NO,นอร์เวย์,1B,ทวีปยุโรป,4425181.0,83839.0
2025-10,2025,10,4,303,HK,ฮ่องกง,1A,ทวีปเอเชีย,2173737.0,24658.0
2025-10,2025,10,4,321,GR,กรีซ,1B,ทวีปยุโรป,2801246.0,58543.0
2025-10,2025,10,4,497,NZ,นิวซีแลนด์,1F,ทวีปออสเตรเลีย,4246008.0,44432.0
2025-10,2025,10,4,270,MM,เมียนมา,1A,ทวีปเอเชีย,1880823.0,51703.0
2025-10,2025,10,4,312,AT,ออสเตรีย,1B,ทวีปยุโรป,3640312.0,72784.0
2025-10,2025,10,4,267,ID,อินโดนีเซีย,1A,ทวีปเอเชีย,678959.0,5766.0
2025-10,2025,10,4,277,BD,บังกลาเทศ,1A,ทวีปเอเชีย,2093147.0,16956.0
2025-10,2025,10,4,352,UZ,อุซเบกิสถาน,1A,ทวีปเอเชีย,6066115.0,125604.0
2025-10,2025,10,4,318,FI,ฟินแลนด์,1B,ทวีปยุโรป,2989792.0,40033.0
2025-10,2025,10,4,478,ZA,แอฟริกาใต้,1E,ทวีปแอฟริกา,1290013.0,16149.0
2025-10,2025,10,4,336,CZ,สาธารณรัฐเช็ก,1B,ทวีปยุโรป,1006498.0,13025.0
2025-10,2025,10,4,437,EG,อียิปต์,1E,ทวีปแอฟริกา,1911918.0,31338.0
2025-10,2025,10,4,356,CH,สวิตเซอร์แลนด์,1B,ทวีปยุโรป,522888.0,6241.0
2025-10,2025,10,4,326,PT,โปรตุเกส,1B,ทวีปยุโรป,0.0,0.0
2025-10,2025,10,4,283,PK,ปากีสถาน,1A,ทวีปเอเชีย,1982123.0,17360.0
2025-10,2025,10,4,307,MN,มองโกเลีย,1A,ทวีปเอเชีย,1105711.0,20322.0
2025-10,2025,10,4,322,IE,ไอร์แลนด์,1B,ทวีปยุโรป,2042673.0,24007.0
2025-10,2025,10,4,291,JO,จอร์แดน,1A,ทวีปเอเชีย,1320220.0,10678.0
2025-10,2025,10,4,410,CL,ชิลี,1D,ทวีปอเมริกาใต้,4074824.0,41360.0
2025-10,2025,10,4,287,CY,ไซปรัส,1A,ทวีปเอเชีย,1195684.0,23940.0
2025-10,2025,10,4,456,MU,มอริเชียส,1E,ทวีปแอฟริกา,193204.0,2859.0
2025-10,2025,10,4,351,UA,ยูเครน,1B,ทวีปยุโรป,311559.0,2783.0
2025-10,2025,10,4,292,KW,คูเวต,1A,ทวีปเอเชีย,1077490.0,12184.0
2025-10,2025,10,4,339,HU,ฮังการี,1B,ทวีปยุโรป,822830.0,6521.0
2025-10,2025,10,4,286,BH,บาห์เรน,1A,ทวีปเอเชีย,1304885.0,18984.0
2025-10,2025,10,4,337,GE,จอร์เจีย,1A,ทวีปเอเชีย,0.0,0.0
2025-10,2025,10,4,363,LV,ลัตเวีย,1B,ทวีปยุโรป,1597140.0,26922.0
2025-10,2025,10,4,295,QA,กาตาร์,1A,ทวีปเอเชีย,102017.0,846.0
2025-10,2025,10,4,372,MX,เม็กซิโก,1C,ทวีปอเมริกาเหนือ,1019275.0,19384.0
2025-10,2025,10,4,293,LB,เลบานอน,1A,ทวีปเอเชีย,1690230.0,21000.0
2025-10,2025,10,4,344,RO,โรมาเนีย,1B,ทวีปยุโรป,265537.0,3024.0
2025-10,2025,10,4,266,BN,บรูไน,1A,ทวีปเอเชีย,625317.0,15138.0
2025-10,2025,10,4,289,IQ,อิรัก,1A,ทวีปเอเชีย,465654.0,6872.0
2025-10,2025,10,4,332,AZ,อาเซอร์ไบจาน,1A,ทวีปเอเชีย,0.0,0.0
2025-10,2025,10,4,452,MA,โมร็อกโก,1E,ทวีปแอฟริกา,1178025.0,12165.0
2025-10,2025,10,4,463,RE,เรอูนียง,1E,ทวีปแอฟริกา,754964.0,7522.0
2025-10,2025,10,4,294,OM,โอมาน,1A,ทวีปเอเชีย,1489592.0,12782.0
2025-10,2025,10,4,341,KZ,คาซัคสถาน,1A,ทวีปเอเชีย,0.0,0.0
2025-10,2025,10,4,384,DO,สาธารณรัฐโดมินิกัน,1C,ทวีปอเมริกาเหนือ,0.0,0.0
2025-10,2025,10,4,420,SR,ซูรินาเม,1D,ทวีปอเมริกาใต้,0.0,0.0
2025-10,2025,10,4,409,BR,บราซิล,1D,ทวีปอเมริกาใต้,291691.0,4280.0
2025-10,2025,10,4,347,SK,สโลวาเกีย,1B,ทวีปยุโรป,307958.0,6882.0
2025-10,2025,10,4,365,MT,มอลตา,1B,ทวีปยุโรป,0.0,0.0
2025-10,2025,10,4,313,BE,เบลเยียม,1B,ทวีปยุโรป,366696.0,3521.0
2025-10,2025,10,4,331,AM,อาร์เมเนีย,1A,ทวีปเอเชีย,0.0,0.0
2025-10,2025,10,4,281,MV,มัลดีฟส์,1A,ทวีปเอเชีย,403516.0,8154.0
2025-10,2025,10,4,280,LK,ศรีลังกา,1A,ทวีปเอเชีย,155684.0,1305.0
2025-10,2025,10,4,389,HN,ฮอนดูรัส,1C,ทวีปอเมริกาเหนือ,0.0,0.0
2025-10,2025,10,4,338,HR,โครเอเชีย,1B,ทวีปยุโรป,0.0,0.0
2025-10,2025,10,4,342,MD,มอลโดวา,1B,ทวีปยุโรป,81093.0,1675.0
2025-10,2025,10,4,377,BB,บาร์เบโดส,1C,ทวีปอเมริกาเหนือ,250296.0,4751.0
2025-10,2025,10,4,486,FJ,ฟิจิ,1F,ทวีปออสเตรเลีย,312013.0,2133.0
2025-10,2025,10,4,297,SY,ซีเรีย,1A,ทวีปเอเชีย,0.0,0.0
2025-10,2025,10,4,401,TT,ตรินิแดดและโตเบโก,1C,ทวีปอเมริกาเหนือ,0.0,0.0
2025-10,2025,10,4,333,BG,บัลแกเรีย,1B,ทวีปยุโรป,0.0,0.0
2025-10,2025,10,4,360,IS,ไอซ์แลนด์,1B,ทวีปยุโรป,0.0,0.0
2025-10,2025,10,4,357,EE,เอสโตเนีย,1B,ทวีปยุโรป,39588.0,972.0
2025-10,2025,10,4,411,CO,โคลอมเบีย,1D,ทวีปอเมริกาใต้,0.0,0.0
2025-10,2025,10,4,504,TO,ตองกา,1F,ทวีปออสเตรเลีย,509842.0,7637.0
2025-10,2025,10,4,407,AR,อาร์เจนตินา,1D,ทวีปอเมริกาใต้,510996.0,6053.0
2025-10,2025,10,4,563,RS,เซอร์เบีย,1B,ทวีปยุโรป,0.0,0.0
2025-10,2025,10,4,282,NP,เนปาล,1A,ทวีปเอเชีย,0.0,0.0
2025-10,2025,10,4,469,SN,เซเนกัล,1E,ทวีปแอฟริกา,0.0,0.0
2025-10,2025,10,4,451,LY,ลิเบีย,1E,ทวีปแอฟริกา,0.0,0.0
2025-10,2025,10,4,419,PY,ปารากวัย,1D,ทวีปอเมริกาใต้,0.0,0.0
2025-10,2025,10,4,387,GP,กวาเดอลูป,1C,ทวีปอเมริกาเหนือ,0.0,0.0
2025-10,2025,10,4,453,MG,มาดากัสการ์,1E,ทวีปแอฟริกา,0.0,0.0
2025-10,2025,10,4,395,MQ,มาร์ตินีก,1C,ทวีปอเมริกาเหนือ,441723.0,8363.0
2025-10,2025,10,4,381,CR,คอสตาริกา,1C,ทวีปอเมริกาเหนือ,0.0,0.0
2025-10,2025,10,4,489,GU,กวม,1F,ทวีปออสเตรเลีย,130772.0,1418.0
2025-10,2025,10,4,498,PF,เฟรนช์โปลีนีเซีย,1F,ทวีปออสเตรเลีย,0.0,0.0
2025-10,2025,10,4,414,GF,เฟรนช์เกียนา,1D,ทวีปอเมริกาใต้,46881.0,828.0
2025-10,2025,10,4,493,NC,นิวแคลีโดเนีย,1F,ทวีปออสเตรเลีย,126798.0,1029.0
2025-10,2025,10,4,346,SI,สโลวีเนีย,1B,ทวีปยุโรป,0.0,0.0
2025-10,2025,10,4,447,KE,เคนยา,1E,ทวีปแอฟริกา,0.0,0.0
2025-10,2025,10,4,330,AL,แอลเบเนีย,1B,ทวีปยุโรป,0.0,0.0
2025-10,2025,10,4,417,PE,เปรู,1D,ทวีปอเมริกาใต้,141383.0,1262.0
2025-10,2025,10,4,499,PG,ปาปัวนิวกินี,1F,ทวีปออสเตรเลีย,6352.0,105.0
2025-10,2025,10,4,475,TN,ตูนิเซีย,1E,ทวีปแอฟริกา,54930.0,648.0
2025-10,2025,10,4,492,MP,เกาะมาเรียนาเหนือ,1F,ทวีปออสเตรเลีย,0.0,0.0
2025-10,2025,10,4,526,WF,หมู่เกาะวาลลิสและฟุตูนา,1F,ทวีปออสเตรเลีย,0.0,0.0
2025-10,2025,10,4,290,IR,อิหร่าน,1A,ทวีปเอเชีย,0.0,0.0
2025-10,2025,10,4,458,MZ,โมซัมบิก,1E,ทวีปแอฟริกา,14206.0,360.0
2025-10,2025,10,4,502,SB,โซโลมอน,1F,ทวีปออสเตรเลีย,125424.0,1132.0
2025-10,2025,10,4,530,YT,มายอต,1E,ทวีปแอฟริกา,45583.0,431.0
2025-10,2025,10,4,397,PA,ปานามา,1C,ทวีปอเมริกาเหนือ,0.0,0.0
2025-10,2025,10,4,505,VU,วานูอาตู,1F,ทวีปออสเตรเลีย,63726.0,573.0
2025-10,2025,10,4,501,PW,ปาลัว,1F,ทวีปออสเตรเลีย,0.0,0.0
2025-10,2025,10,4,308,MO,มาเก๊า,1A,ทวีปเอเชีย,0.0,0.0
2025-10,2025,10,4,421,UY,อุรุกวัย,1D,ทวีปอเมริกาใต้,0.0,0.0
2025-10,2025,10,4,361,LI,ลิกเตนสไตน์,1B,ทวีปยุโรป,0.0,0.0
2025-10,2025,10,4,461,NG,ไนจีเรีย,1E,ทวีปแอฟริกา,0.0,0.0
2025-10,2025,10,4,362,LT,ลิทัวเนีย,1B,ทวีปยุโรป,0.0,0.0
2025-10,2025,10,4,443,GN,กินี,1E,ทวีปแอฟริกา,0.0,0.0
2025-10,2025,10,4,476,TZ,แทนซาเนีย,1E,ทวีปแอฟริกา,0.0,0.0
2025-10,2025,10,4,278,BT,ภูฎาน,1A,ทวีปเอเชีย,0.0,0.0
2025-10,2025,10,4,358,FO,หมู่เกาะแฟโร (เดนมาร์ก),1B,ทวีปยุโรป,0.0,0.0
2025-10,2025,10,4,506,WS,ซามัวตะวันตก,1F,ทวีปออสเตรเลีย,0.0,0.0
2025-10,2025,10,4,484,CK,หมู่เกาะดุก,1F,ทวีปออสเตรเลีย,0.0,0.0
2025-10,2025,10,4,465,SC,เซเชลส์,1E,ทวีปแอฟริกา,0.0,0.0
2025-11,2025,11,4,315,DE,เยอรมนี,1B,ทวีปยุโรป,30406010.0,441707.0
2025-11,2025,11,4,320,GB,สหราชอาณาจักร,1B,ทวีปยุโรป,63813293.0,885366.0
2025-11,2025,11,4,373,US,สหรัฐอเมริกา,1C,ทวีปอเมริกาเหนือ,36416712.0,436046.0
2025-11,2025,11,4,325,NL,เนเธอร์แลนด์,1B,ทวีปยุโรป,43316566.0,501502.0
2025-11,2025,11,4,271,MY,มาเลเซีย,1A,ทวีปเอเชีย,33093734.0,534712.0
2025-11,2025,11,4,345,RU,รัสเซีย,1B,ทวีปยุโรป,10653514.0,225927.0
2025-11,2025,11,4,327,SE,สวีเดน,1B,ทวีปยุโรป,26082734.0,418746.0
2025-11,2025,11,4,483,AU,ออสเตรเลีย,1F,ทวีปออสเตรเลีย,17213359.0,240525.0
2025-11,2025,11,4,306,KR,เกาหลีใต้,1A,ทวีปเอเชีย,21420442.0,360279.0
2025-11,2025,11,4,319,FR,ฝรั่งเศส,1B,ทวีปยุโรป,25627596.0,464239.0
2025-11,2025,11,4,371,CA,แคนาดา,1C,ทวีปอเมริกาเหนือ,19951365.0,345583.0
2025-11,2025,11,4,269,LA,สปป. ลาว,1A,ทวีปเอเชีย,13752994.0,345663.0
2025-11,2025,11,4,302,CN,จีน,1A,ทวีปเอเชีย,15011668.0,267513.0
2025-11,2025,11,4,304,JP,ญี่ปุ่น,1A,ทวีปเอเชีย,10623218.0,130064.0
2025-11,2025,11,4,273,SG,สิงคโปร์,1A,ทวีปเอเชีย,9396575.0,158585.0
2025-11,2025,11,4,323,IT,อิตาลี,1B,ทวีปยุโรป,10807062.0,217834.0
2025-11,2025,11,4,343,PL,โปแลนด์,1B,ทวีปยุโรป,1875439.0,44603.0
2025-11,2025,11,4,288,IL,อิสราเอล,1A,ทวีปเอเชีย,17679915.0,371487.0
2025-11,2025,11,4,268,KH,กัมพูชา,1A,ทวีปเอเชีย,6584867.0,162229.0
2025-11,2025,11,4,279,IN,อินเดีย,1A,ทวีปเอเชีย,12210123.0,209294.0
2025-11,2025,11,4,272,PH,ฟิลิปปินส์,1A,ทวีปเอเชีย,13477708.0,147992.0
2025-11,2025,11,4,317,ES,สเปน,1B,ทวีปยุโรป,5685411.0,116165.0
2025-11,2025,11,4,316,DK,เดนมาร์ก,1B,ทวีปยุโรป,1826980.0,34380.0
2025-11,2025,11,4,296,SA,ซาอุดีอาระเบีย,1A,ทวีปเอเชีย,7065028.0,107902.0
2025-11,2025,11,4,285,AE,สหรัฐอาหรับเอมิเรตส์,1A,ทวีปเอเชีย,5382531.0,60079.0
2025-11,2025,11,4,274,VN,เวียดนาม,1A,ทวีปเอเชีย,4596837.0,58754.0
2025-11,2025,11,4,309,TW,ไต้หวัน,1A,ทวีปเอเชีย,4235414.0,76273.0
2025-11,2025,11,4,298,TR,ตุรกี,1A,ทวีปเอเชีย,0.0,0.0
2025-11,2025,11,4,366,NO,นอร์เวย์,1B,ทวีปยุโรป,3339773.0,41374.0
2025-11,2025,11,4,303,HK,ฮ่องกง,1A,ทวีปเอเชีย,2574760.0,26502.0
2025-11,2025,11,4,497,NZ,นิวซีแลนด์,1F,ทวีปออสเตรเลีย,6356671.0,69805.0
2025-11,2025,11,4,321,GR,กรีซ,1B,ทวีปยุโรป,260098.0,5766.0
2025-11,2025,11,4,270,MM,เมียนมา,1A,ทวีปเอเชีย,1580605.0,45392.0
2025-11,2025,11,4,267,ID,อินโดนีเซีย,1A,ทวีปเอเชีย,1751810.0,23154.0
2025-11,2025,11,4,312,AT,ออสเตรีย,1B,ทวีปยุโรป,1084345.0,17096.0
2025-11,2025,11,4,352,UZ,อุซเบกิสถาน,1A,ทวีปเอเชีย,1157936.0,17863.0
2025-11,2025,11,4,277,BD,บังกลาเทศ,1A,ทวีปเอเชีย,280583.0,1501.0
2025-11,2025,11,4,318,FI,ฟินแลนด์,1B,ทวีปยุโรป,2175610.0,33522.0
2025-11,2025,11,4,478,ZA,แอฟริกาใต้,1E,ทวีปแอฟริกา,3246907.0,33907.0
2025-11,2025,11,4,336,CZ,สาธารณรัฐเช็ก,1B,ทวีปยุโรป,2218735.0,35055.0
2025-11,2025,11,4,437,EG,อียิปต์,1E,ทวีปแอฟริกา,2555479.0,27628.0
2025-11,2025,11,4,322,IE,ไอร์แลนด์,1B,ทวีปยุโรป,4045253.0,52419.0
2025-11,2025,11,4,356,CH,สวิตเซอร์แลนด์,1B,ทวีปยุโรป,297282.0,4637.0
2025-11,2025,11,4,326,PT,โปรตุเกส,1B,ทวีปยุโรป,0.0,0.0
2025-11,2025,11,4,291,JO,จอร์แดน,1A,ทวีปเอเชีย,1926204.0,27071.0
2025-11,2025,11,4,283,PK,ปากีสถาน,1A,ทวีปเอเชีย,1637.0,10.0
2025-11,2025,11,4,307,MN,มองโกเลีย,1A,ทวีปเอเชีย,561781.0,5567.0
2025-11,2025,11,4,410,CL,ชิลี,1D,ทวีปอเมริกาใต้,498479.0,3883.0
2025-11,2025,11,4,287,CY,ไซปรัส,1A,ทวีปเอเชีย,0.0,0.0
2025-11,2025,11,4,351,UA,ยูเครน,1B,ทวีปยุโรป,490866.0,8484.0
2025-11,2025,11,4,456,MU,มอริเชียส,1E,ทวีปแอฟริกา,153431.0,1037.0
2025-11,2025,11,4,292,KW,คูเวต,1A,ทวีปเอเชีย,469337.0,4914.0
2025-11,2025,11,4,337,GE,จอร์เจีย,1A,ทวีปเอเชีย,1008003.0,17253.0
2025-11,2025,11,4,286,BH,บาห์เรน,1A,ทวีปเอเชีย,819018.0,6234.0
2025-11,2025,11,4,339,HU,ฮังการี,1B,ทวีปยุโรป,0.0,0.0
2025-11,2025,11,4,295,QA,กาตาร์,1A,ทวีปเอเชีย,566195.0,6075.0
2025-11,2025,11,4,363,LV,ลัตเวีย,1B,ทวีปยุโรป,0.0,0.0
2025-11,2025,11,4,372,MX,เม็กซิโก,1C,ทวีปอเมริกาเหนือ,0.0,0.0
2025-11,2025,11,4,293,LB,เลบานอน,1A,ทวีปเอเชีย,68658.0,514.0
2025-11,2025,11,4,332,AZ,อาเซอร์ไบจาน,1A,ทวีปเอเชีย,1435277.0,28974.0
2025-11,2025,11,4,266,BN,บรูไน,1A,ทวีปเอเชีย,758951.0,15997.0
2025-11,2025,11,4,289,IQ,อิรัก,1A,ทวีปเอเชีย,958572.0,12530.0
2025-11,2025,11,4,344,RO,โรมาเนีย,1B,ทวีปยุโรป,0.0,0.0
2025-11,2025,11,4,384,DO,สาธารณรัฐโดมินิกัน,1C,ทวีปอเมริกาเหนือ,1379102.0,20462.0
2025-11,2025,11,4,452,MA,โมร็อกโก,1E,ทวีปแอฟริกา,258184.0,3912.0
2025-11,2025,11,4,463,RE,เรอูนียง,1E,ทวีปแอฟริกา,471940.0,4644.0
2025-11,2025,11,4,420,SR,ซูรินาเม,1D,ทวีปอเมริกาใต้,994620.0,17593.0
2025-11,2025,11,4,294,OM,โอมาน,1A,ทวีปเอเชีย,0.0,0.0
2025-11,2025,11,4,341,KZ,คาซัคสถาน,1A,ทวีปเอเชีย,0.0,0.0
2025-11,2025,11,4,409,BR,บราซิล,1D,ทวีปอเมริกาใต้,491996.0,5472.0
2025-11,2025,11,4,331,AM,อาร์เมเนีย,1A,ทวีปเอเชีย,502194.0,9677.0
2025-11,2025,11,4,347,SK,สโลวาเกีย,1B,ทวีปยุโรป,180470.0,3816.0
2025-11,2025,11,4,313,BE,เบลเยียม,1B,ทวีปยุโรป,293180.0,4066.0
2025-11,2025,11,4,280,LK,ศรีลังกา,1A,ทวีปเอเชีย,541174.0,5064.0
2025-11,2025,11,4,357,EE,เอสโตเนีย,1B,ทวีปยุโรป,1007233.0,7469.0
2025-11,2025,11,4,365,MT,มอลตา,1B,ทวีปยุโรป,78276.0,466.0
2025-11,2025,11,4,563,RS,เซอร์เบีย,1B,ทวีปยุโรป,1008437.0,24336.0
2025-11,2025,11,4,281,MV,มัลดีฟส์,1A,ทวีปเอเชีย,53519.0,272.0
2025-11,2025,11,4,360,IS,ไอซ์แลนด์,1B,ทวีปยุโรป,475187.0,4147.0
2025-11,2025,11,4,389,HN,ฮอนดูรัส,1C,ทวีปอเมริกาเหนือ,0.0,0.0
2025-11,2025,11,4,338,HR,โครเอเชีย,1B,ทวีปยุโรป,0.0,0.0
2025-11,2025,11,4,486,FJ,ฟิจิ,1F,ทวีปออสเตรเลีย,101898.0,778.0
2025-11,2025,11,4,342,MD,มอลโดวา,1B,ทวีปยุโรป,0.0,0.0
2025-11,2025,11,4,377,BB,บาร์เบโดส,1C,ทวีปอเมริกาเหนือ,0.0,0.0
2025-11,2025,11,4,297,SY,ซีเรีย,1A,ทวีปเอเชีย,0.0,0.0
2025-11,2025,11,4,401,TT,ตรินิแดดและโตเบโก,1C,ทวีปอเมริกาเหนือ,0.0,0.0
2025-11,2025,11,4,333,BG,บัลแกเรีย,1B,ทวีปยุโรป,0.0,0.0
2025-11,2025,11,4,282,NP,เนปาล,1A,ทวีปเอเชีย,299144.0,6694.0
2025-11,2025,11,4,411,CO,โคลอมเบีย,1D,ทวีปอเมริกาใต้,0.0,0.0
2025-11,2025,11,4,504,TO,ตองกา,1F,ทวีปออสเตรเลีย,0.0,0.0
2025-11,2025,11,4,407,AR,อาร์เจนตินา,1D,ทวีปอเมริกาใต้,0.0,0.0
2025-11,2025,11,4,469,SN,เซเนกัล,1E,ทวีปแอฟริกา,0.0,0.0
2025-11,2025,11,4,451,LY,ลิเบีย,1E,ทวีปแอฟริกา,0.0,0.0
2025-11,2025,11,4,453,MG,มาดากัสการ์,1E,ทวีปแอฟริกา,198962.0,3668.0
2025-11,2025,11,4,419,PY,ปารากวัย,1D,ทวีปอเมริกาใต้,0.0,0.0
2025-11,2025,11,4,387,GP,กวาเดอลูป,1C,ทวีปอเมริกาเหนือ,0.0,0.0
2025-11,2025,11,4,395,MQ,มาร์ตินีก,1C,ทวีปอเมริกาเหนือ,0.0,0.0
2025-11,2025,11,4,381,CR,คอสตาริกา,1C,ทวีปอเมริกาเหนือ,0.0,0.0
2025-11,2025,11,4,330,AL,แอลเบเนีย,1B,ทวีปยุโรป,248625.0,353.0
2025-11,2025,11,4,447,KE,เคนยา,1E,ทวีปแอฟริกา,157764.0,2274.0
2025-11,2025,11,4,489,GU,กวม,1F,ทวีปออสเตรเลีย,0.0,0.0
2025-11,2025,11,4,498,PF,เฟรนช์โปลีนีเซีย,1F,ทวีปออสเตรเลีย,3780.0,20.0
2025-11,2025,11,4,414,GF,เฟรนช์เกียนา,1D,ทวีปอเมริกาใต้,0.0,0.0
2025-11,2025,11,4,493,NC,นิวแคลีโดเนีย,1F,ทวีปออสเตรเลีย,22218.0,306.0
2025-11,2025,11,4,346,SI,สโลวีเนีย,1B,ทวีปยุโรป,0.0,0.0
2025-11,2025,11,4,417,PE,เปรู,1D,ทวีปอเมริกาใต้,58271.0,684.0
2025-11,2025,11,4,499,PG,ปาปัวนิวกินี,1F,ทวีปออสเตรเลีย,3939.0,28.0
2025-11,2025,11,4,475,TN,ตูนิเซีย,1E,ทวีปแอฟริกา,0.0,0.0
2025-11,2025,11,4,397,PA,ปานามา,1C,ทวีปอเมริกาเหนือ,171258.0,1201.0
2025-11,2025,11,4,492,MP,เกาะมาเรียนาเหนือ,1F,ทวีปออสเตรเลีย,0.0,0.0
2025-11,2025,11,4,526,WF,หมู่เกาะวาลลิสและฟุตูนา,1F,ทวีปออสเตรเลีย,0.0,0.0
2025-11,2025,11,4,290,IR,อิหร่าน,1A,ทวีปเอเชีย,0.0,0.0
2025-11,2025,11,4,458,MZ,โมซัมบิก,1E,ทวีปแอฟริกา,0.0,0.0
2025-11,2025,11,4,502,SB,โซโลมอน,1F,ทวีปออสเตรเลีย,0.0,0.0
2025-11,2025,11,4,530,YT,มายอต,1E,ทวีปแอฟริกา,0.0,0.0
2025-11,2025,11,4,505,VU,วานูอาตู,1F,ทวีปออสเตรเลีย,0.0,0.0
2025-11,2025,11,4,501,PW,ปาลัว,1F,ทวีปออสเตรเลีย,0.0,0.0
2025-11,2025,11,4,361,LI,ลิกเตนสไตน์,1B,ทวีปยุโรป,15926.0,276.0
2025-11,2025,11,4,308,MO,มาเก๊า,1A,ทวีปเอเชีย,0.0,0.0
2025-11,2025,11,4,421,UY,อุรุกวัย,1D,ทวีปอเมริกาใต้,0.0,0.0
2025-11,2025,11,4,461,NG,ไนจีเรีย,1E,ทวีปแอฟริกา,0.0,0.0
2025-11,2025,11,4,362,LT,ลิทัวเนีย,1B,ทวีปยุโรป,0.0,0.0
2025-11,2025,11,4,443,GN,กินี,1E,ทวีปแอฟริกา,0.0,0.0
2025-11,2025,11,4,441,GH,กานา,1E,ทวีปแอฟริกา,27246.0,126.0
2025-11,2025,11,4,476,TZ,แทนซาเนีย,1E,ทวีปแอฟริกา,0.0,0.0
2025-11,2025,11,4,278,BT,ภูฎาน,1A,ทวีปเอเชีย,0.0,0.0
2025-11,2025,11,4,358,FO,หมู่เกาะแฟโร (เดนมาร์ก),1B,ทวีปยุโรป,0.0,0.0
2025-11,2025,11,4,506,WS,ซามัวตะวันตก,1F,ทวีปออสเตรเลีย,0.0,0.0
2025-11,2025,11,4,484,CK,หมู่เกาะดุก,1F,ทวีปออสเตรเลีย,0.0,0.0
2025-11,2025,11,4,465,SC,เซเชลส์,1E,ทวีปแอฟริกา,0.0,0.0
2025-12,2025,12,4,315,DE,เยอรมนี,1B,ทวีปยุโรป,45460128.0,531149.0
2025-12,2025,12,4,373,US,สหรัฐอเมริกา,1C,ทวีปอเมริกาเหนือ,58969591.0,768916.0
2025-12,2025,12,4,320,GB,สหราชอาณาจักร,1B,ทวีปยุโรป,29935883.0,520366.0
2025-12,2025,12,4,325,NL,เนเธอร์แลนด์,1B,ทวีปยุโรป,49681197.0,751280.0
2025-12,2025,12,4,271,MY,มาเลเซีย,1A,ทวีปเอเชีย,29328672.0,481395.0
2025-12,2025,12,4,345,RU,รัสเซีย,1B,ทวีปยุโรป,25228109.0,489207.0
2025-12,2025,12,4,327,SE,สวีเดน,1B,ทวีปยุโรป,27683561.0,501942.0
2025-12,2025,12,4,483,AU,ออสเตรเลีย,1F,ทวีปออสเตรเลีย,19663376.0,307128.0
2025-12,2025,12,4,306,KR,เกาหลีใต้,1A,ทวีปเอเชีย,15755473.0,269319.0
2025-12,2025,12,4,319,FR,ฝรั่งเศส,1B,ทวีปยุโรป,28414381.0,539663.0
2025-12,2025,12,4,371,CA,แคนาดา,1C,ทวีปอเมริกาเหนือ,17973319.0,316486.0
2025-12,2025,12,4,269,LA,สปป. ลาว,1A,ทวีปเอเชีย,21641733.0,534669.0
2025-12,2025,12,4,302,CN,จีน,1A,ทวีปเอเชีย,8157382.0,160956.0
2025-12,2025,12,4,304,JP,ญี่ปุ่น,1A,ทวีปเอเชีย,5488588.0,89670.0
2025-12,2025,12,4,288,IL,อิสราเอล,1A,ทวีปเอเชีย,21862765.0,472950.0
2025-12,2025,12,4,323,IT,อิตาลี,1B,ทวีปยุโรป,14740950.0,274147.0
2025-12,2025,12,4,273,SG,สิงคโปร์,1A,ทวีปเอเชีย,11058291.0,193121.0
2025-12,2025,12,4,343,PL,โปแลนด์,1B,ทวีปยุโรป,13036369.0,174981.0
2025-12,2025,12,4,279,IN,อินเดีย,1A,ทวีปเอเชีย,14493577.0,232104.0
2025-12,2025,12,4,268,KH,กัมพูชา,1A,ทวีปเอเชีย,4142362.0,123077.0
2025-12,2025,12,4,272,PH,ฟิลิปปินส์,1A,ทวีปเอเชีย,4629516.0,50262.0
2025-12,2025,12,4,317,ES,สเปน,1B,ทวีปยุโรป,7926187.0,132311.0
2025-12,2025,12,4,316,DK,เดนมาร์ก,1B,ทวีปยุโรป,4977427.0,65675.0
2025-12,2025,12,4,285,AE,สหรัฐอาหรับเอมิเรตส์,1A,ทวีปเอเชีย,6906287.0,79012.0
2025-12,2025,12,4,296,SA,ซาอุดีอาระเบีย,1A,ทวีปเอเชีย,2262633.0,43890.0
2025-12,2025,12,4,274,VN,เวียดนาม,1A,ทวีปเอเชีย,5309714.0,81717.0
2025-12,2025,12,4,309,TW,ไต้หวัน,1A,ทวีปเอเชีย,4990601.0,90442.0
2025-12,2025,12,4,298,TR,ตุรกี,1A,ทวีปเอเชีย,5610696.0,84456.0
2025-12,2025,12,4,366,NO,นอร์เวย์,1B,ทวีปยุโรป,4161256.0,36821.0
2025-12,2025,12,4,497,NZ,นิวซีแลนด์,1F,ทวีปออสเตรเลีย,5793953.0,63305.0
2025-12,2025,12,4,270,MM,เมียนมา,1A,ทวีปเอเชีย,10333913.0,106872.0
2025-12,2025,12,4,303,HK,ฮ่องกง,1A,ทวีปเอเชีย,2735899.0,31637.0
2025-12,2025,12,4,321,GR,กรีซ,1B,ทวีปยุโรป,519791.0,14440.0
2025-12,2025,12,4,312,AT,ออสเตรีย,1B,ทวีปยุโรป,4775666.0,76315.0
2025-12,2025,12,4,267,ID,อินโดนีเซีย,1A,ทวีปเอเชีย,1788917.0,26502.0
2025-12,2025,12,4,352,UZ,อุซเบกิสถาน,1A,ทวีปเอเชีย,2920972.0,36613.0
2025-12,2025,12,4,478,ZA,แอฟริกาใต้,1E,ทวีปแอฟริกา,3652688.0,29487.0
2025-12,2025,12,4,318,FI,ฟินแลนด์,1B,ทวีปยุโรป,3408317.0,46182.0
2025-12,2025,12,4,277,BD,บังกลาเทศ,1A,ทวีปเอเชีย,2919389.0,21468.0
2025-12,2025,12,4,336,CZ,สาธารณรัฐเช็ก,1B,ทวีปยุโรป,823825.0,16885.0
2025-12,2025,12,4,437,EG,อียิปต์,1E,ทวีปแอฟริกา,1903281.0,28053.0
2025-12,2025,12,4,322,IE,ไอร์แลนด์,1B,ทวีปยุโรป,5179297.0,60385.0
2025-12,2025,12,4,356,CH,สวิตเซอร์แลนด์,1B,ทวีปยุโรป,3068506.0,48393.0
2025-12,2025,12,4,291,JO,จอร์แดน,1A,ทวีปเอเชีย,3178913.0,35807.0
2025-12,2025,12,4,326,PT,โปรตุเกส,1B,ทวีปยุโรป,1042424.0,11694.0
2025-12,2025,12,4,307,MN,มองโกเลีย,1A,ทวีปเอเชีย,486761.0,7980.0
2025-12,2025,12,4,283,PK,ปากีสถาน,1A,ทวีปเอเชีย,201287.0,1248.0
2025-12,2025,12,4,287,CY,ไซปรัส,1A,ทวีปเอเชีย,1335925.0,27169.0
2025-12,2025,12,4,410,CL,ชิลี,1D,ทวีปอเมริกาใต้,352327.0,3551.0
2025-12,2025,12,4,286,BH,บาห์เรน,1A,ทวีปเอเชีย,1353388.0,13763.0
2025-12,2025,12,4,292,KW,คูเวต,1A,ทวีปเอเชีย,872571.0,18557.0
2025-12,2025,12,4,351,UA,ยูเครน,1B,ทวีปยุโรป,437517.0,8046.0
2025-12,2025,12,4,456,MU,มอริเชียส,1E,ทวีปแอฟริกา,383034.0,5810.0
2025-12,2025,12,4,337,GE,จอร์เจีย,1A,ทวีปเอเชีย,490431.0,5178.0
2025-12,2025,12,4,295,QA,กาตาร์,1A,ทวีปเอเชีย,807050.0,12236.0
2025-12,2025,12,4,266,BN,บรูไน,1A,ทวีปเอเชีย,1543988.0,20857.0
2025-12,2025,12,4,339,HU,ฮังการี,1B,ทวีปยุโรป,6407.0,66.0
2025-12,2025,12,4,363,LV,ลัตเวีย,1B,ทวีปยุโรป,365836.0,5697.0
2025-12,2025,12,4,332,AZ,อาเซอร์ไบจาน,1A,ทวีปเอเชีย,1113602.0,23994.0
2025-12,2025,12,4,293,LB,เลบานอน,1A,ทวีปเอเชีย,60236.0,456.0
2025-12,2025,12,4,372,MX,เม็กซิโก,1C,ทวีปอเมริกาเหนือ,0.0,0.0
2025-12,2025,12,4,289,IQ,อิรัก,1A,ทวีปเอเชีย,0.0,0.0
2025-12,2025,12,4,452,MA,โมร็อกโก,1E,ทวีปแอฟริกา,861645.0,10574.0
2025-12,2025,12,4,344,RO,โรมาเนีย,1B,ทวีปยุโรป,0.0,0.0
2025-12,2025,12,4,463,RE,เรอูนียง,1E,ทวีปแอฟริกา,493393.0,4876.0
2025-12,2025,12,4,420,SR,ซูรินาเม,1D,ทวีปอเมริกาใต้,876888.0,15991.0
2025-12,2025,12,4,384,DO,สาธารณรัฐโดมินิกัน,1C,ทวีปอเมริกาเหนือ,0.0,0.0
2025-12,2025,12,4,409,BR,บราซิล,1D,ทวีปอเมริกาใต้,1474828.0,18655.0
2025-12,2025,12,4,294,OM,โอมาน,1A,ทวีปเอเชีย,487134.0,7655.0
2025-12,2025,12,4,341,KZ,คาซัคสถาน,1A,ทวีปเอเชีย,625538.0,15685.0
2025-12,2025,12,4,347,SK,สโลวาเกีย,1B,ทวีปยุโรป,537916.0,8825.0
2025-12,2025,12,4,365,MT,มอลตา,1B,ทวีปยุโรป,623502.0,8660.0
2025-12,2025,12,4,331,AM,อาร์เมเนีย,1A,ทวีปเอเชีย,0.0,0.0
2025-12,2025,12,4,338,HR,โครเอเชีย,1B,ทวีปยุโรป,731655.0,14858.0
2025-12,2025,12,4,313,BE,เบลเยียม,1B,ทวีปยุโรป,0.0,0.0
2025-12,2025,12,4,357,EE,เอสโตเนีย,1B,ทวีปยุโรป,4821.0,61.0
2025-12,2025,12,4,280,LK,ศรีลังกา,1A,ทวีปเอเชีย,0.0,0.0
2025-12,2025,12,4,563,RS,เซอร์เบีย,1B,ทวีปยุโรป,73336.0,880.0
2025-12,2025,12,4,281,MV,มัลดีฟส์,1A,ทวีปเอเชีย,182962.0,4610.0
2025-12,2025,12,4,360,IS,ไอซ์แลนด์,1B,ทวีปยุโรป,167959.0,2183.0
2025-12,2025,12,4,486,FJ,ฟิจิ,1F,ทวีปออสเตรเลีย,216781.0,3736.0
2025-12,2025,12,4,389,HN,ฮอนดูรัส,1C,ทวีปอเมริกาเหนือ,0.0,0.0
2025-12,2025,12,4,282,NP,เนปาล,1A,ทวีปเอเชีย,324450.0,376.0
2025-12,2025,12,4,333,BG,บัลแกเรีย,1B,ทวีปยุโรป,178881.0,1207.0
2025-12,2025,12,4,342,MD,มอลโดวา,1B,ทวีปยุโรป,0.0,0.0
2025-12,2025,12,4,401,TT,ตรินิแดดและโตเบโก,1C,ทวีปอเมริกาเหนือ,136338.0,1109.0
2025-12,2025,12,4,377,BB,บาร์เบโดส,1C,ทวีปอเมริกาเหนือ,0.0,0.0
2025-12,2025,12,4,297,SY,ซีเรีย,1A,ทวีปเอเชีย,0.0,0.0
2025-12,2025,12,4,411,CO,โคลอมเบีย,1D,ทวีปอเมริกาใต้,165731.0,1507.0
2025-12,2025,12,4,346,SI,สโลวีเนีย,1B,ทวีปยุโรป,920459.0,7159.0
2025-12,2025,12,4,504,TO,ตองกา,1F,ทวีปออสเตรเลีย,180218.0,1701.0
2025-12,2025,12,4,451,LY,ลิเบีย,1E,ทวีปแอฟริกา,272837.0,7200.0
2025-12,2025,12,4,407,AR,อาร์เจนตินา,1D,ทวีปอเมริกาใต้,0.0,0.0
2025-12,2025,12,4,330,AL,แอลเบเนีย,1B,ทวีปยุโรป,470000.0,432.0
2025-12,2025,12,4,469,SN,เซเนกัล,1E,ทวีปแอฟริกา,0.0,0.0
2025-12,2025,12,4,453,MG,มาดากัสการ์,1E,ทวีปแอฟริกา,0.0,0.0
2025-12,2025,12,4,419,PY,ปารากวัย,1D,ทวีปอเมริกาใต้,0.0,0.0
2025-12,2025,12,4,387,GP,กวาเดอลูป,1C,ทวีปอเมริกาเหนือ,0.0,0.0
2025-12,2025,12,4,395,MQ,มาร์ตินีก,1C,ทวีปอเมริกาเหนือ,0.0,0.0
2025-12,2025,12,4,381,CR,คอสตาริกา,1C,ทวีปอเมริกาเหนือ,0.0,0.0
2025-12,2025,12,4,447,KE,เคนยา,1E,ทวีปแอฟริกา,113795.0,950.0
2025-12,2025,12,4,493,NC,นิวแคลีโดเนีย,1F,ทวีปออสเตรเลีย,104274.0,801.0
2025-12,2025,12,4,414,GF,เฟรนช์เกียนา,1D,ทวีปอเมริกาใต้,95121.0,1422.0
2025-12,2025,12,4,489,GU,กวม,1F,ทวีปออสเตรเลีย,3670.0,37.0
2025-12,2025,12,4,498,PF,เฟรนช์โปลีนีเซีย,1F,ทวีปออสเตรเลีย,37124.0,324.0
2025-12,2025,12,4,417,PE,เปรู,1D,ทวีปอเมริกาใต้,0.0,0.0
2025-12,2025,12,4,499,PG,ปาปัวนิวกินี,1F,ทวีปออสเตรเลีย,0.0,0.0
2025-12,2025,12,4,475,TN,ตูนิเซีย,1E,ทวีปแอฟริกา,0.0,0.0
2025-12,2025,12,4,397,PA,ปานามา,1C,ทวีปอเมริกาเหนือ,0.0,0.0
2025-12,2025,12,4,492,MP,เกาะมาเรียนาเหนือ,1F,ทวีปออสเตรเลีย,0.0,0.0
2025-12,2025,12,4,526,WF,หมู่เกาะวาลลิสและฟุตูนา,1F,ทวีปออสเตรเลีย,0.0,0.0
2025-12,2025,12,4,290,IR,อิหร่าน,1A,ทวีปเอเชีย,0.0,0.0
2025-12,2025,12,4,458,MZ,โมซัมบิก,1E,ทวีปแอฟริกา,0.0,0.0
2025-12,2025,12,4,502,SB,โซโลมอน,1F,ทวีปออสเตรเลีย,0.0,0.0
2025-12,2025,12,4,530,YT,มายอต,1E,ทวีปแอฟริกา,0.0,0.0
2025-12,2025,12,4,505,VU,วานูอาตู,1F,ทวีปออสเตรเลีย,0.0,0.0
2025-12,2025,12,4,501,PW,ปาลัว,1F,ทวีปออสเตรเลีย,0.0,0.0
2025-12,2025,12,4,361,LI,ลิกเตนสไตน์,1B,ทวีปยุโรป,0.0,0.0
2025-12,2025,12,4,461,NG,ไนจีเรีย,1E,ทวีปแอฟริกา,31549.0,532.0
2025-12,2025,12,4,308,MO,มาเก๊า,1A,ทวีปเอเชีย,0.0,0.0
2025-12,2025,12,4,421,UY,อุรุกวัย,1D,ทวีปอเมริกาใต้,0.0,0.0
2025-12,2025,12,4,362,LT,ลิทัวเนีย,1B,ทวีปยุโรป,0.0,0.0
2025-12,2025,12,4,443,GN,กินี,1E,ทวีปแอฟริกา,0.0,0.0
2025-12,2025,12,4,278,BT,ภูฎาน,1A,ทวีปเอเชีย,8560.0,108.0
2025-12,2025,12,4,441,GH,กานา,1E,ทวีปแอฟริกา,0.0,0.0
2025-12,2025,12,4,476,TZ,แทนซาเนีย,1E,ทวีปแอฟริกา,0.0,0.0
2025-12,2025,12,4,358,FO,หมู่เกาะแฟโร (เดนมาร์ก),1B,ทวีปยุโรป,0.0,0.0
2025-12,2025,12,4,506,WS,ซามัวตะวันตก,1F,ทวีปออสเตรเลีย,0.0,0.0
2025-12,2025,12,4,484,CK,หมู่เกาะดุก,1F,ทวีปออสเตรเลีย,0.0,0.0
2025-12,2025,12,4,465,SC,เซเชลส์,1E,ทวีปแอฟริกา,0.0,0.0
2025-12,2025,12,4,431,CI,โกตดิวัวร์,1E,ทวีปแอฟริกา,1810.0,20.0
2026-01,2026,1,1,325,NL,เนเธอร์แลนด์,1B,ทวีปยุโรป,67555563.0,878109.0
2026-01,2026,1,1,271,MY,มาเลเซีย,1A,ทวีปเอเชีย,45857715.0,725434.0
2026-01,2026,1,1,373,US,สหรัฐอเมริกา,1C,ทวีปอเมริกาเหนือ,41122622.0,671172.0
2026-01,2026,1,1,315,DE,เยอรมนี,1B,ทวีปยุโรป,37379559.0,531116.0
2026-01,2026,1,1,320,GB,สหราชอาณาจักร,1B,ทวีปยุโรป,35685686.0,457614.0
2026-01,2026,1,1,345,RU,รัสเซีย,1B,ทวีปยุโรป,35230444.0,745385.0
2026-01,2026,1,1,319,FR,ฝรั่งเศส,1B,ทวีปยุโรป,27722586.0,606656.0
2026-01,2026,1,1,371,CA,แคนาดา,1C,ทวีปอเมริกาเหนือ,23748279.0,427793.0
2026-01,2026,1,1,306,KR,เกาหลีใต้,1A,ทวีปเอเชีย,19691119.0,360600.0
2026-01,2026,1,1,269,LA,สปป. ลาว,1A,ทวีปเอเชีย,19681260.0,587531.0
2026-01,2026,1,1,483,AU,ออสเตรเลีย,1F,ทวีปออสเตรเลีย,16918353.0,257985.0
2026-01,2026,1,1,327,SE,สวีเดน,1B,ทวีปยุโรป,14995162.0,281714.0
2026-01,2026,1,1,304,JP,ญี่ปุ่น,1A,ทวีปเอเชีย,9982960.0,124718.0
2026-01,2026,1,1,288,IL,อิสราเอล,1A,ทวีปเอเชีย,9840936.0,243682.0
2026-01,2026,1,1,279,IN,อินเดีย,1A,ทวีปเอเชีย,8755629.0,109292.0
2026-01,2026,1,1,273,SG,สิงคโปร์,1A,ทวีปเอเชีย,8578897.0,146197.0
2026-01,2026,1,1,323,IT,อิตาลี,1B,ทวีปยุโรป,7697077.0,115671.0
2026-01,2026,1,1,302,CN,จีน,1A,ทวีปเอเชีย,7391129.0,129059.0
2026-01,2026,1,1,298,TR,ตุรกี,1A,ทวีปเอเชีย,6420153.0,87246.0
2026-01,2026,1,1,272,PH,ฟิลิปปินส์,1A,ทวีปเอเชีย,5400454.0,63161.0
2026-01,2026,1,1,312,AT,ออสเตรีย,1B,ทวีปยุโรป,4887493.0,86335.0
2026-01,2026,1,1,274,VN,เวียดนาม,1A,ทวีปเอเชีย,4046439.0,54043.0
2026-01,2026,1,1,285,AE,สหรัฐอาหรับเอมิเรตส์,1A,ทวีปเอเชีย,3922926.0,52351.0
2026-01,2026,1,1,437,EG,อียิปต์,1E,ทวีปแอฟริกา,3480156.0,69223.0
2026-01,2026,1,1,497,NZ,นิวซีแลนด์,1F,ทวีปออสเตรเลีย,3139539.0,40041.0
2026-01,2026,1,1,343,PL,โปแลนด์,1B,ทวีปยุโรป,3115198.0,61851.0
2026-01,2026,1,1,309,TW,ไต้หวัน,1A,ทวีปเอเชีย,3060558.0,50491.0
2026-01,2026,1,1,321,GR,กรีซ,1B,ทวีปยุโรป,2948404.0,80328.0
2026-01,2026,1,1,270,MM,เมียนมา,1A,ทวีปเอเชีย,2815442.0,61970.0
2026-01,2026,1,1,277,BD,บังกลาเทศ,1A,ทวีปเอเชีย,2710663.0,13430.0
2026-01,2026,1,1,317,ES,สเปน,1B,ทวีปยุโรป,2413044.0,46310.0
2026-01,2026,1,1,366,NO,นอร์เวย์,1B,ทวีปยุโรป,2379326.0,57017.0
2026-01,2026,1,1,303,HK,ฮ่องกง,1A,ทวีปเอเชีย,2212742.0,23428.0
2026-01,2026,1,1,351,UA,ยูเครน,1B,ทวีปยุโรป,2187718.0,30540.0
2026-01,2026,1,1,296,SA,ซาอุดีอาระเบีย,1A,ทวีปเอเชีย,2175833.0,44579.0
2026-01,2026,1,1,283,PK,ปากีสถาน,1A,ทวีปเอเชีย,1674051.0,19653.0
2026-01,2026,1,1,268,KH,กัมพูชา,1A,ทวีปเอเชีย,1531445.0,37463.0
2026-01,2026,1,1,316,DK,เดนมาร์ก,1B,ทวีปยุโรป,1304467.0,22281.0
2026-01,2026,1,1,352,UZ,อุซเบกิสถาน,1A,ทวีปเอเชีย,1211880.0,21227.0
2026-01,2026,1,1,478,ZA,แอฟริกาใต้,1E,ทวีปแอฟริกา,1197049.0,14210.0
2026-01,2026,1,1,267,ID,อินโดนีเซีย,1A,ทวีปเอเชีย,1039776.0,13457.0
2026-01,2026,1,1,322,IE,ไอร์แลนด์,1B,ทวีปยุโรป,999868.0,8307.0
2026-01,2026,1,1,318,FI,ฟินแลนด์,1B,ทวีปยุโรป,929782.0,15550.0
2026-01,2026,1,1,342,MD,มอลโดวา,1B,ทวีปยุโรป,862201.0,19481.0
2026-01,2026,1,1,337,GE,จอร์เจีย,1A,ทวีปเอเชีย,807009.0,15719.0
2026-01,2026,1,1,344,RO,โรมาเนีย,1B,ทวีปยุโรป,788926.0,12111.0
2026-01,2026,1,1,420,SR,ซูรินาเม,1D,ทวีปอเมริกาใต้,685910.0,14603.0
2026-01,2026,1,1,332,AZ,อาเซอร์ไบจาน,1A,ทวีปเอเชีย,659480.0,13974.0
2026-01,2026,1,1,295,QA,กาตาร์,1A,ทวีปเอเชีย,598364.0,7249.0
2026-01,2026,1,1,563,RS,เซอร์เบีย,1B,ทวีปยุโรป,559502.0,7908.0
2026-01,2026,1,1,377,BB,บาร์เบโดส,1C,ทวีปอเมริกาเหนือ,548324.0,8755.0
2026-01,2026,1,1,286,BH,บาห์เรน,1A,ทวีปเอเชีย,543464.0,10396.0
2026-01,2026,1,1,307,MN,มองโกเลีย,1A,ทวีปเอเชีย,540025.0,7635.0
2026-01,2026,1,1,293,LB,เลบานอน,1A,ทวีปเอเชีย,511480.0,7611.0
2026-01,2026,1,1,411,CO,โคลอมเบีย,1D,ทวีปอเมริกาใต้,424543.0,4274.0
2026-01,2026,1,1,360,IS,ไอซ์แลนด์,1B,ทวีปยุโรป,349555.0,2799.0
2026-01,2026,1,1,291,JO,จอร์แดน,1A,ทวีปเอเชีย,275184.0,2772.0
2026-01,2026,1,1,287,CY,ไซปรัส,1A,ทวีปเอเชีย,272186.0,3734.0
2026-01,2026,1,1,498,PF,เฟรนช์โปลีนีเซีย,1F,ทวีปออสเตรเลีย,269686.0,6120.0
2026-01,2026,1,1,266,BN,บรูไน,1A,ทวีปเอเชีย,257284.0,2074.0
2026-01,2026,1,1,453,MG,มาดากัสการ์,1E,ทวีปแอฟริกา,209478.0,4091.0
2026-01,2026,1,1,475,TN,ตูนิเซีย,1E,ทวีปแอฟริกา,207934.0,1382.0
2026-01,2026,1,1,326,PT,โปรตุเกส,1B,ทวีปยุโรป,191813.0,2502.0
2026-01,2026,1,1,292,KW,คูเวต,1A,ทวีปเอเชีย,185100.0,2656.0
2026-01,2026,1,1,409,BR,บราซิล,1D,ทวีปอเมริกาใต้,177338.0,2967.0
2026-01,2026,1,1,372,MX,เม็กซิโก,1C,ทวีปอเมริกาเหนือ,163216.0,2466.0
2026-01,2026,1,1,313,BE,เบลเยียม,1B,ทวีปยุโรป,139782.0,1350.0
2026-01,2026,1,1,282,NP,เนปาล,1A,ทวีปเอเชีย,138000.0,130.0
2026-01,2026,1,1,389,HN,ฮอนดูรัส,1C,ทวีปอเมริกาเหนือ,86553.0,1304.0
2026-01,2026,1,1,489,GU,กวม,1F,ทวีปออสเตรเลีย,59267.0,1224.0
2026-01,2026,1,1,492,MP,เกาะมาเรียนาเหนือ,1F,ทวีปออสเตรเลีย,57932.0,1178.0
2026-01,2026,1,1,356,CH,สวิตเซอร์แลนด์,1B,ทวีปยุโรป,39267.0,224.0
2026-01,2026,1,1,493,NC,นิวแคลีโดเนีย,1F,ทวีปออสเตรเลีย,38596.0,436.0
2026-01,2026,1,1,463,RE,เรอูนียง,1E,ทวีปแอฟริกา,30410.0,132.0
2026-01,2026,1,1,362,LT,ลิทัวเนีย,1B,ทวีปยุโรป,24462.0,387.0
2026-01,2026,1,1,447,KE,เคนยา,1E,ทวีปแอฟริกา,24229.0,270.0
2026-01,2026,1,1,505,VU,วานูอาตู,1F,ทวีปออสเตรเลีย,21867.0,238.0
2026-01,2026,1,1,308,MO,มาเก๊า,1A,ทวีปเอเชีย,11000.0,110.0
2026-01,2026,1,1,281,MV,มัลดีฟส์,1A,ทวีปเอเชีย,7470.0,48.0
2026-01,2026,1,1,461,NG,ไนจีเรีย,1E,ทวีปแอฟริกา,5319.0,480.0
2026-01,2026,1,1,294,OM,โอมาน,1A,ทวีปเอเชีย,4700.0,25.0
2026-01,2026,1,1,333,BG,บัลแกเรีย,1B,ทวีปยุโรป,3600.0,42.0
2026-01,2026,1,1,280,LK,ศรีลังกา,1A,ทวีปเอเชีย,93.0,2.0
2026-02,2026,2,1,325,NL,เนเธอร์แลนด์,1B,ทวีปยุโรป,51801757.0,718752.0
2026-02,2026,2,1,320,GB,สหราชอาณาจักร,1B,ทวีปยุโรป,51406263.0,659456.0
2026-02,2026,2,1,345,RU,รัสเซีย,1B,ทวีปยุโรป,50116994.0,933351.0
2026-02,2026,2,1,315,DE,เยอรมนี,1B,ทวีปยุโรป,43610792.0,519759.0
2026-02,2026,2,1,271,MY,มาเลเซีย,1A,ทวีปเอเชีย,34228943.0,526537.0
2026-02,2026,2,1,373,US,สหรัฐอเมริกา,1C,ทวีปอเมริกาเหนือ,38372835.0,505090.0
2026-02,2026,2,1,319,FR,ฝรั่งเศส,1B,ทวีปยุโรป,28513576.0,541793.0
2026-02,2026,2,1,371,CA,แคนาดา,1C,ทวีปอเมริกาเหนือ,24681052.0,476137.0
2026-02,2026,2,1,269,LA,สปป. ลาว,1A,ทวีปเอเชีย,17908566.0,511053.0
2026-02,2026,2,1,306,KR,เกาหลีใต้,1A,ทวีปเอเชีย,15976134.0,283885.0
2026-02,2026,2,1,483,AU,ออสเตรเลีย,1F,ทวีปออสเตรเลีย,18375389.0,318581.0
2026-02,2026,2,1,304,JP,ญี่ปุ่น,1A,ทวีปเอเชีย,11863569.0,140189.0
2026-02,2026,2,1,327,SE,สวีเดน,1B,ทวีปยุโรป,5936704.0,72445.0
2026-02,2026,2,1,302,CN,จีน,1A,ทวีปเอเชีย,12944581.0,205891.0
2026-02,2026,2,1,288,IL,อิสราเอล,1A,ทวีปเอเชีย,8893128.0,212657.0
2026-02,2026,2,1,273,SG,สิงคโปร์,1A,ทวีปเอเชีย,9061186.0,157966.0
2026-02,2026,2,1,279,IN,อินเดีย,1A,ทวีปเอเชีย,8729522.0,139370.0
2026-02,2026,2,1,272,PH,ฟิลิปปินส์,1A,ทวีปเอเชีย,10940229.0,128797.0
2026-02,2026,2,1,323,IT,อิตาลี,1B,ทวีปยุโรป,6989721.0,116699.0
2026-02,2026,2,1,298,TR,ตุรกี,1A,ทวีปเอเชีย,6763327.0,94959.0
2026-02,2026,2,1,343,PL,โปแลนด์,1B,ทวีปยุโรป,8508663.0,136904.0
2026-02,2026,2,1,270,MM,เมียนมา,1A,ทวีปเอเชีย,8704674.0,108248.0
2026-02,2026,2,1,296,SA,ซาอุดีอาระเบีย,1A,ทวีปเอเชีย,5721566.0,105590.0
2026-02,2026,2,1,316,DK,เดนมาร์ก,1B,ทวีปยุโรป,6519254.0,92403.0
2026-02,2026,2,1,285,AE,สหรัฐอาหรับเอมิเรตส์,1A,ทวีปเอเชีย,3693894.0,34597.0
2026-02,2026,2,1,317,ES,สเปน,1B,ทวีปยุโรป,4805148.0,72164.0
2026-02,2026,2,1,274,VN,เวียดนาม,1A,ทวีปเอเชีย,2865583.0,47790.0
2026-02,2026,2,1,497,NZ,นิวซีแลนด์,1F,ทวีปออสเตรเลีย,3602965.0,52412.0
2026-02,2026,2,1,321,GR,กรีซ,1B,ทวีปยุโรป,3090541.0,40480.0
2026-02,2026,2,1,309,TW,ไต้หวัน,1A,ทวีปเอเชีย,2798933.0,58126.0
2026-02,2026,2,1,312,AT,ออสเตรีย,1B,ทวีปยุโรป,735187.0,10940.0
2026-02,2026,2,1,437,EG,อียิปต์,1E,ทวีปแอฟริกา,1349308.0,22637.0
2026-02,2026,2,1,277,BD,บังกลาเทศ,1A,ทวีปเอเชีย,1171289.0,25118.0
2026-02,2026,2,1,351,UA,ยูเครน,1B,ทวีปยุโรป,1573840.0,22962.0
2026-02,2026,2,1,352,UZ,อุซเบกิสถาน,1A,ทวีปเอเชีย,2345736.0,56184.0
2026-02,2026,2,1,267,ID,อินโดนีเซีย,1A,ทวีปเอเชีย,2417329.0,43482.0
2026-02,2026,2,1,366,NO,นอร์เวย์,1B,ทวีปยุโรป,1076351.0,15700.0
2026-02,2026,2,1,337,GE,จอร์เจีย,1A,ทวีปเอเชีย,2638720.0,57250.0
2026-02,2026,2,1,303,HK,ฮ่องกง,1A,ทวีปเอเชีย,1209663.0,16532.0
2026-02,2026,2,1,318,FI,ฟินแลนด์,1B,ทวีปยุโรป,2365313.0,42512.0
2026-02,2026,2,1,268,KH,กัมพูชา,1A,ทวีปเอเชีย,1744478.0,49742.0
2026-02,2026,2,1,478,ZA,แอฟริกาใต้,1E,ทวีปแอฟริกา,1710039.0,18667.0
2026-02,2026,2,1,283,PK,ปากีสถาน,1A,ทวีปเอเชีย,1056070.0,1998.0
2026-02,2026,2,1,341,KZ,คาซัคสถาน,1A,ทวีปเอเชีย,1985663.0,47688.0
2026-02,2026,2,1,322,IE,ไอร์แลนด์,1B,ทวีปยุโรป,669039.0,10870.0
2026-02,2026,2,1,336,CZ,สาธารณรัฐเช็ก,1B,ทวีปยุโรป,1604068.0,27901.0
2026-02,2026,2,1,307,MN,มองโกเลีย,1A,ทวีปเอเชีย,967134.0,17604.0
2026-02,2026,2,1,330,AL,แอลเบเนีย,1B,ทวีปยุโรป,1373450.0,9451.0
2026-02,2026,2,1,295,QA,กาตาร์,1A,ทวีปเอเชีย,692659.0,11749.0
2026-02,2026,2,1,420,SR,ซูรินาเม,1D,ทวีปอเมริกาใต้,526591.0,8736.0
2026-02,2026,2,1,332,AZ,อาเซอร์ไบจาน,1A,ทวีปเอเชีย,536127.0,11997.0
2026-02,2026,2,1,347,SK,สโลวาเกีย,1B,ทวีปยุโรป,1183469.0,26502.0
2026-02,2026,2,1,363,LV,ลัตเวีย,1B,ทวีปยุโรป,1175407.0,15228.0
2026-02,2026,2,1,372,MX,เม็กซิโก,1C,ทวีปอเมริกาเหนือ,1004332.0,18360.0
2026-02,2026,2,1,289,IQ,อิรัก,1A,ทวีปเอเชีย,1080736.0,18080.0
2026-02,2026,2,1,292,KW,คูเวต,1A,ทวีปเอเชีย,887072.0,10371.0
2026-02,2026,2,1,291,JO,จอร์แดน,1A,ทวีปเอเชีย,765822.0,14645.0
2026-02,2026,2,1,326,PT,โปรตุเกส,1B,ทวีปยุโรป,810905.0,19440.0
2026-02,2026,2,1,360,IS,ไอซ์แลนด์,1B,ทวีปยุโรป,595315.0,8425.0
2026-02,2026,2,1,342,MD,มอลโดวา,1B,ทวีปยุโรป,0.0,0.0
2026-02,2026,2,1,287,CY,ไซปรัส,1A,ทวีปเอเชีย,589696.0,9110.0
2026-02,2026,2,1,344,RO,โรมาเนีย,1B,ทวีปยุโรป,0.0,0.0
2026-02,2026,2,1,293,LB,เลบานอน,1A,ทวีปเอเชีย,77672.0,636.0
2026-02,2026,2,1,563,RS,เซอร์เบีย,1B,ทวีปยุโรป,0.0,0.0
2026-02,2026,2,1,286,BH,บาห์เรน,1A,ทวีปเอเชีย,12282.0,198.0
2026-02,2026,2,1,266,BN,บรูไน,1A,ทวีปเอเชีย,297209.0,6805.0
2026-02,2026,2,1,377,BB,บาร์เบโดส,1C,ทวีปอเมริกาเหนือ,0.0,0.0
2026-02,2026,2,1,395,MQ,มาร์ตินีก,1C,ทวีปอเมริกาเหนือ,504556.0,10160.0
2026-02,2026,2,1,411,CO,โคลอมเบีย,1D,ทวีปอเมริกาใต้,0.0,0.0
2026-02,2026,2,1,282,NP,เนปาล,1A,ทวีปเอเชีย,262822.0,6957.0
2026-02,2026,2,1,456,MU,มอริเชียส,1E,ทวีปแอฟริกา,397325.0,5798.0
2026-02,2026,2,1,294,OM,โอมาน,1A,ทวีปเอเชีย,294917.0,4690.0
2026-02,2026,2,1,280,LK,ศรีลังกา,1A,ทวีปเอเชีย,295500.0,2828.0
2026-02,2026,2,1,356,CH,สวิตเซอร์แลนด์,1B,ทวีปยุโรป,247569.0,4080.0
2026-02,2026,2,1,384,DO,สาธารณรัฐโดมินิกัน,1C,ทวีปอเมริกาเหนือ,273693.0,4941.0
2026-02,2026,2,1,498,PF,เฟรนช์โปลีนีเซีย,1F,ทวีปออสเตรเลีย,0.0,0.0
2026-02,2026,2,1,463,RE,เรอูนียง,1E,ทวีปแอฟริกา,236358.0,2451.0
2026-02,2026,2,1,452,MA,โมร็อกโก,1E,ทวีปแอฟริกา,259080.0,4108.0
2026-02,2026,2,1,453,MG,มาดากัสการ์,1E,ทวีปแอฟริกา,0.0,0.0
2026-02,2026,2,1,475,TN,ตูนิเซีย,1E,ทวีปแอฟริกา,0.0,0.0
2026-02,2026,2,1,409,BR,บราซิล,1D,ทวีปอเมริกาใต้,0.0,0.0
2026-02,2026,2,1,365,MT,มอลตา,1B,ทวีปยุโรป,149405.0,1272.0
2026-02,2026,2,1,410,CL,ชิลี,1D,ทวีปอเมริกาใต้,148170.0,1932.0
2026-02,2026,2,1,313,BE,เบลเยียม,1B,ทวีปยุโรป,0.0,0.0
2026-02,2026,2,1,281,MV,มัลดีฟส์,1A,ทวีปเอเชีย,111196.0,2308.0
2026-02,2026,2,1,414,GF,เฟรนช์เกียนา,1D,ทวีปอเมริกาใต้,98653.0,1570.0
2026-02,2026,2,1,389,HN,ฮอนดูรัส,1C,ทวีปอเมริกาเหนือ,0.0,0.0
2026-02,2026,2,1,489,GU,กวม,1F,ทวีปออสเตรเลีย,20924.0,180.0
2026-02,2026,2,1,502,SB,โซโลมอน,1F,ทวีปออสเตรเลีย,60061.0,507.0
2026-02,2026,2,1,492,MP,เกาะมาเรียนาเหนือ,1F,ทวีปออสเตรเลีย,0.0,0.0
2026-02,2026,2,1,290,IR,อิหร่าน,1A,ทวีปเอเชีย,45536.0,780.0
2026-02,2026,2,1,493,NC,นิวแคลีโดเนีย,1F,ทวีปออสเตรเลีย,0.0,0.0
2026-02,2026,2,1,308,MO,มาเก๊า,1A,ทวีปเอเชีย,21000.0,210.0
2026-02,2026,2,1,362,LT,ลิทัวเนีย,1B,ทวีปยุโรป,0.0,0.0
2026-02,2026,2,1,447,KE,เคนยา,1E,ทวีปแอฟริกา,0.0,0.0
2026-02,2026,2,1,505,VU,วานูอาตู,1F,ทวีปออสเตรเลีย,279.0,2.0
2026-02,2026,2,1,458,MZ,โมซัมบิก,1E,ทวีปแอฟริกา,9299.0,240.0
2026-02,2026,2,1,461,NG,ไนจีเรีย,1E,ทวีปแอฟริกา,0.0,0.0
2026-02,2026,2,1,333,BG,บัลแกเรีย,1B,ทวีปยุโรป,0.0,0.0
2026-02,2026,2,1,278,BT,ภูฎาน,1A,ทวีปเอเชีย,1720.0,47.0
2026-02,2026,2,1,339,HU,ฮังการี,1B,ทวีปยุโรป,139.0,3.0
2026-03,2026,3,1,325,NL,เนเธอร์แลนด์,1B,ทวีปยุโรป,55067693.0,688933.0
2026-03,2026,3,1,315,DE,เยอรมนี,1B,ทวีปยุโรป,64103434.0,698325.0
2026-03,2026,3,1,320,GB,สหราชอาณาจักร,1B,ทวีปยุโรป,49533751.0,685857.0
2026-03,2026,3,1,271,MY,มาเลเซีย,1A,ทวีปเอเชีย,51672533.0,815587.0
2026-03,2026,3,1,373,US,สหรัฐอเมริกา,1C,ทวีปอเมริกาเหนือ,43352407.0,597092.0
2026-03,2026,3,1,345,RU,รัสเซีย,1B,ทวีปยุโรป,35424075.0,741570.0
2026-03,2026,3,1,319,FR,ฝรั่งเศส,1B,ทวีปยุโรป,43190850.0,824535.0
2026-03,2026,3,1,269,LA,สปป. ลาว,1A,ทวีปเอเชีย,24685582.0,711080.0
2026-03,2026,3,1,371,CA,แคนาดา,1C,ทวีปอเมริกาเหนือ,9074105.0,164659.0
2026-03,2026,3,1,483,AU,ออสเตรเลีย,1F,ทวีปออสเตรเลีย,19913767.0,293099.0
2026-03,2026,3,1,306,KR,เกาหลีใต้,1A,ทวีปเอเชีย,17304730.0,301691.0
2026-03,2026,3,1,327,SE,สวีเดน,1B,ทวีปยุโรป,18343148.0,311860.0
2026-03,2026,3,1,304,JP,ญี่ปุ่น,1A,ทวีปเอเชีย,10067859.0,152291.0
2026-03,2026,3,1,302,CN,จีน,1A,ทวีปเอเชีย,11310688.0,216540.0
2026-03,2026,3,1,273,SG,สิงคโปร์,1A,ทวีปเอเชีย,11177335.0,183885.0
2026-03,2026,3,1,279,IN,อินเดีย,1A,ทวีปเอเชีย,10266656.0,159672.0
2026-03,2026,3,1,288,IL,อิสราเอล,1A,ทวีปเอเชีย,6116171.0,129832.0
2026-03,2026,3,1,323,IT,อิตาลี,1B,ทวีปยุโรป,9477713.0,165639.0
2026-03,2026,3,1,272,PH,ฟิลิปปินส์,1A,ทวีปเอเชีย,7107068.0,85075.0
2026-03,2026,3,1,343,PL,โปแลนด์,1B,ทวีปยุโรป,10054601.0,123833.0
2026-03,2026,3,1,270,MM,เมียนมา,1A,ทวีปเอเชีย,8231465.0,109583.0
2026-03,2026,3,1,298,TR,ตุรกี,1A,ทวีปเอเชีย,4087350.0,52977.0
2026-03,2026,3,1,317,ES,สเปน,1B,ทวีปยุโรป,6311922.0,116830.0
2026-03,2026,3,1,312,AT,ออสเตรีย,1B,ทวีปยุโรป,6827105.0,122612.0
2026-03,2026,3,1,274,VN,เวียดนาม,1A,ทวีปเอเชีย,4833156.0,72993.0
2026-03,2026,3,1,497,NZ,นิวซีแลนด์,1F,ทวีปออสเตรเลีย,4194602.0,39184.0
2026-03,2026,3,1,316,DK,เดนมาร์ก,1B,ทวีปยุโรป,2685388.0,38746.0
2026-03,2026,3,1,296,SA,ซาอุดีอาระเบีย,1A,ทวีปเอเชีย,2027961.0,31530.0
2026-03,2026,3,1,321,GR,กรีซ,1B,ทวีปยุโรป,3603702.0,52370.0
2026-03,2026,3,1,268,KH,กัมพูชา,1A,ทวีปเอเชีย,5575634.0,156705.0
2026-03,2026,3,1,309,TW,ไต้หวัน,1A,ทวีปเอเชีย,2048436.0,35659.0
2026-03,2026,3,1,285,AE,สหรัฐอาหรับเอมิเรตส์,1A,ทวีปเอเชีย,288253.0,3653.0
2026-03,2026,3,1,283,PK,ปากีสถาน,1A,ทวีปเอเชีย,4570548.0,41684.0
2026-03,2026,3,1,366,NO,นอร์เวย์,1B,ทวีปยุโรป,3303536.0,35319.0
2026-03,2026,3,1,318,FI,ฟินแลนด์,1B,ทวีปยุโรป,3412872.0,51429.0
2026-03,2026,3,1,437,EG,อียิปต์,1E,ทวีปแอฟริกา,1455020.0,28616.0
2026-03,2026,3,1,478,ZA,แอฟริกาใต้,1E,ทวีปแอฟริกา,2822632.0,31542.0
2026-03,2026,3,1,277,BD,บังกลาเทศ,1A,ทวีปเอเชีย,1845821.0,19235.0
2026-03,2026,3,1,303,HK,ฮ่องกง,1A,ทวีปเอเชีย,1504892.0,15427.0
2026-03,2026,3,1,351,UA,ยูเครน,1B,ทวีปยุโรป,408595.0,5759.0
2026-03,2026,3,1,267,ID,อินโดนีเซีย,1A,ทวีปเอเชีย,494284.0,9996.0
2026-03,2026,3,1,337,GE,จอร์เจีย,1A,ทวีปเอเชีย,188747.0,2584.0
2026-03,2026,3,1,322,IE,ไอร์แลนด์,1B,ทวีปยุโรป,1955467.0,30330.0
2026-03,2026,3,1,352,UZ,อุซเบกิสถาน,1A,ทวีปเอเชีย,0.0,0.0
2026-03,2026,3,1,287,CY,ไซปรัส,1A,ทวีปเอเชีย,2370158.0,47763.0
2026-03,2026,3,1,307,MN,มองโกเลีย,1A,ทวีปเอเชีย,1646787.0,29739.0
2026-03,2026,3,1,336,CZ,สาธารณรัฐเช็ก,1B,ทวีปยุโรป,1394208.0,23203.0
2026-03,2026,3,1,341,KZ,คาซัคสถาน,1A,ทวีปเอเชีย,476554.0,12283.0
2026-03,2026,3,1,372,MX,เม็กซิโก,1C,ทวีปอเมริกาเหนือ,523204.0,8313.0
2026-03,2026,3,1,347,SK,สโลวาเกีย,1B,ทวีปยุโรป,436627.0,7512.0
2026-03,2026,3,1,356,CH,สวิตเซอร์แลนด์,1B,ทวีปยุโรป,1199508.0,13054.0
2026-03,2026,3,1,332,AZ,อาเซอร์ไบจาน,1A,ทวีปเอเชีย,224964.0,3661.0
2026-03,2026,3,1,330,AL,แอลเบเนีย,1B,ทวีปยุโรป,0.0,0.0
2026-03,2026,3,1,295,QA,กาตาร์,1A,ทวีปเอเชีย,0.0,0.0
2026-03,2026,3,1,326,PT,โปรตุเกส,1B,ทวีปยุโรป,276974.0,4287.0
2026-03,2026,3,1,420,SR,ซูรินาเม,1D,ทวีปอเมริกาใต้,0.0,0.0
2026-03,2026,3,1,363,LV,ลัตเวีย,1B,ทวีปยุโรป,0.0,0.0
2026-03,2026,3,1,360,IS,ไอซ์แลนด์,1B,ทวีปยุโรป,185620.0,1620.0
2026-03,2026,3,1,289,IQ,อิรัก,1A,ทวีปเอเชีย,0.0,0.0
2026-03,2026,3,1,292,KW,คูเวต,1A,ทวีปเอเชีย,0.0,0.0
2026-03,2026,3,1,357,EE,เอสโตเนีย,1B,ทวีปยุโรป,1049323.0,7568.0
2026-03,2026,3,1,291,JO,จอร์แดน,1A,ทวีปเอเชีย,0.0,0.0
2026-03,2026,3,1,338,HR,โครเอเชีย,1B,ทวีปยุโรป,973583.0,10837.0
2026-03,2026,3,1,486,FJ,ฟิจิ,1F,ทวีปออสเตรเลีย,892402.0,11203.0
2026-03,2026,3,1,342,MD,มอลโดวา,1B,ทวีปยุโรป,0.0,0.0
2026-03,2026,3,1,411,CO,โคลอมเบีย,1D,ทวีปอเมริกาใต้,405325.0,3767.0
2026-03,2026,3,1,344,RO,โรมาเนีย,1B,ทวีปยุโรป,1100.0,28.0
2026-03,2026,3,1,384,DO,สาธารณรัฐโดมินิกัน,1C,ทวีปอเมริกาเหนือ,507583.0,9144.0
2026-03,2026,3,1,281,MV,มัลดีฟส์,1A,ทวีปเอเชีย,651631.0,10586.0
2026-03,2026,3,1,293,LB,เลบานอน,1A,ทวีปเอเชีย,175113.0,3771.0
2026-03,2026,3,1,286,BH,บาห์เรน,1A,ทวีปเอเชีย,150700.0,1590.0
2026-03,2026,3,1,563,RS,เซอร์เบีย,1B,ทวีปยุโรป,0.0,0.0
2026-03,2026,3,1,266,BN,บรูไน,1A,ทวีปเอเชีย,0.0,0.0
2026-03,2026,3,1,365,MT,มอลตา,1B,ทวีปยุโรป,404469.0,5855.0
2026-03,2026,3,1,377,BB,บาร์เบโดส,1C,ทวีปอเมริกาเหนือ,0.0,0.0
2026-03,2026,3,1,387,GP,กวาเดอลูป,1C,ทวีปอเมริกาเหนือ,535190.0,10524.0
2026-03,2026,3,1,395,MQ,มาร์ตินีก,1C,ทวีปอเมริกาเหนือ,0.0,0.0
2026-03,2026,3,1,407,AR,อาร์เจนตินา,1D,ทวีปอเมริกาใต้,494036.0,4311.0
2026-03,2026,3,1,463,RE,เรอูนียง,1E,ทวีปแอฟริกา,208187.0,2667.0
2026-03,2026,3,1,410,CL,ชิลี,1D,ทวีปอเมริกาใต้,314189.0,2650.0
2026-03,2026,3,1,456,MU,มอริเชียส,1E,ทวีปแอฟริกา,30437.0,477.0
2026-03,2026,3,1,313,BE,เบลเยียม,1B,ทวีปยุโรป,262525.0,4242.0
2026-03,2026,3,1,282,NP,เนปาล,1A,ทวีปเอเชีย,0.0,0.0
2026-03,2026,3,1,498,PF,เฟรนช์โปลีนีเซีย,1F,ทวีปออสเตรเลีย,55975.0,416.0
2026-03,2026,3,1,294,OM,โอมาน,1A,ทวีปเอเชีย,0.0,0.0
2026-03,2026,3,1,280,LK,ศรีลังกา,1A,ทวีปเอเชีย,0.0,0.0
2026-03,2026,3,1,452,MA,โมร็อกโก,1E,ทวีปแอฟริกา,0.0,0.0
2026-03,2026,3,1,453,MG,มาดากัสการ์,1E,ทวีปแอฟริกา,0.0,0.0
2026-03,2026,3,1,475,TN,ตูนิเซีย,1E,ทวีปแอฟริกา,0.0,0.0
2026-03,2026,3,1,409,BR,บราซิล,1D,ทวีปอเมริกาใต้,12830.0,145.0
2026-03,2026,3,1,414,GF,เฟรนช์เกียนา,1D,ทวีปอเมริกาใต้,83670.0,1380.0
2026-03,2026,3,1,447,KE,เคนยา,1E,ทวีปแอฟริกา,120775.0,1214.0
2026-03,2026,3,1,489,GU,กวม,1F,ทวีปออสเตรเลีย,48099.0,320.0
2026-03,2026,3,1,493,NC,นิวแคลีโดเนีย,1F,ทวีปออสเตรเลีย,84257.0,801.0
2026-03,2026,3,1,389,HN,ฮอนดูรัส,1C,ทวีปอเมริกาเหนือ,0.0,0.0
2026-03,2026,3,1,397,PA,ปานามา,1C,ทวีปอเมริกาเหนือ,85788.0,1027.0
2026-03,2026,3,1,502,SB,โซโลมอน,1F,ทวีปออสเตรเลีย,0.0,0.0
2026-03,2026,3,1,492,MP,เกาะมาเรียนาเหนือ,1F,ทวีปออสเตรเลีย,0.0,0.0
2026-03,2026,3,1,290,IR,อิหร่าน,1A,ทวีปเอเชีย,0.0,0.0
2026-03,2026,3,1,401,TT,ตรินิแดดและโตเบโก,1C,ทวีปอเมริกาเหนือ,43196.0,417.0
2026-03,2026,3,1,308,MO,มาเก๊า,1A,ทวีปเอเชีย,0.0,0.0
2026-03,2026,3,1,362,LT,ลิทัวเนีย,1B,ทวีปยุโรป,0.0,0.0
2026-03,2026,3,1,505,VU,วานูอาตู,1F,ทวีปออสเตรเลีย,0.0,0.0
2026-03,2026,3,1,458,MZ,โมซัมบิก,1E,ทวีปแอฟริกา,0.0,0.0
2026-03,2026,3,1,499,PG,ปาปัวนิวกินี,1F,ทวีปออสเตรเลีย,6964.0,44.0
2026-03,2026,3,1,461,NG,ไนจีเรีย,1E,ทวีปแอฟริกา,0.0,0.0
2026-03,2026,3,1,333,BG,บัลแกเรีย,1B,ทวีปยุโรป,0.0,0.0
2026-03,2026,3,1,278,BT,ภูฎาน,1A,ทวีปเอเชีย,0.0,0.0
2026-03,2026,3,1,339,HU,ฮังการี,1B,ทวีปยุโรป,0.0,0.0
2026-04,2026,4,2,325,NL,เนเธอร์แลนด์,1B,ทวีปยุโรป,41575432.0,529314.0
2026-04,2026,4,2,315,DE,เยอรมนี,1B,ทวีปยุโรป,58926012.0,709420.0
2026-04,2026,4,2,373,US,สหรัฐอเมริกา,1C,ทวีปอเมริกาเหนือ,58034654.0,637323.0
2026-04,2026,4,2,320,GB,สหราชอาณาจักร,1B,ทวีปยุโรป,38621564.0,435128.0
2026-04,2026,4,2,271,MY,มาเลเซีย,1A,ทวีปเอเชีย,42813366.0,673579.0
2026-04,2026,4,2,345,RU,รัสเซีย,1B,ทวีปยุโรป,16743321.0,314407.0
2026-04,2026,4,2,319,FR,ฝรั่งเศส,1B,ทวีปยุโรป,18523610.0,378631.0
2026-04,2026,4,2,483,AU,ออสเตรเลีย,1F,ทวีปออสเตรเลีย,25133074.0,402588.0
2026-04,2026,4,2,269,LA,สปป. ลาว,1A,ทวีปเอเชีย,14051747.0,393472.0
2026-04,2026,4,2,371,CA,แคนาดา,1C,ทวีปอเมริกาเหนือ,15999104.0,298460.0
2026-04,2026,4,2,306,KR,เกาหลีใต้,1A,ทวีปเอเชีย,18015580.0,304010.0
2026-04,2026,4,2,327,SE,สวีเดน,1B,ทวีปยุโรป,14070781.0,211648.0
2026-04,2026,4,2,302,CN,จีน,1A,ทวีปเอเชีย,15267604.0,292777.0
2026-04,2026,4,2,304,JP,ญี่ปุ่น,1A,ทวีปเอเชีย,12066616.0,158893.0
2026-04,2026,4,2,273,SG,สิงคโปร์,1A,ทวีปเอเชีย,8263742.0,134221.0
2026-04,2026,4,2,279,IN,อินเดีย,1A,ทวีปเอเชีย,8784718.0,144385.0
2026-04,2026,4,2,288,IL,อิสราเอล,1A,ทวีปเอเชีย,10511312.0,257774.0
2026-04,2026,4,2,272,PH,ฟิลิปปินส์,1A,ทวีปเอเชีย,9345808.0,103557.0
2026-04,2026,4,2,323,IT,อิตาลี,1B,ทวีปยุโรป,7508938.0,143663.0
2026-04,2026,4,2,343,PL,โปแลนด์,1B,ทวีปยุโรป,8283125.0,98111.0
2026-04,2026,4,2,270,MM,เมียนมา,1A,ทวีปเอเชีย,8077261.0,100455.0
2026-04,2026,4,2,298,TR,ตุรกี,1A,ทวีปเอเชีย,10401902.0,145661.0
2026-04,2026,4,2,274,VN,เวียดนาม,1A,ทวีปเอเชีย,7012392.0,90330.0
2026-04,2026,4,2,316,DK,เดนมาร์ก,1B,ทวีปยุโรป,6237104.0,98256.0
2026-04,2026,4,2,312,AT,ออสเตรีย,1B,ทวีปยุโรป,4169079.0,71801.0
2026-04,2026,4,2,317,ES,สเปน,1B,ทวีปยุโรป,2545168.0,32869.0
2026-04,2026,4,2,321,GR,กรีซ,1B,ทวีปยุโรป,6266119.0,100327.0
2026-04,2026,4,2,497,NZ,นิวซีแลนด์,1F,ทวีปออสเตรเลีย,4080807.0,39854.0
2026-04,2026,4,2,296,SA,ซาอุดีอาระเบีย,1A,ทวีปเอเชีย,4195553.0,76328.0
2026-04,2026,4,2,268,KH,กัมพูชา,1A,ทวีปเอเชีย,3373365.0,133762.0
2026-04,2026,4,2,309,TW,ไต้หวัน,1A,ทวีปเอเชีย,4256142.0,69005.0
2026-04,2026,4,2,285,AE,สหรัฐอาหรับเอมิเรตส์,1A,ทวีปเอเชีย,1731207.0,13788.0
2026-04,2026,4,2,277,BD,บังกลาเทศ,1A,ทวีปเอเชีย,3491524.0,28639.0
2026-04,2026,4,2,366,NO,นอร์เวย์,1B,ทวีปยุโรป,2383482.0,34759.0
2026-04,2026,4,2,318,FI,ฟินแลนด์,1B,ทวีปยุโรป,2386418.0,44291.0
2026-04,2026,4,2,478,ZA,แอฟริกาใต้,1E,ทวีปแอฟริกา,2173385.0,25166.0
2026-04,2026,4,2,303,HK,ฮ่องกง,1A,ทวีปเอเชีย,2852782.0,28458.0
2026-04,2026,4,2,283,PK,ปากีสถาน,1A,ทวีปเอเชีย,0.0,0.0
2026-04,2026,4,2,352,UZ,อุซเบกิสถาน,1A,ทวีปเอเชีย,3655515.0,72324.0
2026-04,2026,4,2,437,EG,อียิปต์,1E,ทวีปแอฟริกา,898473.0,19874.0
2026-04,2026,4,2,351,UA,ยูเครน,1B,ทวีปยุโรป,2039357.0,22816.0
2026-04,2026,4,2,337,GE,จอร์เจีย,1A,ทวีปเอเชีย,1394193.0,29330.0
2026-04,2026,4,2,322,IE,ไอร์แลนด์,1B,ทวีปยุโรป,1330860.0,18298.0
2026-04,2026,4,2,267,ID,อินโดนีเซีย,1A,ทวีปเอเชีย,867500.0,15558.0
2026-04,2026,4,2,336,CZ,สาธารณรัฐเช็ก,1B,ทวีปยุโรป,1492617.0,20451.0
2026-04,2026,4,2,356,CH,สวิตเซอร์แลนด์,1B,ทวีปยุโรป,2160300.0,37235.0
2026-04,2026,4,2,287,CY,ไซปรัส,1A,ทวีปเอเชีย,0.0,0.0
2026-04,2026,4,2,307,MN,มองโกเลีย,1A,ทวีปเอเชีย,0.0,0.0
2026-04,2026,4,2,341,KZ,คาซัคสถาน,1A,ทวีปเอเชีย,0.0,0.0
2026-04,2026,4,2,293,LB,เลบานอน,1A,ทวีปเอเชีย,1642077.0,25583.0
2026-04,2026,4,2,291,JO,จอร์แดน,1A,ทวีปเอเชีย,1170676.0,15194.0
2026-04,2026,4,2,363,LV,ลัตเวีย,1B,ทวีปยุโรป,996765.0,13139.0
2026-04,2026,4,2,372,MX,เม็กซิโก,1C,ทวีปอเมริกาเหนือ,299426.0,5142.0
2026-04,2026,4,2,420,SR,ซูรินาเม,1D,ทวีปอเมริกาใต้,549678.0,9968.0
2026-04,2026,4,2,347,SK,สโลวาเกีย,1B,ทวีปยุโรป,0.0,0.0
2026-04,2026,4,2,441,GH,กานา,1E,ทวีปแอฟริกา,1577365.0,11601.0
2026-04,2026,4,2,339,HU,ฮังการี,1B,ทวีปยุโรป,1519670.0,12712.0
2026-04,2026,4,2,326,PT,โปรตุเกส,1B,ทวีปยุโรป,190015.0,2286.0
2026-04,2026,4,2,332,AZ,อาเซอร์ไบจาน,1A,ทวีปเอเชีย,0.0,0.0
2026-04,2026,4,2,330,AL,แอลเบเนีย,1B,ทวีปยุโรป,0.0,0.0
2026-04,2026,4,2,295,QA,กาตาร์,1A,ทวีปเอเชีย,0.0,0.0
2026-04,2026,4,2,419,PY,ปารากวัย,1D,ทวีปอเมริกาใต้,1261924.0,8374.0
2026-04,2026,4,2,451,LY,ลิเบีย,1E,ทวีปแอฟริกา,1260933.0,11308.0
2026-04,2026,4,2,360,IS,ไอซ์แลนด์,1B,ทวีปยุโรป,0.0,0.0
2026-04,2026,4,2,289,IQ,อิรัก,1A,ทวีปเอเชีย,0.0,0.0
2026-04,2026,4,2,409,BR,บราซิล,1D,ทวีปอเมริกาใต้,888613.0,9188.0
2026-04,2026,4,2,292,KW,คูเวต,1A,ทวีปเอเชีย,0.0,0.0
2026-04,2026,4,2,286,BH,บาห์เรน,1A,ทวีปเอเชีย,362937.0,3822.0
2026-04,2026,4,2,357,EE,เอสโตเนีย,1B,ทวีปยุโรป,10225.0,122.0
2026-04,2026,4,2,365,MT,มอลตา,1B,ทวีปยุโรป,468236.0,6753.0
2026-04,2026,4,2,338,HR,โครเอเชีย,1B,ทวีปยุโรป,0.0,0.0
2026-04,2026,4,2,266,BN,บรูไน,1A,ทวีปเอเชีย,387730.0,7878.0
2026-04,2026,4,2,456,MU,มอริเชียส,1E,ทวีปแอฟริกา,472284.0,6772.0
2026-04,2026,4,2,486,FJ,ฟิจิ,1F,ทวีปออสเตรเลีย,0.0,0.0
2026-04,2026,4,2,377,BB,บาร์เบโดส,1C,ทวีปอเมริกาเหนือ,315175.0,6338.0
2026-04,2026,4,2,342,MD,มอลโดวา,1B,ทวีปยุโรป,0.0,0.0
2026-04,2026,4,2,411,CO,โคลอมเบีย,1D,ทวีปอเมริกาใต้,0.0,0.0
2026-04,2026,4,2,344,RO,โรมาเนีย,1B,ทวีปยุโรป,0.0,0.0
2026-04,2026,4,2,280,LK,ศรีลังกา,1A,ทวีปเอเชีย,494340.0,4536.0
2026-04,2026,4,2,384,DO,สาธารณรัฐโดมินิกัน,1C,ทวีปอเมริกาเหนือ,0.0,0.0
2026-04,2026,4,2,281,MV,มัลดีฟส์,1A,ทวีปเอเชีย,1776.0,0.0
2026-04,2026,4,2,331,AM,อาร์เมเนีย,1A,ทวีปเอเชีย,667109.0,12373.0
2026-04,2026,4,2,282,NP,เนปาล,1A,ทวีปเอเชีย,253429.0,5701.0
2026-04,2026,4,2,410,CL,ชิลี,1D,ทวีปอเมริกาใต้,164079.0,1036.0
2026-04,2026,4,2,463,RE,เรอูนียง,1E,ทวีปแอฟริกา,147706.0,1482.0
2026-04,2026,4,2,563,RS,เซอร์เบีย,1B,ทวีปยุโรป,0.0,0.0
2026-04,2026,4,2,387,GP,กวาเดอลูป,1C,ทวีปอเมริกาเหนือ,0.0,0.0
2026-04,2026,4,2,395,MQ,มาร์ตินีก,1C,ทวีปอเมริกาเหนือ,0.0,0.0
2026-04,2026,4,2,407,AR,อาร์เจนตินา,1D,ทวีปอเมริกาใต้,0.0,0.0
2026-04,2026,4,2,453,MG,มาดากัสการ์,1E,ทวีปแอฟริกา,215685.0,3950.0
2026-04,2026,4,2,313,BE,เบลเยียม,1B,ทวีปยุโรป,0.0,0.0
2026-04,2026,4,2,498,PF,เฟรนช์โปลีนีเซีย,1F,ทวีปออสเตรเลีย,0.0,0.0
2026-04,2026,4,2,294,OM,โอมาน,1A,ทวีปเอเชีย,0.0,0.0
2026-04,2026,4,2,475,TN,ตูนิเซีย,1E,ทวีปแอฟริกา,53897.0,649.0
2026-04,2026,4,2,452,MA,โมร็อกโก,1E,ทวีปแอฟริกา,0.0,0.0
2026-04,2026,4,2,414,GF,เฟรนช์เกียนา,1D,ทวีปอเมริกาใต้,48070.0,828.0
2026-04,2026,4,2,397,PA,ปานามา,1C,ทวีปอเมริกาเหนือ,124626.0,924.0
2026-04,2026,4,2,489,GU,กวม,1F,ทวีปออสเตรเลีย,63931.0,304.0
2026-04,2026,4,2,493,NC,นิวแคลีโดเนีย,1F,ทวีปออสเตรเลีย,52602.0,450.0
2026-04,2026,4,2,447,KE,เคนยา,1E,ทวีปแอฟริกา,0.0,0.0
2026-04,2026,4,2,492,MP,เกาะมาเรียนาเหนือ,1F,ทวีปออสเตรเลีย,79631.0,1656.0
2026-04,2026,4,2,461,NG,ไนจีเรีย,1E,ทวีปแอฟริกา,103215.0,1216.0
2026-04,2026,4,2,389,HN,ฮอนดูรัส,1C,ทวีปอเมริกาเหนือ,0.0,0.0
2026-04,2026,4,2,381,CR,คอสตาริกา,1C,ทวีปอเมริกาเหนือ,63262.0,1109.0
2026-04,2026,4,2,502,SB,โซโลมอน,1F,ทวีปออสเตรเลีย,0.0,0.0
2026-04,2026,4,2,290,IR,อิหร่าน,1A,ทวีปเอเชีย,0.0,0.0
2026-04,2026,4,2,308,MO,มาเก๊า,1A,ทวีปเอเชีย,12100.0,121.0
2026-04,2026,4,2,401,TT,ตรินิแดดและโตเบโก,1C,ทวีปอเมริกาเหนือ,0.0,0.0
2026-04,2026,4,2,526,WF,หมู่เกาะวาลลิสและฟุตูนา,1F,ทวีปออสเตรเลีย,38035.0,452.0
2026-04,2026,4,2,362,LT,ลิทัวเนีย,1B,ทวีปยุโรป,0.0,0.0
2026-04,2026,4,2,505,VU,วานูอาตู,1F,ทวีปออสเตรเลีย,0.0,0.0
2026-04,2026,4,2,458,MZ,โมซัมบิก,1E,ทวีปแอฟริกา,0.0,0.0
2026-04,2026,4,2,499,PG,ปาปัวนิวกินี,1F,ทวีปออสเตรเลีย,0.0,0.0
2026-04,2026,4,2,333,BG,บัลแกเรีย,1B,ทวีปยุโรป,0.0,0.0
2026-04,2026,4,2,278,BT,ภูฎาน,1A,ทวีปเอเชีย,0.0,0.0
